:020000040000fa
:08000000c01e04000000000016
:020000040000fa
:10000800041e0000081e00000c1e0000101e000048
:10001800141e0000bc1e0000bc1e0000bc1e000018
:10002800181e00001c1e0000201e0000241e0000d8
:10003800bc1e0000281e00002c1e0000301e000000
:10004800341e0000381e00003c1e0000401e000048
:10005800441e0000481e0000bc1e0000bc1e00001c
:100068004c1e0000501e0000541e0000581e0000c8
:100078005c1e0000bc1e0000bc1e0000bc1e000070
:10008800bc1e0000601e0000641e0000681e000008
:100098006c1e0000701e0000741e0000781e000018
:1000a8007c1e0000801e0000bc1e0000bc1e00005c
:1000b800bc1e0000841e0000881e00008c1e00006c
:1000c800bc1e0000901e0000bc1e0000bc1e0000ec
:1000d800bc1e0000941e0000bc1e0000bc1e0000d8
:1000e800bc1e0000981e00009c1e0000bc1e0000e4
:1000f800bc1e0000bc1e0000bc1e0000bc1e000090
:10010800bc1e0000bc1e0000bc1e0000bc1e00007f
:10011800bc1e0000bc1e0000a01e0000bc1e00008b
:10012800bc1e0000a41e0000a81e0000ac1e00009b
:10013800bc1e0000bc1e0000bc1e0000bc1e00004f
:10014800b01e0000bc1e0000bc1e0000bc1e00004b
:10015800bc1e0000b41e0000bc1e0000bc1e000037
:10016800bc1e0000bc1e0000bc1e0000bc1e00001f
:10017800bc1e0000bc1e0000b81e0000bc1e000013
:10018800bc1e0000bc1e0000bc1e0000bc1e0000ff
:10019800bc1e0000bc1e0000bc1e0000bc1e0000ef
:1001a800bc1e0000bc1e0000bc1e0000bc1e0000df
:1001b800bc1e0000bc1e0000bc1e0000bc1e0000cf
:1001c800bc1e0000bc1e0000bc1e0000bc1e0000bf
:1001d800bc1e0000bc1e0000bc1e0000bc1e0000af
:1001e800bc1e0000bc1e0000bc1e0000bc1e00009f
:0801f800bc1e0000bc1e00004b
:020000040000fa
:04020800882000004a
:020000040000fa
:04020c008820000046
:020000040000fa
:040210008820000042
:020000040000fa
:04021400882000003e
:020000040000fa
:04021800882000003a
:020000040000fa
:04021c008820000036
:020000040000fa
:040220008820000032
:020000040000fa
:04022400882000002e
:020000040000fa
:04022800882000002a
:020000040000fa
:04022c008820000026
:020000040000fa
:040230008820000022
:020000040000fa
:04023400882000001e
:020000040000fa
:04023800882000001a
:020000040000fa
:04023c008820000016
:020000040000fa
:040240008820000012
:020000040000fa
:04024400882000000e
:020000040000fa
:04024800882000000a
:020000040000fa
:04024c008820000006
:020000040000fa
:040250008820000002
:020000040000fa
:0402540088200000fe
:020000040000fa
:0402580088200000fa
:020000040000fa
:04025c0088200000f6
:020000040000fa
:0402600088200000f2
:020000040000fa
:0402640088200000ee
:020000040000fa
:0402680088200000ea
:020000040000fa
:04026c0088200000e6
:020000040000fa
:0402700088200000e2
:020000040000fa
:0402740088200000de
:020000040000fa
:0402780088200000da
:020000040000fa
:04027c0088200000d6
:020000040000fa
:0402800088200000d2
:020000040000fa
:0402840088200000ce
:020000040000fa
:0402880088200000ca
:020000040000fa
:04028c0088200000c6
:020000040000fa
:0402900088200000c2
:020000040000fa
:0402940088200000be
:020000040000fa
:0402980088200000ba
:020000040000fa
:04029c0088200000b6
:020000040000fa
:0402a00088200000b2
:020000040000fa
:0402a40088200000ae
:020000040000fa
:0402a80088200000aa
:020000040000fa
:0402ac0088200000a6
:020000040000fa
:0402b00088200000a2
:020000040000fa
:0402b400882000009e
:020000040000fa
:0402b800882000009a
:020000040000fa
:0402bc008820000096
:020000040000fa
:0402c0008820000092
:020000040000fa
:0402c400882000008e
:020000040000fa
:0402c800882000008a
:020000040000fa
:0402cc008820000086
:020000040000fa
:0402d0008820000082
:020000040000fa
:0402d400882000007e
:020000040000fa
:0402d800882000007a
:020000040000fa
:0402dc008820000076
:020000040000fa
:0402e0008820000072
:020000040000fa
:0402e400882000006e
:020000040000fa
:0402e800882000006a
:020000040000fa
:0402ec008820000066
:020000040000fa
:0402f0008820000062
:020000040000fa
:0402f400882000005e
:020000040000fa
:0402f800882000005a
:020000040000fa
:0402fc008820000056
:020000040000fa
:040300008820000051
:020000040000fa
:04030400882000004d
:020000040000fa
:040308008820000049
:020000040000fa
:04030c008820000045
:020000040000fa
:040310008820000041
:020000040000fa
:04031400882000003d
:020000040000fa
:040318008820000039
:020000040000fa
:04031c008820000035
:020000040000fa
:040320008820000031
:020000040000fa
:04032400882000002d
:020000040000fa
:040328008820000029
:020000040000fa
:04032c008820000025
:020000040000fa
:040330008820000021
:020000040000fa
:04033400882000001d
:020000040000fa
:040338008820000019
:020000040000fa
:04033c008820000015
:020000040000fa
:040340008820000011
:020000040000fa
:04034400882000000d
:020000040000fa
:040348008820000009
:020000040000fa
:04034c008820000005
:020000040000fa
:040350008820000001
:020000040000fa
:0403540088200000fd
:020000040000fa
:0403580088200000f9
:020000040000fa
:04035c0088200000f5
:020000040000fa
:0403600088200000f1
:020000040000fa
:0403640088200000ed
:020000040000fa
:0403680088200000e9
:020000040000fa
:04036c0088200000e5
:020000040000fa
:0403700088200000e1
:020000040000fa
:0403740088200000dd
:020000040000fa
:0403780088200000d9
:020000040000fa
:04037c0088200000d5
:020000040000fa
:0403800088200000d1
:020000040000fa
:103c0000c01e040000000000882004000000000026
:103c1000c81f040000000000da1f040000000000bc
:103c2000d01f040000000000e21f0400000000009c
:103c30008c1f040000000000882004000000000029
:103c4000882004000000000088200400000000001c
:103c5000882004000000000088200400000000000c
:103c600088200400000000008820040000000000fc
:103c700088200400000000008820040000000000ec
:103c800088200400000000008820040000000000dc
:103c900088200400000000008820040000000000cc
:103ca0002020040000000000882004000000000024
:103cb0008820040000000000aa1f0400000000008b
:103cc000882004000000000088200400000000009c
:103cd0008820040000000000ea1f0400000000002b
:103ce000882004000000000088200400000000007c
:103cf000882004000000000088200400000000006c
:103d0000882004000000000088200400000000005b
:103d1000882004000000000088200400000000004b
:103d2000882004000000000088200400000000003b
:103d30008820040000000000422004000000000071
:103d4000882004000000000088200400000000001b
:103d5000882004000000000088200400000000000b
:103d600088200400000000008820040000000000fb
:103d7000642004000000000088200400000000000f
:020000040000fa
:103d80000fa220000e7f22000e018800000000001c
:103d9000000020000000e0000200320000012000ce
:103da0002002880014000700db0007000000e0008c
:103db00003003a0080b32900010020000200370010
:103dc0000000200001002000810f7000010032007f
:103dd00014000700000020000000e0000200320094
:103de0000000020000000000ae8802000000000099
:103df0000040da000000fe004440a900a00c2000b2
:103e00000000e0000300320000002000a001880054
:103e10004440a800000006008a1f78008b1f78002d
:103e20000000060091018800800478000000eb008b
:103e30001a003700e284440032a0b4009905ba00a9
:103e4000e284440032a0b4009906ba00e28444003f
:103e500032a0b4000006eb00476fde00fd07b200a1
:103e6000636ce10003003a00ebff07000000eb0089
:103e70000a003700606ce10004003a00005deb00ce
:103e80008b05e900fdff3e00040037006168e1009a
:103e9000010032000086eb000b00070019c7ba00d2
:103ea0001905ba000e04e00003003a000a00e00021
:103eb000e0ff3a0000000600fe07b2009e01880005
:103ec0008a047800f5ff3700395dba008b05e900f8
:103ed0000c003200295dba008b05e90008003200b1
:103ee0000c00e00003003a00e284440032a0b40079
:103ef000f5ff370019ddba008b05e900faff3a003b
:103f00008904e800e184440032a0b4000000060007
:103f100000000000000000003600f800809fbe0096
:103f2000829fbe00849fbe00869fbe000000fa00f4
:103f3000823e07008400a9000080fa004f03be0003
:103f40004f02be004f01be004f00be003600f90018
:103f5000004006003600f800809fbe00829fbe0031
:103f6000849fbe00869fbe000000fa00783e0700d6
:103f70008680a9000080fa004f03be004f02be00f9
:103f80004f01be004f00be003600f90000400600a1
:103f90003600f8008020a9000000eb00933e0700e7
:103fa0003600f800953e07008040a9001000200070
:103fb0008e3e07003600f8008060a9002000200037
:103fc0008a3e07003600f8008080a90030002000fb
:103fd000863e07003600f800809fbe00829fbe002c
:103fe000849fbe00869fbe000000fa00b0438000a0
:103ff0000000e00002003200b04380000000010039
:10400000b09b2000104078008040e800b09b20006a
:1040100001487800a09b200011c0b300014878003f
:104020008780a9000080fa004f03be004f02be0047
:104030004f01be004f00be003600f90000400600f0
:10404000809fbe000000fa00c0438000e10f5000d6
:1040500001003a007828ef00411080000040200065
:10406000008060000000e00002003200100020002c
:10407000d04388008620a9000080fa004f00be00cf
:1040800000400600809fbe000000fa00e043800070
:10409000e10f500001003a007c28ef00c1108000c1
:1040a00000402000008060000000e00002003200bc
:1040b00010002000f04388008a40a9000080fa0028
:1040c0004f00be00004006003600f800809fbe0092
:1040d000829fbe00849fbe00869fbe003400f80011
:1040e00000002000a00188000000fa00ea2207007a
:1040f0000080fa003400f9004f03be004f02be00fa
:104100004f01be004f00be003600f900004006001f
:104110000040da000000fe0000000500839f6800f8
:104120000100e00002003d0060001000e080180087
:104130000300e00002003d0060011100e081190071
:104140003e0007004f00e00002003b00600010004e
:10415000e0801800000006000001be0022000700f9
:104160000470a70003f0a1006509b1001600320039
:104170000d0035006828e10006003500f0ff2f0033
:10418000f1ff27000300e00013003b0001002800be
:104190000000050000004000818048008502e90021
:1041a000fcff3a0008003700f88f420002003c0094
:1041b0008000eb00000005008100d1000080d300ea
:1041c0008502e800fcff3a000300e00002003b002b
:1041d00060001000e0801800000006004f89de003b
:1041e0008201780027013700c70ade00f107b2001c
:1041f000f50fb20008003200e1cf420002003200a9
:104200000170a00024000500810f70000100320041
:104210000408050044000500810f700002003a0008
:10422000140005008502e9000000400081c048003c
:10423000fcff3b000170a000240005006022b800d4
:10424000060220000000d0008180d2000482d2004b
:104250008582d2000000a0000202520083825a0030
:10426000030031000202420083824a000000a100e4
:104270000603e900f3ff3a0000000600038368002c
:104280000700280007036300470ade000480a1003e
:10429000c71ade000580a100f70f20000720e1000b
:1042a000420032000728e10040003200889fbe0033
:1042b0008a9fbe008c1f7800f107b200f307b2009e
:1042c0000400e000640032000170a0000500e0007e
:1042d000680032000370a00085054200eb07b100c2
:1042e0000204b8000302b8008484440060854a00d8
:1042f000020ab800848444000a854a00030ab80010
:1043000004054500040033000804d0008984d2006d
:104310000a85d2008b05e9006158e1003d003500b7
:10432000021020000901610003082000898161005a
:10433000f70720008783640008867300c84cde00fe
:10434000c853dd00878474004855de000300e00098
:104350000600320082037600040032008904e8007f
:1043600060054d000a88a3000c003a00f70f2000fa
:104370000758e10044003d000a70a100c75ddd0060
:104380000a8575008a007300090078004f067800de
:104390004f05be004f04be00000006000a05d10014
:1043a0008984d3008b05e800f0ff3700881f780070
:1043b0000604780090000700070278000001fd0065
:1043c0008101fd008c0007008702780085037200e0
:1043d0000778a300050032000001fd008101fd0007
:1043e0009f0007004f04780000000600850372005c
:1043f0000748a30003003200f0ff2f00f1ff270061
:10440000f8ff37000000200001f8270088807000c6
:10441000f4ff3700880178004848dd008081710092
:104420004848de00c850dd0001007000c850de00c2
:10443000060478000b0178001600070088807000e1
:10444000d2ff37000500e000050032001700200011
:104450003a0007009dff370081037000f9ff3a0022
:10446000860078004f0678004f05be004f04be005e
:104470000000050083037100f9ff320027002000cf
:104480002e00070094ff370001f827008680700097
:10449000f4ff37000100e000260032006101110046
:1044a0007810e10023003c006022b8007010e100a9
:1044b0000400350080027800010078008000eb00e5
:1044c000700151000200e000090034007003110087
:1044d000062add00822ade008603dd008782720064
:1044e0000200de00860bdd00070070008208de009f
:1044f00084817100f4ff27000482620084817100ce
:1045000004002800848262006102600005f0a600b9
:104510000000060004827100070032000000e8007d
:10452000e0804800000006000002be006000b80005
:10453000efff37006000b80000000600889fbe0053
:104540000004eb006138e10016003a000100e000d1
:1045500008003a00c800de004800dd0088002000a6
:104560000100e00003003a00c800de004800dd0062
:10457000680444008184cf00e984540006003400bc
:104580008908dd00f08314008703de008780700057
:104590000900dd0009044400610214004f04be005c
:1045a000000006000300e00008003a00c811de0029
:1045b0004811dd00880020000300e00003003a00fd
:1045c000c811de004811dd00680444008384cf0078
:1045d000e9845400060034008919dd00f0831400da
:1045e0008713de00878171000911dd000904440092
:1045f000e1021400e9ff37002700200001f0a700c6
:1046000017002000470bde00f60fb2000400320056
:104610000643e8000a0032004702b300000006002b
:1046200001037800f607b2000603700002003a00aa
:104630000703b300000006008702b3000000060075
:1046400001037800f607b200060370000200320092
:104650000770a000000006000760a0000000060030
:104660000478a300040032000578a30003003200a0
:104670000168a30001003a000200be000160a00032
:1046800000000600881f7800030478000300e000a3
:1046900007003d0060001000e08018006001190074
:1046a000e081190002003b0001f02d0003003700fb
:1046b0000400070008f0a70001f0a0004f047800f4
:1046c00000000600889fbe008a9fbe000082700026
:1046d0000402710004827100260032000004be0052
:1046e0000200be006011b8006b0920009502200096
:1046f0000182cf000a0039000541b1000082cf00dd
:10470000070039000541b1000982cf0004003900db
:104710000541b1000882cf00010039000541b10018
:1047200005425200120032000a003b0082817100f3
:10473000610164008100d1000080d3008984d3002e
:104740000884d3008b05e8000442e800f7ff3a0034
:10475000070037000804440089844c00000048002a
:10476000818048008b05e9000442e900f9ff3a0026
:10477000030007004f05be004f04be000000060006
:1047800081002000618055000b003d000b002000df
:1047900061fe2f000100e1001d00340082817100e4
:1047a000610164008904d1000884d3000000e8009e
:1047b000faff3a00710020006100640003007000fd
:1047c000020060000900320061044400e0844c00f3
:1047d0000988a500050032008b05e8006808e100a3
:1047e00002003a008904d1000884d300f20f2000af
:1047f0000258e10005003d00c75ddd00f907b20089
:104800008980750008007800000006000bf827007a
:104810008b0078000000050080017800020037005e
:10482000b15978000201e9000200e000fcff3a0003
:1048300000000600889fbe008a9fbe0080047800aa
:104840000200e0005b00320001407800814c7800fb
:1048500082814400f1f99f00e20f510055003600bb
:1048600091449800a1449800e1f99f00d1f99f007c
:10487000e60f51004f003600b1449800c1f99f0087
:10488000e80f51004b0036000905ea00630565009a
:104890000a8444000a055100c1ff2f00010565008c
:1048a0000080fb008000eb0012102000131020009d
:1048b00044000700008cbe000a01440060b99f005c
:1048c00071b99f00e80f55003a00360020049800a7
:1048d00031049800400498005104980020b99f00ca
:1048e00031b99f0040b99f0051b99f00f80f5500a2
:1048f000300036006004980071049800000c9800a5
:10490000110c9800200c9800310c9800400c980075
:10491000510c980020b19f0031b19f0040b19f0021
:1049200051b19f0060b19f0071b19f0000b99f001d
:1049300011b99f0064016400780141000204440041
:10494000020555006011b8000203be000002be005f
:104950000403be006022b800000072008180720073
:10496000020173008381730010003700009cbe00b9
:104970000294be004004980051049800620498001c
:1049800073049800000c9800110c9800220c9800f9
:10499000330c9800400c9800510c9800620c980061
:1049a000730c98000a02b1000802b000ff0f550016
:1049b000eeff3e00090078004f05be004f04be0028
:1049c00000000600020ab900001bb9000200b8008e
:0c49d0008100420081004300000006004e
:020000040000fa
:1049dc0012010000000200000000000000080000ae
:1049ec00d80400003f00000000010000010200009c
:1049fc000001000009020000290000000101000074
:104a0c0000c0000032090000040000000002000099
:104a1c00030000000000000009210000110100004b
:104a2c0000010000221d00000007000005810000ad
:104a3c000340000000010000070500000103000016
:104a4c004000000001000000040300000904000005
:104a5c00340300004d0000006900000063000000fa
:104a6c00720000006f00000063000000680000008e
:104a7c0069000000700000002000000054000000dd
:104a8c006500000063000000680000006e0000007c
:104a9c006f0000006c0000006f0000006700000059
:104aac007900000020000000490000006e000000aa
:104abc00630000002e0000002e03000053000000d5
:104acc00690000006d000000700000006c00000028
:104adc0065000000200000004800000049000000b4
:104aec0044000000200000004400000065000000ad
:104afc007600000069000000630000006500000003
:104b0c002000000044000000650000006d00000063
:104b1c006f00000006000000ff09000001a100006a
:104b2c0001190000012900004015000000260000ba
:104b3c00ff00000075080000954000008100000097
:104b4c00190100002940000091000000c000000085
:104b5c0000a500002aa500002ea5000062a50000fb
:044b6c0023270000fb
:020000040000fa
:104b70000000fa004100200040002000b82d07008e
:104b800001f0230020002000b52d07008000eb007d
:104b900020002000b22d07008000eb006000200004
:104ba000af2d0700f1f3200060012000ac2d0700bd
:104bb00080c0eb00205028009b2d070080c0eb0038
:104bc000b0502800982d0700f1f32000400120008c
:104bd000a32d0700e1cfb30020512800922d07003c
:104be00080c0eb00405128008f2d070080c0eb00f3
:104bf000505128008c2d070080c0eb006051280028
:104c0000892d070031c0b30000412800862d070020
:104c1000f1c3b30030412800832d070061c0b30009
:104c200000422800802d070011c3b300004f280068
:104c30007d2d070011c0b300404f28007a2d0700da
:104c4000012c210000542800852d07008040eb0036
:104c500000632800742d07003175200010632800c0
:104c60007f2d070021c0b300006728006e2d0700cc
:104c7000012c2100c0a02800792d070011c0b3002d
:104c8000005e2800682d070001102000305e28001b
:104c9000732d07008040eb0000c02800622d070044
:104ca00080c0eb0010c028005f2d070080c0eb0023
:104cb00020c028005c2d070080c0eb0030c0280019
:104cc000592d070080c0eb0040c02800562d07007a
:104cd00080c0eb0050c02800532d070080c0eb00bf
:104ce00060c02800502d07008040eb0070c02800f5
:104cf0004d2d070021c5b30080c028004a2d0700b4
:104d000021c6b30090c02800472d070011c0b30092
:104d1000a0c02800442d07008040eb00b0c0280050
:104d2000412d070011c0b300c0c028003e2d070070
:104d30008040eb00d0c028003b2d07008040eb00f6
:104d4000e0c02800382d07008040eb00f0c02800ac
:104d5000352d0700c1c1b30000c12800322d070066
:104d6000d1c1b30010c128002f2d070011c0b3001e
:104d700020c128002c2d070031c0b30030c128000d
:104d8000292d070001c8b30040c12800262d0700c7
:104d900061c0b30050c12800232d0700a1c0b3009b
:104da00060c12800202d070081c7b30070c1280012
:104db0001d2d0700a1c0b30080c128001a2d0700d7
:104dc000d1c0b30090c12800172d070091ccb300cb
:104dd000a0c12800142d070001cab300b0c12800eb
:104de000112d070071c5b300c0c128000e2d0700aa
:104df00071c4b300d0c128000b2d070081c9b300d6
:104e0000e0c12800082d070071c2b300f0c12800de
:104e1000052d070021c1b30000c22800022d0700a4
:104e200081c4b30010c22800ff2c0700c1c4b30026
:104e300020c22800fc2c07008040eb0030c2280074
:104e4000f92c07008040eb0040c22800f62c070038
:104e50008040eb0050c22800f32c070011c0b300c3
:104e600060c22800f02c070011c0b30070c22800f7
:104e7000ed2c070011c0b30080c22800ea2c070007
:104e800011c0b30090c22800e72c070011c0b30086
:104e9000a0c22800e42c070011c0b300b0c2280053
:104ea000e12c070011c0b300c0c22800de2c0700af
:104eb00011c0b300d0c22800db2c070011c0b30022
:104ec000e0c22800d82c070011c0b300f0c22800af
:104ed000d52c070011c0b30000c32800d22c070056
:104ee00011c0b30010c32800cf2c070011c0b300bd
:104ef00020c32800cc2c070011c0b30030c3280009
:104f0000c92c070011c0b30040c32800c62c0700fd
:104f100011c0b30050c32800c32c0700a1c4b300c4
:104f200060c32800c02c0700a1c1b30070c32800d3
:104f3000bd2c070001cdb30080c32800ba2c0700a8
:104f400001cbb30090c32800b72c070001c2b30007
:104f5000a0c32800b42c07008040eb00b0c3280099
:104f6000b12c0700c1c0b300c0c32800ae2c07009d
:104f700001c5b300d0c32800ab2c0700b1c5b300f6
:104f8000e0c32800a82c070001c2b300f0c328002a
:104f9000a52c070031c6b30000c42800a22c0700ce
:104fa0008040eb0010c428009f2c0700d1c3b30041
:104fb00020c428009c2c0700d1c6b30030c42800b0
:104fc000992c07008040eb0040c42800962c070075
:104fd0008040eb0050c42800932c07008040eb0079
:104fe00060c42800902c070081c1b30070c4280061
:104ff0008d2c0700a1c4b30080c428008a2c0700b0
:10500000a1c1b30090c42800872c070001cdb300d4
:10501000a0c42800842c070001cbb300b0c4280032
:10502000812c070001c2b300c0c428007e2c0700f9
:105030008040eb00d0c428007b2c0700c1c0b30027
:10504000e0c42800782c070001c5b300f0c4280094
:10505000752c0700b1c5b30000c52800722c0700ed
:1050600001c2b30010c528006f2c070031c6b30081
:1050700020c528006c2c07008040eb0030c52800bc
:10508000692c0700d1c3b30040c52800662c070077
:10509000d1c6b30050c52800632c07008040eb0048
:1050a00060c52800602c07008040eb0070c5280018
:1050b0005d2c07008040eb0080c528005a2c0700bb
:1050c00081c1b30090c52800572c07008040eb0039
:1050d000a0c52800542c07008040eb00b0c5280074
:1050e000512c07008040eb00c0c528004e2c070063
:1050f000c1cfb300d0c528004b2c07008040eb0087
:10510000e0c52800482c070031c4b300f0c52800d2
:10511000452c0700f1c4b30000c62800422c07004c
:10512000d1c4b30010c628003f2c070051c3b30000
:1051300020c628003c2c070001c3b30030c628005d
:10514000392c070081c4b30040c62800362c070064
:1051500051c3b30050c62800332c0700e1c4b3008c
:1051600060c62800302c070001c3b30070c62800b9
:105170002d2c070031c3b30080c628002a2c07005d
:1051800051c5b30090c62800272c0700c1c4b30046
:10519000a0c62800242c070031c4b300b0c62800e4
:1051a000212c07008040eb00c0c628001e2c070001
:1051b0008040eb00d0c628001b2c07008040eb008d
:1051c000e0c62800182c0700d1cfb300f0c6280095
:1051d000152c07008040eb0000c72800122c0700a8
:1051e00061c3b30010c728000f2c070021c4b3000f
:1051f00020c728000c2c070051c4b30030c728007a
:10520000092c0700b1c4b30040c72800062c0700d2
:1052100061c0b30050c72800032c07008040eb009a
:1052200060c72800002c0700a1c0b30070c7280089
:10523000fd2b070001c2b30080c72800fa2b07002e
:1052400001c2b30090c72800f72b070001c2b300ca
:10525000a0c72800f42b070001c2b300b0c7280084
:10526000f12b070001c2b300c0c72800ee2b0700d6
:1052700001c2b300d0c72800eb2b070011c0b30058
:10528000e0c72800e82b070001c5b300f0c72800dd
:10529000e52b070021c0b30000c82800e22b07005f
:1052a00031c0b30010c82800df2b0700a1c1b30034
:1052b00020c82800dc2b070001ccb30030c8280030
:1052c000d92b070071c4b30040c82800d62b0700b3
:1052d000d1c7b30050c82800d32b0700d1c7b300f3
:1052e00060c82800d02b0700d1c7b30070c82800c1
:1052f000cd2b0700d1c7b30080c82800ca2b0700f8
:10530000d1c7b30090c82800c72b0700d1c7b3008e
:10531000a0c82800c42b0700d1c7b300b0c828001c
:10532000c12b070031c2b300c0c82800be2b070044
:1053300081c0b300d0c82800bb2b070071c0b300e8
:10534000e0c82800b82b070011c0b300f0c828003f
:10535000b52b070031c8b30000c92800b22b0700e5
:1053600011c0b30010c92800af2b07008040eb002c
:1053700020c92800ac2b07008040eb0030c9280072
:10538000a92b070051c6b30040c92800a62b07006f
:1053900031c0b30050c92800a32b0700c1c0b3001f
:1053a00060c92800a02b07008040eb0070c92800ce
:1053b0009d2b070001c1b30080c928009a2b07006c
:1053c0008040eb0090c92800972b0700a1c4b300d0
:1053d000a0c92800942b0700a1c1b300b0c92800c0
:1053e000912b070001cdb300c0c928008e2b070008
:1053f00001cbb300d0c928008b2b070001c2b3003a
:10540000e0c92800882b07008040eb00f0c9280085
:10541000852b0700c1c0b30000ca2800822b0700fb
:1054200001c5b30010ca28007f2b0700b1c5b30027
:1054300020ca28007c2b070001c2b30030ca280014
:10544000792b070031c6b30040ca2800762b07002d
:105450008040eb0050ca2800732b0700d1c3b30073
:1054600060ca2800702b0700d1c6b30070ca28009c
:105470006d2b07008040eb0080ca28006a2b0700d4
:105480008040eb0090ca2800672b07008040eb00ab
:10549000a0ca2800642b070081c1b300b0ca28004d
:1054a000612b0700a1c4b300c0ca28005e2b07000f
:1054b000a1c1b300d0ca28005b2b070001cdb30007
:1054c000e0ca2800582b070001cbb300f0ca28001f
:1054d000552b070001c2b30000cb2800522b070058
:1054e0008040eb0010cb28004f2b0700c1c0b30059
:1054f00020cb28004c2b070001c5b30030cb28007f
:10550000492b0700b1c5b30040cb2800462b07004c
:1055100001c2b30050cb2800432b070031c6b300b3
:1055200060cb2800402b07008040eb0070cb2800a8
:105530003d2b0700d1c3b30080cb28003a2b0700d6
:10554000d1c6b30090cb2800372b07008040eb007a
:10555000a0cb2800342b07008040eb00b0cb280004
:10556000312b07008040eb00c0cb28002e2b07001a
:1055700081c1b300d0cb28002b2b0700a1c4b300fe
:10558000e0cb2800282b0700a1c1b300f0cb2800f6
:10559000252b070001cdb30000cc2800222b0700eb
:1055a00001cbb30010cc28001f2b070001c2b300b1
:1055b00020cc28001c2b07008040eb0030cc2800ba
:1055c000192b0700c1c0b30040cc2800162b0700e0
:1055d00001c5b30050cc2800132b0700b1c5b300a0
:1055e00060cc2800102b070001c2b30070cc28004b
:1055f0000d2b070031c6b30080cc28000a2b070012
:105600008040eb0090cc2800072b0700d1c3b300eb
:10561000a0cc2800042b0700d1c6b300b0cc2800d2
:10562000012b07008040eb00c0cc2800fe2a0700b9
:105630008040eb00d0cc2800fb2a07008040eb0024
:10564000e0cc2800f82a070081c1b300f0cc280084
:10565000f52a0700a1c4b30000cd2800f22a0700f4
:10566000a1c1b30010cd2800ef2a070001cdb3007f
:1056700020cd2800ec2a070001cbb30030cd280054
:10568000e92a070001c2b30040cd2800e62a07003e
:105690008040eb0050cd2800e32a0700c1c0b300d2
:1056a00060cd2800e02a070001c5b30070cd2800b6
:1056b000dd2a0700b1c5b30080cd2800da2a070033
:1056c00001c2b30090cd2800d72a070031c6b3002d
:1056d000a0cd2800d42a07008040eb00b0cd2800e0
:1056e000d12a0700d1c3b300c0cd2800ce2a0700bd
:1056f000d1c6b300d0cd2800cb2a07008040eb00f4
:10570000e0cd2800c82a07008040eb00f0cd28003b
:10571000c52a07008040eb0000ce2800c22a0700ff
:1057200081c1b30010ce2800bf2a07008040eb00e3
:1057300020ce2800bc2a07008040eb0030ce280095
:10574000b92a07008040eb0040ce2800b62a0700a7
:105750008040eb0050ce2800b32a07008040eb00c9
:1057600060ce2800b02a07008040eb0070ce2800f1
:10577000ad2a07008040eb0080ce2800aa2a07004f
:105780008040eb0090ce2800a72a07008040eb0065
:10579000a0ce2800a42a07008040eb00b0ce28004d
:1057a000a12a07008040eb00c0ce28009e2a0700f7
:1057b0008040eb00d0ce28009b2a07008040eb0001
:1057c000e0ce2800982a07008040eb00f0ce2800a9
:1057d000952a07008040eb0000cf2800922a07009e
:1057e0008040eb0010cf28008f2a07008040eb009c
:1057f00020cf28008c2a07008040eb0030cf280003
:10580000892a07008040eb0040cf2800862a070045
:105810008040eb0050cf2800832a07008040eb0037
:1058200060cf2800802a07008040eb0070cf28005e
:105830007d2a07008040eb0080cf28007a2a0700ed
:105840008040eb0090cf2800772a07008040eb00d3
:10585000a0cf2800742a07008040eb00b0cf2800ba
:10586000712a07008040eb00c0cf28006e2a070095
:105870008040eb00d0cf28006b2a07008040eb006f
:10588000e0cf2800682a070041c3b300f0cf28000a
:10589000652a070021c0b30030542800622a07009f
:1058a00011c1b300405428005f2a07008040eb007c
:1058b000006028005c2a070031cfb3002060280078
:1058c000592a070021c0b30030602800562a07007b
:1058d000c1c0b30040602800532a070051c0b30084
:1058e00060602800502a07008040eb0070602800ac
:1058f0004d2a070021c0b300206528004a2a07006e
:10590000a29b2400c320200010672800672a0700fc
:1059100092082b00131e200050672800632a0700fe
:105920008040eb00006828003f2a07000080fa0052
:10593000000006000200fa0000522800a429070017
:10594000004f780000522800a1290700004f78007e
:10595000005228009e290700004f78009e407800e2
:1059600061cf6000f1d32000600120003c2a0700d5
:105970001100200020002000392a07001e80fb00b3
:105980000080fa00000006000a00fa008000eb0028
:1059900020002000322a0700000a20000100200019
:1059a000f83707004001200094290700000f780015
:1059b000a001200091290700204798002e40900068
:1059c000614060003047980020502800802907007f
:1059d0004047980010c0b30040479800b0502800de
:1059e0007b290700504798000052280078290700bb
:1059f00060479800ee40900010c8b30000c06000ff
:105a000060479800f1f3200060012000142a07008d
:105a100080c0eb0020502800032a070080c0eb0064
:105a2000b0502800002a0700f1f3200040012000b8
:105a30000b2a07003e4090000080fb00c200dd0002
:105a40004e4090000080fb0000004000810070008c
:105a50006e4090000080fb0001007000400798003d
:105a60004e0090000080fa00000006000000fa00de
:105a7000f1d3200060012000f929070011c0b30014
:105a8000a0542800e82907000080fa000000060062
:105a90000000fa0000402b00414c2000b9370700fd
:105aa00041c1200040002000ed2907000120210015
:105ab00020002000ea2907008000eb0020002000e1
:105ac000e729070021c4b30020a02800d629070039
:105ad000120020000300200080102000f32907009e
:105ae0001200200003002000c0102000ef29070052
:105af0001200200003002000002a2000eb290700ec
:105b00003242210003002000c02a2000e7290700bc
:105b100000e82300010020009a370700320020002f
:105b200003002000002a2000e02907004201200095
:105b30000300200080112000dc290700d22b210067
:105b40000300200000122000d82907006011b800cf
:105b500040122000d5290700121020000300200069
:105b600080122000d129070002002000130020002d
:105b700000132000cd2907000200250003002000ab
:105b800040132000c9290700020020001300200054
:105b900080132000c5290700020020001300200008
:105ba000c0132000c12907000200200013002000bc
:105bb00000142000bd29070002002000130020006f
:105bc00040142000b9290700020021000300200032
:105bd00080142000b52907000200200013002000d7
:105be000c0142000b1290700121420000300200077
:105bf00000152000ad29070012002000030020003e
:105c000040152000a9290700820c20000300200075
:105c100080152000a5290700a20220000300200013
:105c200080162000a1290700a22a200003002000de
:105c3000001720009d290700020820000300200013
:105c4000c017200099290700f2002000030020005f
:105c5000c0182000952907005205200003002000ed
:105c600000192000912907006011b800401a200097
:105c70008e2907005201200003002000001c200094
:105c80008a2907006011b8004021200087290700f9
:105c90000208200003002000c02120008329070003
:105ca0006011b80040222000802907002200200057
:105cb00003002000402520007c290700220020004e
:105cc00023012000802520007829070022002000e1
:105cd00053002000c0252000742907003200200056
:105ce00033002000002620007029070082a3240032
:105cf00003002000402620006c29070082002000bd
:105d000003002000802620006829070042002000b0
:105d100053002000c0262000642907000202200052
:105d2000030020000027200060290700f201200066
:105d300003002000402720005c29070012002000fb
:105d4000230020008027200058290700220020007f
:105d500003002000c0272000542907001200200063
:105d600003002000c0112000502907008000eb0034
:105d7000005020003a2907006201200003002000a3
:105d800000112000492907006201200003002000c3
:105d90000031200045290700ca350700910328007b
:105da000405020002e2907004100200040502000d4
:105db0002b29070091fb2f004050200028290700c5
:105dc0003148290040502000252907009103280070
:105dd00040502000222907001101200040502000df
:105de0001f29070011cb2700405020001c29070065
:105df00001402200405020001929070061102000b6
:105e000040502000162907000101210040502000c9
:105e10001329070061e222004050200010290700ea
:105e2000d1d12100405020000d290700712521000b
:105e3000405020000a29070011602e004050200029
:105e400007290700210e20004050200004290700e8
:105e50009103280040502000012907007100200014
:105e600040502000fe280700210b20004050200059
:105e7000fb280700814c200040502000f828070034
:105e80004100200040502000f52807006106200056
:105e900040502000f2280700510020004050200010
:105ea000ef2807000102200040502000ec280700e6
:105eb0005101200040502000e92807006103200024
:105ec00040502000e62807005101200040502000eb
:105ed000e3280700a103270040502000e028070026
:105ee0009103280040502000dd280700f101200028
:105ef00040502000da280700410b200040502000cd
:105f0000d72807004120230040502000d428070054
:105f10000101200040502000d1280700210321006a
:105f200040502000ce2807000120230040502000d0
:105f3000cb2807000181200040502000c82807001e
:105f40007112200040502000c52807003135200084
:105f500040502000c228070071132000405020004c
:105f6000bf2807003115200040502000bc28070042
:105f70000103230040502000b92807001110200021
:105f800040502000b6280700311420004050200067
:105f9000b32807003114200040502000b02807002b
:105fa0001116260040502000ad28070011002000e7
:105fb00040502000aa2807009103280040502000ec
:105fc000a72807005100200040502000a428070007
:105fd000f16b200040502000a12807002100210083
:105fe000405020009e280700410020004050200023
:105ff0009b280700910328004050200098280700a4
:10600000510020004050200095280700710c20000e
:10601000405020009228070001012000405020003d
:106020008f28070001012000405020008c28070025
:1060300091032800405020008928070031002000eb
:106040004050200086280700618c2000405020002e
:10605000832807008100200040502000802807008e
:1060600091032800405020007d28070031002000c7
:10607000405020007a28070001cc2000405020002a
:1060800077280700510120004050200074280700a5
:1060900091032800405020007128070011022000c1
:1060a000405020006e280700510d20004050200075
:1060b0006b2807008000eb00405020006828070094
:1060c00001a020004050200065280700011020009a
:1060d000405020006228070031032000405020007b
:1060e0005f28070001302300405020005c28070093
:1060f00001002100405020005928070021432500bd
:106100004050200056280700610721004050200021
:106110005328070021832800405020005028070002
:1061200081882800405020004d28070081882800e1
:10613000405020004a280700818828004050200055
:106140004728070091992900405020004428070063
:106150009149250040502000412807006187280010
:10616000405020003e2807008108200040502000b9
:106170003b280700910328004050200038280700e2
:10618000010820004050200035280700111c200085
:1061900040502000322807000160200040502000bd
:1061a0002f280700e1602100405020002c28070024
:1061b000e16122004050200029280700e16223000d
:1061c0004050200026280700e163240040502000b2
:1061d00023280700e1642500405020002028070004
:1061e000e1652600405020001d280700e1662700d9
:1061f000405020001a280700e16728004050200086
:1062000017280700e16829004050200014280700e3
:10621000e1692a004050200011280700e16a2b00a4
:10622000405020000e280700e16b2c004050200059
:106230000b280700e16c2d004050200008280700c3
:10624000e16d2e004050200005280700e16e2f0070
:106250004050200002280700e10f2000405020009d
:10626000ff2707008000eb0040502000fc270700bc
:106270008000eb0040502000f92707008000eb0071
:1062800040502000f62707008000eb00405020001f
:10629000f32707000130200040502000f0270700be
:1062a000b130210040502000ed270700b13122001d
:1062b00040502000ea270700b13223004050200060
:1062c000e7270700b133240040502000e4270700ef
:1062d000b134250040502000e1270700b1352600e9
:1062e00040502000de270700b13627004050200034
:1062f000db270700b137280040502000d8270700cf
:10630000b138290040502000d5270700b1392a00b4
:1063100040502000d2270700b13a2b004050200007
:10632000cf270700b13b2c0040502000cc270700ae
:10633000b13c2d0040502000c9270700b13d2e0080
:1063400040502000c6270700b13e2f0040502000db
:10635000c3270700b10f200040502000c0270700ce
:106360008000eb0040502000bd2707008000eb00bc
:1063700040502000ba2707008000eb00405020006a
:10638000b72707008000eb0040502000b42707002b
:106390008000eb0040502000b12707008100210061
:1063a00040502000ae27070081e12100405020002e
:1063b000ab27070061e2220040502000a827070019
:1063c00061e3230040502000a527070061e424007a
:1063d00040502000a227070061e525004050200022
:1063e0009f27070061e62600405020009c270700f9
:1063f00061e72700405020009927070061e8280046
:10640000405020009627070061e9290040502000f5
:106410009327070061ea2a004050200090270700d8
:1064200061eb2b00405020008d27070061ec2c0011
:10643000405020008a27070061ed2d0040502000c9
:106440008727070061de2e004050200084270700c8
:10645000510f200040502000812707008000eb00f2
:10646000405020007e2707008000eb0040502000b5
:106470007b2707008000eb004050200078270700b2
:106480008000eb0040502000752707009103280092
:106490004050200072270700b10220004050200029
:1064a0006f270700010e2000405020006c270700d6
:1064b0008000eb00405020006927070021d1210017
:1064c0004050200066270700413321004050200043
:1064d00063270700a14220004050200060270700ea
:1064e000c1202100405020005d270700619121005c
:1064f000405020005a2707006161210040502000d1
:1065000057270700e11021004050200054270700c2
:106510008000eb004050200051270700018021003f
:10652000405020004e27070041f223004050200039
:106530004b27070061c12200405020004827070078
:1065400041d0200040502000452707000161210074
:106550004050200042270700816121004050200068
:106560003f27070061012100405020003c27070021
:106570001171200040502000392707006161200080
:106580004050200036270700f180200040502000b6
:10659000332707006171200040502000302707009a
:1065a00001012000405020002d2707009103280002
:1065b000405020002a270700a10020004050200062
:1065c0002727070091fc20004050200024270700c7
:1065d00001e021004050200021270700e1012000b8
:1065e000405020001e2707008000eb004050200094
:1065f0001b27070011e02300405020001827070048
:1066000051012000405020001527070011f52f00f0
:106610004050200012270700510120004050200068
:106620000f27070031052000405020000c270700ed
:10663000510120004050200009270700c17b2000a5
:10664000405020000627070000882300110020008a
:10665000cc340700510120004050200000270700e3
:10666000c19c200040502000fd2607000050230060
:10667000c1002000c3340700510120004050200019
:10668000f7260700a13b200040502000f426070019
:106690005100200040502000f12607001101200089
:1066a00040502000ee26070000402d00010320008e
:1066b000b43407005100200040502000e8260700b5
:1066c0009102200040502000e526070000c027006e
:1066d00021092000ab3407008000eb0000002500fa
:1066e000df2607008000eb00c0002500dc26070045
:1066f000f12c2000e0002500d92607008000eb00e7
:1067000000082500d62607008000eb00c008250001
:10671000d3260700f12c2000e0082500d026070032
:106720000108200000082700cd260700018720006f
:1067300080002500ca260700018720008008250068
:10674000c726070080c0eb0020502800b6260700af
:1067500080c0eb0030502800b326070080c0eb005b
:1067600040502800b026070080c0eb0050502800a1
:10677000ad26070080c0eb0060502800aa26070065
:1067800080c0eb00b0502800a7260700f1f32000de
:1067900040012000b2260700f1d320006001200054
:1067a000af26070051c3200040002000ac260700a0
:1067b0008000eb0060002000a92607006200200096
:1067c0000300200000112000b8260700620020000e
:1067d0000300200000312000b42607000080fa00ea
:1067e000000006000000fa0041c120004000200027
:1067f0009b260700810020006000200098260700eb
:106800000120210020002000952607008000eb00d9
:1068100020002000922607008000eb00600020008e
:106820008f26070091002000000027008c2607001b
:106830001200200003002000801020009b2607008b
:106840001200200003002000c0102000972607003f
:106850001200200003002000002a200093260700d9
:106860003242210003002000c02a20008f260700aa
:1068700000e823000100200042340700320020001d
:1068800003002000002a2000882607004201200083
:10689000030020008011200084260700d22b210055
:1068a0000300200000122000802607006011b800bd
:1068b000401220007d260700121020000300200057
:1068c000801220007926070002002000130020001b
:1068d0000013200075260700020025000300200099
:1068e0004013200071260700020020001300200042
:1068f000801320006d2607000200200013002000f6
:10690000c0132000692607000200200013002000a9
:10691000001420006526070002002000130020005c
:10692000401420006126070002002100030020001f
:10693000801420005d2607000200200013002000c4
:10694000c014200059260700121420000300200064
:10695000001520005526070012002000030020002b
:106960004015200051260700820c20000300200063
:10697000801520004d260700a20220000300200001
:10698000801620004926070062292000030020000d
:106990000017200045260700020820000300200001
:1069a000c017200041260700f2002000030020004d
:1069b000c01820003d2607005205200003002000db
:1069c00000192000392607006011b800401a200085
:1069d000362607005201200003002000001c200082
:1069e000322607006011b800402120002f26070042
:1069f0000208200003002000c02120002b260700f1
:106a00006011b80040222000282607002200200044
:106a1000030020004025200024260700220020003b
:106a200023012000802520002026070022002000ce
:106a300053002000c02520001c2607003200200043
:106a400033002000002620001826070082a324001f
:106a500003002000402620001426070082002000aa
:106a6000030020008026200010260700420020009e
:106a700053002000c02620000c2607000202200040
:106a8000030020000027200008260700f201200054
:106a900003002000402720000426070012002000e9
:106aa000230020008027200000260700220020006d
:106ab00003002000c0272000fc2507001200200052
:106ac00003002000c0112000f82507008000eb0023
:106ad00000502000e22507008000eb0000002500a8
:106ae000df25070001002800c0002500dc25070085
:106af0008000eb0000082500d925070001022000d6
:106b000080002700d625070031002000a0002700c4
:106b1000d325070001382000c0002700d02507003a
:106b2000c1502000e0002700cd250700012d2000e6
:106b300000012700ca25070001502000200127007e
:106b4000c72507005105200040012700c425070084
:106b50006100200060012700c125070071002000ae
:106b600000002700be25070051c320004000200080
:106b7000bb25070062002000030020000011200058
:106b8000ca25070062002000030020000031200019
:106b9000c625070041c1200040002000b0250700a5
:106ba0008000eb0000002700ad2507000080fa0000
:106bb000000006000000fa004232070041c1200038
:106bc00040002000a6250700f1d32000600120002e
:106bd000a32507000080fa00000006000200fa006a
:106be000000f780001ccb300005428008e25070068
:106bf00021c1b300105428008b25070001ccb3003d
:106c0000c0a028008825070021c1b300d0a028001b
:106c10008525070031c3b3003059280082250700bd
:106c200000a02600810120005633070050402800b4
:106c3000e72407009e007800804878001e0fe800d7
:106c400060402800e22407009e0078008048780019
:106c50001e0fe800e0582800dd2407009e007800a1
:106c6000804878001e0fe800f0582800d82407005c
:106c70009e007800804878001e0fe8000058280029
:106c8000d32407009e007800804878001e0fe8009b
:106c900010582800ce2407009e0078008048780015
:106ca0001e0fe80020582800c92407009e00780025
:106cb000804878001e0fe80030582800c4240700e0
:106cc0009e007800804878001e0fe80000592800d8
:106cd000bf2407009e007800804878001e0fe8005f
:106ce00010592800ba2407009e00780080487800d8
:106cf0001e0fe80040582800b52407009e007800c9
:106d0000804878001e0fe80050582800b024070083
:106d10009e007800804878001e0fe8006058280028
:106d2000ab2407009e007800804878001e0fe80022
:106d300070582800a62407009e007800804878003c
:106d40001e0fe800c0582800a12407009e0078000c
:106d5000804878001e0fe800d05828009c240700c7
:106d60009e007800804878001e0fe80060522800de
:106d7000972407009e007800804878000080fa0081
:106d8000000006000000fa0062012000030020005d
:106d900000112000452507006201200003002000ab
:106da0000031200041250700c6310700910328006b
:106db000405020002a2507004100200040502000bc
:106dc0002725070091fb2f004050200024250700b5
:106dd0003148290040502000212507009103280058
:106de000405020001e2507001101200040502000c7
:106df0001b25070011cb2700405020001825070055
:106e0000014022004050200015250700611020009d
:106e100040502000122507000101210040502000b1
:106e20000f25070061e22200405020000c250700da
:106e3000d1d12100405020000925070071252100f3
:106e4000405020000625070011602e004050200011
:106e500003250700210e20004050200000250700d8
:106e60009103280040502000fd24070071002000fd
:106e700040502000fa240700210b20004050200041
:106e8000f7240700814c200040502000f424070024
:106e90004100200040502000f1240700610620003e
:106ea00040502000ee2407005100200040502000f8
:106eb000eb2407000102200040502000e8240700d6
:106ec0005101200040502000e5240700610320000c
:106ed00040502000e22407005101200040502000d3
:106ee000df240700a103270040502000dc24070016
:106ef0009103280040502000d9240700f101200010
:106f000040502000d6240700410b200040502000b4
:106f1000d32407004120230040502000d024070044
:106f20000101200040502000cd2407002103210052
:106f300040502000ca2407000120230040502000b8
:106f4000c72407000181200040502000c42407000e
:106f50007112200040502000c1240700313520006c
:106f600040502000be240700711320004050200034
:106f7000bb2407003115200040502000b824070032
:106f80000103230040502000b52407001110200009
:106f900040502000b224070031142000405020004f
:106fa000af2407003114200040502000ac2407001b
:106fb0001116260040502000a924070011002000cf
:106fc00040502000a62407009103280040502000d4
:106fd000a32407005100200040502000a0240700f7
:106fe000f16b2000405020009d240700210021006b
:106ff000405020009a24070041002000405020000b
:107000009724070091032800405020009424070093
:10701000510020004050200091240700710c2000f6
:10702000405020008e240700010120004050200025
:107030008b24070001012000405020008824070015
:1070400091032800405020008524070031002000d3
:107050004050200082240700618c20004050200016
:107060007f24070081002000405020007c2407007e
:1070700091032800405020007924070031002000af
:10708000405020007624070001cc20004050200012
:107090007324070051012000405020007024070095
:1070a00091032800405020006d24070011022000a9
:1070b000405020006a240700510d2000405020005d
:1070c000672407008000eb00405020006424070084
:1070d00001a0200040502000612407000110200082
:1070e000405020005e240700310320004050200063
:1070f0005b24070001302300405020005824070083
:1071000001002100405020005524070021432500a4
:107110004050200052240700610721004050200009
:107120004f24070021832800405020004c240700f2
:1071300081882800405020004924070081882800c9
:10714000405020004624070081882800405020003d
:107150004324070091992900405020004024070053
:1071600091492500405020003d24070061872800f8
:10717000405020003a2407008108200040502000a1
:1071800037240700910328004050200034240700d2
:10719000010820004050200031240700111c20006d
:1071a000405020002e2407000160200040502000a5
:1071b0002b240700e1602100405020002824070014
:1071c000e16122004050200025240700e1622300f5
:1071d0004050200022240700e1632400405020009a
:1071e0001f240700e1642500405020001c240700f4
:1071f000e16526004050200019240700e1662700c1
:107200004050200016240700e1672800405020006d
:1072100013240700e16829004050200010240700d3
:10722000e1692a00405020000d240700e16a2b008c
:10723000405020000a240700e16b2c004050200041
:1072400007240700e16c2d004050200004240700b3
:10725000e16d2e004050200001240700e16e2f0058
:1072600040502000fe230700e10f20004050200086
:10727000fb2307008000eb0040502000f8230700ac
:107280008000eb0040502000f52307008000eb0059
:1072900040502000f22307008000eb004050200007
:1072a000ef2307000130200040502000ec230700ae
:1072b000b130210040502000e9230700b131220005
:1072c00040502000e6230700b13223004050200048
:1072d000e3230700b133240040502000e0230700df
:1072e000b134250040502000dd230700b1352600d1
:1072f00040502000da230700b1362700405020001c
:10730000d7230700b137280040502000d4230700be
:10731000b138290040502000d1230700b1392a009c
:1073200040502000ce230700b13a2b0040502000ef
:10733000cb230700b13b2c0040502000c82307009e
:10734000b13c2d0040502000c5230700b13d2e0068
:1073500040502000c2230700b13e2f0040502000c3
:10736000bf230700b10f200040502000bc230700be
:107370008000eb0040502000b92307008000eb00a4
:1073800040502000b62307008000eb004050200052
:10739000b32307008000eb0040502000b02307001b
:1073a0008000eb0040502000ad2307008100210049
:1073b00040502000aa23070081e121004050200016
:1073c000a723070061e2220040502000a423070009
:1073d00061e3230040502000a123070061e4240062
:1073e000405020009e23070061e52500405020000a
:1073f0009b23070061e626004050200098230700e9
:1074000061e72700405020009523070061e828002d
:10741000405020009223070061e9290040502000dd
:107420008f23070061ea2a00405020008c230700c8
:1074300061eb2b00405020008923070061ec2c00f9
:10744000405020008623070061ed2d0040502000b1
:107450008323070061de2e004050200080230700b8
:10746000510f2000405020007d2307008000eb00da
:10747000405020007a2307008000eb00405020009d
:10748000772307008000eb004050200074230700a2
:107490008000eb004050200071230700910328007a
:1074a000405020006e230700b10220004050200011
:1074b0006b230700010e20004050200068230700c6
:1074c0008000eb00405020006523070021d12100ff
:1074d000405020006223070041332100405020002b
:1074e0005f230700a1422000405020005c230700da
:1074f000c120210040502000592307006191210044
:1075000040502000562307006161210040502000b8
:1075100053230700e11021004050200050230700b2
:107520008000eb00405020004d2307000180210027
:10753000405020004a23070041f223004050200021
:107540004723070061c12200405020004423070068
:1075500041d020004050200041230700016121005c
:10756000405020003e230700816121004050200050
:107570003b23070061012100405020003823070011
:107580001171200040502000352307006161200068
:107590004050200032230700f1802000405020009e
:1075a0002f23070061712000405020002c2307008a
:1075b00001012000405020002923070091032800ea
:1075c0004050200026230700a1002000405020004a
:1075d0002323070091fc20004050200020230700b7
:1075e00001e02100405020001d230700e1012000a0
:1075f000405020001a2307008000eb00405020007c
:107600001723070011e02300405020001423070037
:1076100051012000405020001123070011f52f00d8
:10762000405020000e230700510120004050200050
:107630000b230700310520004050200008230700dd
:10764000510120004050200005230700c17b20008d
:107650004050200002230700008823001100200072
:10766000c83007005101200040502000fc220700d4
:10767000c19c200040502000f92207000050230048
:10768000c1002000bf300700510120004050200001
:10769000f3220700a13b200040502000f022070009
:1076a0005100200040502000ed2207001101200071
:1076b00040502000ea22070000402d000103200076
:1076c000b03007005100200040502000e4220700a5
:1076d0009102200040502000e122070000c0270056
:1076e00021092000a73007000080fa0000000600f2
:1076f0000000fa004100200040002000d8220700ce
:1077000001f0230020002000d52207008000eb00bc
:1077100020002000d22207008000eb006000200043
:10772000cf220700f1f3200060012000cc220700e7
:1077300080c0eb0020502800bb22070080c0eb0077
:10774000b0502800b8220700f1f3200040012000cb
:10775000c3220700e1cfb30020512800b222070066
:1077600080c0eb0040512800af22070080c0eb0032
:1077700050512800ac22070080c0eb006051280067
:10778000a922070031c0b30000412800a62207004b
:10779000f1c3b30030412800a322070061c0b30049
:1077a00000422800a022070011c3b300004f2800a8
:1077b0009d22070011c0b300404f28009a22070005
:1077c000012c210000542800a52207008040eb0076
:1077d0000063280094220700317520001063280000
:1077e0009f22070021c0b300006728008e220700f7
:1077f000012c2100c0a028009922070011c0b3006d
:10780000005e28008822070001102000305e28005a
:10781000932207008040eb0000c02800822207006e
:1078200080c0eb0010c028007f22070080c0eb0062
:1078300020c028007c22070080c0eb0030c0280058
:107840007922070080c0eb0040c0280076220700a4
:1078500080c0eb0050c028007322070080c0eb00fe
:1078600060c02800702207008040eb0070c0280034
:107870006d22070021c5b30080c028006a220700de
:1078800021c6b30090c028006722070071c0b30072
:10789000a0c02800642207008040eb00b0c0280090
:1078a0006122070071c0b300c0c028005e2207003b
:1078b0008040eb00d0c028005b2207008040eb0036
:1078c000e0c02800582207008040eb00f0c02800ec
:1078d00055220700c1c1b30000c128005222070091
:1078e000d1c1b30010c128004f22070011c0b3005e
:1078f00020c128004c22070031c0b30030c128004d
:107900004922070001c8b30040c1280046220700f1
:1079100061c0b30050c1280043220700a1c0b300da
:1079200060c128004022070081c7b30070c1280051
:107930003d220700a1c0b30080c128003a22070001
:10794000d1c0b30090c128003722070091ccb3000a
:10795000a0c128003422070001cab300b0c128002a
:107960003122070071c5b300c0c128002e220700d4
:1079700071c4b300d0c128002b22070081c9b30015
:10798000e0c128002822070071c2b300f0c128001e
:107990002522070021c1b30000c2280022220700cf
:1079a00081c4b30010c228001f220700c1c4b30065
:1079b00020c228001c2207008040eb0030c22800b3
:1079c000192207008040eb0040c228001622070061
:1079d0008040eb0050c228001322070011c0b30002
:1079e00060c228001022070011c0b30070c2280036
:1079f0000d22070011c0b30080c228000a22070030
:107a000011c0b30090c228000722070011c0b300c4
:107a1000a0c228000422070011c0b300b0c2280091
:107a20000122070011c0b300c0c22800fe210700d8
:107a300011c0b300d0c22800fb21070011c0b30061
:107a4000e0c22800f821070011c0b300f0c22800ee
:107a5000f521070011c0b30000c32800f221070080
:107a600011c0b30010c32800ef21070011c0b300fc
:107a700020c32800ec21070011c0b30030c3280048
:107a8000e921070011c0b30040c32800e621070028
:107a900011c0b30050c32800e3210700a1c4b30004
:107aa00060c32800e0210700a1c1b30070c3280013
:107ab000dd21070001cdb30080c32800da210700d3
:107ac00001cbb30090c32800d721070001c2b30047
:107ad000a0c32800d42107008040eb00b0c32800d9
:107ae000d1210700c1c0b300c0c32800ce210700c8
:107af00001c5b300d0c32800cb210700b1c5b30036
:107b0000e0c32800c821070001c2b300f0c3280069
:107b1000c521070031c6b30000c42800c2210700f8
:107b20008040eb0010c42800bf210700d1c3b30080
:107b300020c42800bc210700d1c6b30030c42800ef
:107b4000b92107008040eb0040c42800b62107009f
:107b50008040eb0050c42800b32107008040eb00b8
:107b600060c42800b021070081c1b30070c42800a0
:107b7000ad210700a1c4b30080c42800aa210700da
:107b8000a1c1b30090c42800a721070001cdb30014
:107b9000a0c42800a421070001cbb300b0c4280072
:107ba000a121070001c2b300c0c428009e21070024
:107bb0008040eb00d0c428009b210700c1c0b30067
:107bc000e0c428009821070001c5b300f0c42800d4
:107bd00095210700b1c5b30000c528009221070018
:107be00001c2b30010c528008f21070031c6b300c1
:107bf00020c528008c2107008040eb0030c52800fc
:107c000089210700d1c3b30040c5280086210700a1
:107c1000d1c6b30050c52800832107008040eb0087
:107c200060c52800802107008040eb0070c5280057
:107c30007d2107008040eb0080c528007a210700e5
:107c400081c1b30090c52800772107008040eb0078
:107c5000a0c52800742107008040eb00b0c52800b3
:107c6000712107008040eb00c0c528006e2107008d
:107c7000c1cfb300d0c528006b2107008040eb00c6
:107c8000e0c528006821070041c5b300f0c5280001
:107c900065210700f1c6b30000c628006221070075
:107ca00031c7b30010c628005f21070081c6b300aa
:107cb00020c628005c21070091c6b30030c628000a
:107cc0005921070021c6b30040c6280056210700ed
:107cd00011c6b30050c6280053210700d1c2b3001b
:107ce00060c628005021070051c5b30070c62800a7
:107cf0004d21070081c4b30080c628004a21070037
:107d000021c3b30090c628004721070041c4b30037
:107d1000a0c6280044210700a1c0b300b0c62800b7
:107d2000412107008040eb00c0c628003e2107002b
:107d30008040eb00d0c628003b2107008040eb00cc
:107d4000e0c6280038210700d1cfb300f0c62800d4
:107d5000352107008040eb0000c7280032210700d2
:107d600061c3b30010c728002f21070021c4b3004e
:107d700020c728002c21070051c4b30030c72800b9
:107d800029210700b1c4b30040c7280026210700fd
:107d900061c0b30050c72800232107008040eb00da
:107da00060c7280020210700a1c0b30070c72800c9
:107db0001d21070001c2b30080c728001a21070057
:107dc00001c2b30090c728001721070001c2b30009
:107dd000a0c728001421070001c2b300b0c72800c3
:107de0001121070001c2b300c0c728000e210700ff
:107df00001c2b300d0c728000b21070011c0b30097
:107e0000e0c728000821070061c8b300f0c72800b8
:107e10000521070021c0b30000c828000221070087
:107e200031c0b30010c82800ff200700a1c1b30073
:107e300020c82800fc20070011ccb30030c828005f
:107e4000f920070071c4b30040c82800f6200700dd
:107e5000d1ceb30050c82800f3200700e1c6b3001c
:107e600060c82800f0200700e1c6b30070c82800f1
:107e7000ed200700e1c6b30080c82800ea20070013
:107e8000e1c6b30090c82800e7200700e1c6b300b0
:107e9000a0c82800e4200700e1c6b300b0c828004d
:107ea000e120070031c2b300c0c82800de2007006f
:107eb00081c0b300d0c82800db20070071c0b30028
:107ec000e0c82800d820070011c0b300f0c828007f
:107ed000d520070031c8b30000c92800d220070010
:107ee00011c0b30010c92800cf2007008040eb006c
:107ef00020c92800cc2007008040eb0030c92800b2
:107f0000c920070051c6b30040c92800c620070099
:107f100031c0b30050c92800c3200700c1c0b3005e
:107f200060c92800c02007008040eb0070c928000d
:107f3000bd20070001c1b30080c92800ba20070096
:107f40008040eb0090c92800b7200700a1c4b3000f
:107f5000a0c92800b4200700a1c1b300b0c92800ff
:107f6000b120070001cdb300c0c92800ae20070032
:107f700001cbb300d0c92800ab20070001c2b30079
:107f8000e0c92800a82007008040eb00f0c92800c5
:107f9000a5200700c1c0b30000ca2800a220070026
:107fa00001c5b30010ca28009f200700b1c5b30067
:107fb00020ca28009c20070001c2b30030ca280054
:107fc0009920070031c6b30040ca28009620070058
:107fd0008040eb0050ca280093200700d1c3b300b3
:107fe00060ca280090200700d1c6b30070ca2800dc
:107ff0008d2007008040eb0080ca28008a200700ff
:108000008040eb0090ca2800872007008040eb00ea
:10801000a0ca28008420070081c1b300b0ca28008c
:1080200081200700a1c4b300c0ca28007e20070039
:10803000a1c1b300d0ca28007b20070001cdb30046
:10804000e0ca28007820070001cbb300f0ca28005e
:108050007520070001c2b30000cb28007220070082
:108060008040eb0010cb28006f200700c1c0b30098
:1080700020cb28006c20070001c5b30030cb2800be
:1080800069200700b1c5b30040cb28006620070077
:1080900001c2b30050cb28006320070031c6b300f3
:1080a00060cb2800602007008040eb0070cb2800e8
:1080b0005d200700d1c3b30080cb28005a20070001
:1080c000d1c6b30090cb2800572007008040eb00ba
:1080d000a0cb2800542007008040eb00b0cb280044
:1080e000512007008040eb00c0cb28004e20070045
:1080f00081c1b300d0cb28004b200700a1c4b3003e
:10810000e0cb280048200700a1c1b300f0cb280035
:108110004520070001cdb30000cc28004220070015
:1081200001cbb30010cc28003f20070001c2b300f0
:1081300020cc28003c2007008040eb0030cc2800f9
:1081400039200700c1c0b30040cc2800362007000a
:1081500001c5b30050cc280033200700b1c5b300df
:1081600060cc28003020070001c2b30070cc28008a
:108170002d20070031c6b30080cc28002a2007003c
:108180008040eb0090cc280027200700d1c3b3002b
:10819000a0cc280024200700d1c6b300b0cc280012
:1081a000212007008040eb00c0cc28001e200700e3
:1081b0008040eb00d0cc28001b2007008040eb0063
:1081c000e0cc28001820070081c1b300f0cc2800c3
:1081d00015200700a1c4b30000cd2800122007001d
:1081e000a1c1b30010cd28000f20070001cdb300be
:1081f00020cd28000c20070001cbb30030cd280093
:108200000920070001c2b30040cd28000620070066
:108210008040eb0050cd280003200700c1c0b30010
:1082200060cd28000020070001c5b30070cd2800f4
:10823000fd1f0700b1c5b30080cd2800fa1f07005d
:1082400001c2b30090cd2800f71f070031c6b3006c
:10825000a0cd2800f41f07008040eb00b0cd28001f
:10826000f11f0700d1c3b300c0cd2800ee1f0700e7
:10827000d1c6b300d0cd2800eb1f07008040eb0033
:10828000e0cd2800e81f07008040eb00f0cd28007b
:10829000e51f07008040eb0000ce2800e21f07002a
:1082a00081c1b30010ce2800df1f07008040eb0023
:1082b00020ce2800dc1f07008040eb0030ce2800d5
:1082c000d91f07008040eb0040ce2800d61f0700d2
:1082d0008040eb0050ce2800d31f07008040eb0009
:1082e00060ce2800d01f07008040eb0070ce280031
:1082f000cd1f07008040eb0080ce2800ca1f07007a
:108300008040eb0090ce2800c71f07008040eb00a4
:10831000a0ce2800c41f07008040eb00b0ce28008c
:10832000c11f07008040eb00c0ce2800be1f070021
:108330008040eb00d0ce2800bb1f07008040eb0040
:10834000e0ce2800b81f07008040eb00f0ce2800e8
:10835000b51f07008040eb0000cf2800b21f0700c8
:108360008040eb0010cf2800af1f07008040eb00db
:1083700020cf2800ac1f07008040eb0030cf280042
:10838000a91f07008040eb0040cf2800a61f070070
:108390008040eb0050cf2800a31f07008040eb0077
:1083a00060cf2800a01f07008040eb0070cf28009e
:1083b0009d1f07008040eb0080cf28009a1f070018
:1083c0008040eb0090cf2800971f07008040eb0013
:1083d000a0cf2800941f07008040eb00b0cf2800fa
:1083e000911f07008040eb00c0cf28008e1f0700c0
:1083f0008040eb00d0cf28008b1f07008040eb00af
:10840000e0cf2800881f0700d1c1b300f0cf2800bb
:10841000851f070021c0b30030542800821f0700c9
:1084200011c1b300405428007f1f07008040eb00bb
:10843000006028007c1f070031cfb30020602800b7
:10844000791f070021c0b30030602800761f0700a5
:10845000c1c0b30040602800731f070051c0b300c3
:1084600060602800701f07008040eb0070602800eb
:108470006d1f070021c0b300206528006a1f070098
:10848000a29b2400c320200010672800871f07003c
:1084900092082b00131e200050672800831f07003e
:1084a0008040eb00006828005f1f07000052280092
:1084b000c71e0700f1d3200060012000681f0700dd
:1084c0001100200020002000651f07008000eb0045
:1084d00020002000621f0700000a20000100200089
:1084e000282d0700000a200001002000252d07008c
:1084f00040012000c11e0700a0012000bf1e070090
:1085000020502800b21e0700b0502800b01e0700ff
:1085100000522800ae1e0700f1f320006001200089
:108520004f1f070080c0eb00205028003e1f0700af
:1085300080c0eb00b05028003b1f0700f1f3200083
:1085400040012000461f07000080fa0000000600de
:108550000000fa0000802400811e2000092d070081
:1085600041c12000400020003d1f070001202100e4
:10857000200020003a1f07008000eb0020002000b0
:10858000371f070021c4b30020a02800261f0700c2
:10859000120020000300200080102000431f07006d
:1085a0001200200003002000c01020003f1f070021
:1085b0001200200003002000002a20003b1f0700bb
:1085c0005242210003002000c02a2000371f07006c
:1085d00000e8230001002000ea2c07003200200000
:1085e00003002000002a2000301f07004201200065
:1085f00003002000801120002c1f0700d22b210037
:108600000300200000122000281f07006011b8009e
:1086100040122000251f0700121020000300200038
:1086200080122000211f07000200200013002000fc
:10863000001320001d1f070002002500030020007a
:1086400040132000191f0700020020001300200023
:1086500080132000151f07000200200013002000d7
:10866000c0132000111f070002002000130020008b
:10867000001420000d1f070002002000130020003e
:1086800040142000091f0700020021000300200001
:1086900080142000051f07000200200013002000a6
:1086a000c0142000011f0700121420000300200046
:1086b00000152000fd1e070012002000030020000e
:1086c00040152000f91e0700820c20000300200046
:1086d00080152000f51e0700a202200003002000e4
:1086e00080162000f11e0700022d2000030020004c
:1086f00000172000ed1e07001208200003002000d4
:10870000c0172000e91e0700f2002000030020002f
:10871000c0182000e51e07005205200003002000bd
:1087200000192000e11e07006011b800401a200067
:10873000de1e07005201200003002000001c200064
:10874000da1e07006011b80040212000d71e070084
:108750000208200003002000c0212000d31e0700d3
:108760006011b80040222000d01e07002200200027
:108770000300200040252000cc1e0700220020001e
:108780002301200080252000c81e070022002000b1
:1087900053002000c0252000c41e07003200200026
:1087a0003300200000262000c01e070082a3240002
:1087b0000300200040262000bc1e0700820020008d
:1087c0000300200080262000b81e07004200200081
:1087d00053002000c0262000b41e07000202200023
:1087e0000300200000272000b01e0700f201200037
:1087f0000300200040272000ac1e070012002000cc
:108800002300200080272000a81e0700220020004f
:1088100003002000c0272000a41e07001200200033
:1088200003002000c0112000a01e07008000eb0004
:10883000005020008a1e0700620120000300200073
:1088400000112000991e0700620120000300200093
:1088500000312000951e07008000eb000050200032
:108860007f1e07006201200003002000001120008d
:108870008e1e07006201200003002000003120004e
:108880008a1e070000102700210020003d2c070051
:108890009103280040502000711e07004100200075
:1088a000405020006e1e070091fb2f00405020001a
:1088b0006b1e07003148290040502000681e070049
:1088c0009103280040502000651e07001101200080
:1088d00040502000621e070011cb270040502000ae
:1088e0005f1e070001402200405020005c1e070070
:1088f0006110200040502000591e07000101210096
:1089000040502000561e070061e222004050200027
:10891000531e0700d1d1210040502000501e0700f7
:1089200071252100405020004d1e070011602e00cf
:10893000405020004a1e0700210e20004050200019
:10894000471e07009103280040502000441e0700e6
:108950007100200040502000411e0700210b200024
:10896000405020003e1e0700814c20004050200057
:108970003b1e07004100200040502000381e070029
:108980006106200040502000351e070051002000e5
:1089900040502000321e07000102200040502000fd
:1089a0002f1e070051012000405020002c1e070000
:1089b0006103200040502000291e070051012000c3
:1089c00040502000261e0700a10327004050200031
:1089d000231e07009103280040502000201e07009e
:1089e000f1012000405020001d1e0700410b200017
:1089f000405020001a1e0700412023004050200054
:108a0000171e07000101200040502000141e07001f
:108a10002103210040502000111e070001202300e7
:108a2000405020000e1e0700018120004050200011
:108a30000b1e07007112200040502000081e070086
:108a40003135200040502000051e07007113200022
:108a500040502000021e0700311520004050200029
:108a6000ff1d07000103230040502000fc1d0700ec
:108a70001110200040502000f91d07003114200083
:108a800040502000f61d0700311420004050200007
:108a9000f31d07001116260040502000f01d0700ae
:108aa0001100200040502000ed1d07009103280018
:108ab00040502000ea1d07005100200040502000d7
:108ac000e71d0700f16b200040502000e41d070067
:108ad0002100210040502000e11d0700410020003e
:108ae00040502000de1d0700910328004050200068
:108af000db1d07005100200040502000d81d07005a
:108b0000710c200040502000d51d070001012000fd
:108b100040502000d21d07000101200040502000dd
:108b2000cf1d07009103280040502000cc1d0700f6
:108b30003100200040502000c91d0700618c20003a
:108b400040502000c61d070081002000405020003a
:108b5000c31d07009103280040502000c01d0700de
:108b60003100200040502000bd1d070001cc200036
:108b700040502000ba1d0700510120004050200045
:108b8000b71d07009103280040502000b41d0700c6
:108b90001102200040502000b11d0700510d20009f
:108ba00040502000ae1d07008000eb004050200028
:108bb000ab1d070001a0200040502000a81d0700a9
:108bc0000110200040502000a51d070031032000a7
:108bd00040502000a21d070001302300405020001b
:108be0009f1d070001002100405020009c1d070030
:108bf0002143250040502000991d070061072100f6
:108c000040502000961d070021832800405020007e
:108c1000931d07008188280040502000901d070008
:108c200081882800405020008d1d07008188280081
:108c3000405020008a1d07009199290040502000d3
:108c4000871d07009149250040502000841d070022
:108c50006187280040502000811d07008108200006
:108c6000405020007e1d0700910328004050200046
:108c70007b1d07000108200040502000781d0700e0
:108c8000111c200040502000751d070001602000cd
:108c900040502000721d0700e1602100405020007c
:108ca0006f1d0700e1612200405020006c1d07008d
:108cb000e162230040502000691d0700e1632400a9
:108cc00040502000661d0700e16425004050200050
:108cd000631d0700e165260040502000601d07006d
:108ce000e1662700405020005d1d0700e167280075
:108cf000405020005a1d0700e16829004050200024
:108d0000571d0700e1692a0040502000541d07004c
:108d1000e16a2b0040502000511d0700e16b2c0040
:108d2000405020004e1d0700e16c2d0040502000f7
:108d30004b1d0700e16d2e0040502000481d07002c
:108d4000e16e2f0040502000451d0700e10f20007c
:108d500040502000421d07008000eb0040502000e2
:108d60003f1d07008000eb00405020003c1d070025
:108d70008000eb0040502000391d07008000eb0010
:108d800040502000361d07000130200040502000d8
:108d9000331d0700b130210040502000301d070076
:108da000b1312200405020002d1d0700b1322300b8
:108db000405020002a1d0700b133240040502000fd
:108dc000271d0700b134250040502000241d070056
:108dd000b135260040502000211d0700b136270084
:108de000405020001e1d0700b137280040502000d1
:108df0001b1d0700b138290040502000181d070036
:108e0000b1392a0040502000151d0700b13a2b004f
:108e100040502000121d0700b13b2c0040502000a4
:108e20000f1d0700b13c2d00405020000c1d070015
:108e3000b13d2e0040502000091d0700b13e2f001b
:108e400040502000061d0700b10f200040502000b8
:108e5000031d07008000eb0040502000001d0700ac
:108e60008000eb0040502000fd1c07008000eb005c
:108e700040502000fa1c07008000eb00405020000a
:108e8000f71c07008000eb0040502000f41c070096
:108e90008100210040502000f11c070081e12100e9
:108ea00040502000ee1c070061e2220040502000ec
:108eb000eb1c070061e3230040502000e81c070082
:108ec00061e4240040502000e51c070061e5250016
:108ed00040502000e21c070061e6260040502000c0
:108ee000df1c070061e7270040502000dc1c070062
:108ef00061e8280040502000d91c070061e92900e2
:108f000040502000d61c070061ea2a004050200093
:108f1000d31c070061eb2b0040502000d01c070041
:108f200061ec2c0040502000cd1c070061ed2d00ad
:108f300040502000ca1c070061de2e004050200077
:108f4000c71c0700510f200040502000c41c070020
:108f50008000eb0040502000c11c07008000eb00a7
:108f600040502000be1c07008000eb004050200055
:108f7000bb1c07008000eb0040502000b81c07001d
:108f80009103280040502000b51c0700b1022000ca
:108f900040502000b21c0700010e2000405020006d
:108fa000af1c07008000eb0040502000ac1c070005
:108fb00021d1210040502000a91c0700413321008d
:108fc00040502000a61c0700a14220004050200075
:108fd000a31c0700c120210040502000a01c070056
:108fe00061912100405020009d1c0700616121001b
:108ff000405020009a1c0700e11021004050200042
:10900000971c07008000eb0040502000941c0700d4
:109010000180210040502000911c070041f22300f4
:10902000405020008e1c070061c1220040502000eb
:109030008b1c070041d0200040502000881c0700f6
:109040000161210040502000851c07008161210042
:1090500040502000821c0700610121004050200088
:109060007f1c070011712000405020007c1c07006d
:109070006161200040502000791c0700f180200031
:1090800040502000761c07006171200040502000f5
:10909000731c07000101200040502000701c0700d5
:1090a00091032800405020006d1c0700a100200003
:1090b000405020006a1c070091fc20004050200016
:1090c000671c070001e0210040502000641c0700dd
:1090d000e101200040502000611c07008000eb00ef
:1090e000405020005e1c070011e02300405020008b
:1090f0005b1c07005101200040502000581c070055
:1091000011f52f0040502000551c07005101200090
:1091100040502000521c0700310520004050200024
:109120004f1c070051012000405020004c1c07003c
:10913000c17b200040502000491c0700008823000c
:10914000110020000f2a070051012000405020008c
:10915000431c0700c19c200040502000401c070019
:1091600000502300c1002000062a07005101200002
:10917000405020003a1c0700a13b20004050200036
:10918000371c07005100200040502000341c07000d
:109190001101200040502000311c070000402d002c
:1091a00001032000f7290700510020004050200053
:1091b0002b1c07009102200040502000281c0700b3
:1091c00000c0270021092000ee2907008000eb00e5
:1091d00000002500221c07008000eb00c0002500d5
:1091e0001f1c0700f12c2000e00025001c1c0700bc
:1091f0008000eb0000082500191c07008000eb0030
:10920000c0082500161c0700f12c2000e0082500ee
:10921000131c07000108200000082700101c07008d
:1092200001872000800025000d1c07000187200019
:10923000800825000a1c070080c0eb002050280091
:10924000f91b070080c0eb0030502800f61b070018
:1092500080c0eb0040502800f31b070080c0eb00eb
:1092600050502800f01b070080c0eb006050280021
:10927000ed1b070080c0eb00b0502800ea1b070080
:10928000f1f3200040012000f51b0700f1d320007e
:1092900060012000f21b070051c3200040002000a5
:1092a000ef1b07008000eb0060002000ec1b0700b4
:1092b000620020000300200000112000fb1b0700bb
:1092c000620020000300200000312000f71b07008f
:1092d0000080fa00000006000000fa0041002000b3
:1092e00040002000de1b070001f0230020002000ca
:1092f000db1b07008000eb0020002000d81b0700cc
:109300008000eb0060002000d51b070091002000ca
:1093100000002700d21b07001200200003002000dd
:1093200080102000e11b0700120020000300200035
:10933000c0102000dd1b07001200200003002000e9
:10934000002a2000d91b0700524221000300200000
:10935000c02a2000d51b070000e8230001002000e0
:10936000882907003200200003002000002a200086
:10937000ce1b0700420120000300200080112000c6
:10938000ca1b0700d22b210003002000001220007e
:10939000c61b07006011b80040122000c31b070065
:1093a000121020000300200080122000bf1b0700c5
:1093b000020020001300200000132000bb1b070048
:1093c000020025000300200040132000b71b070007
:1093d000020020001300200080132000b31b0700b0
:1093e0000200200013002000c0132000af1b070064
:1093f000020020001300200000142000ab1b070017
:10940000020020001300200040142000a71b0700ca
:10941000020021000300200080142000a31b07008d
:109420000200200013002000c01420009f1b070032
:109430001214200003002000001520009b1b0700d1
:10944000120020000300200040152000971b070099
:10945000820c20000300200080152000931b0700d1
:10946000a202200003002000801620008f1b0700ae
:109470009233200003002000001720008b1b070000
:109480000208200003002000c0172000871b0700ef
:10949000a200200003002000c0182000831b07004a
:1094a0006204200003002000001920007f1b070039
:1094b0006011b800401a20007c1b070052012000f8
:1094c00003002000001c2000781b07006011b8007a
:1094d00040212000751b0700020820000300200027
:1094e000c0212000711b07006011b800402220003d
:1094f0006e1b0700220020000300200040252000f2
:109500006a1b070022002000230120008025200084
:10951000661b07002200200053002000c025200009
:10952000621b0700320020003300200000262000cc
:109530005e1b070082a324000300200040262000b9
:109540005a1b070082002000030020008026200014
:10955000561b07004200200053002000c0262000b8
:10956000521b0700020220000300200000272000f9
:109570004e1b0700f20120000300200040272000be
:109580004a1b070012002000230020008027200033
:10959000461b07002200200003002000c0272000f7
:1095a000421b07001200200003002000c011200011
:1095b0003e1b07008000eb0000502000281b070026
:1095c000620120000300200000112000371b07006b
:1095d000620120000300200000312000331b07003f
:1095e00091032800405020001d1b0700410020006f
:1095f000405020001a1b070091fb2f004050200014
:10960000171b07003148290040502000141b070099
:109610009103280040502000111b07001101200079
:10962000405020000e1b070011cb270040502000a7
:109630000b1b07000140220040502000081b0700c0
:109640006110200040502000051b0700010121008f
:1096500040502000021b070061e222004050200021
:10966000ff1a0700d1d1210040502000fc1a07004a
:109670007125210040502000f91a070011602e00ca
:1096800040502000f61a0700210e20004050200014
:10969000f31a07009103280040502000f01a070039
:1096a0007100200040502000ed1a0700210b20001f
:1096b00040502000ea1a0700814c20004050200052
:1096c000e71a07004100200040502000e41a07007c
:1096d0006106200040502000e11a070051002000e0
:1096e00040502000de1a07000102200040502000f8
:1096f000db1a07005101200040502000d81a070053
:109700006103200040502000d51a070051012000bd
:1097100040502000d21a0700a1032700405020002b
:10972000cf1a07009103280040502000cc1a0700f0
:10973000f101200040502000c91a0700410b200011
:1097400040502000c61a070041202300405020004e
:10975000c31a07000101200040502000c01a070072
:109760002103210040502000bd1a070001202300e2
:1097700040502000ba1a070001812000405020000c
:10978000b71a07007112200040502000b41a0700d9
:109790003135200040502000b11a0700711320001d
:1097a00040502000ae1a0700311520004050200024
:1097b000ab1a07000103230040502000a81a07003d
:1097c0001110200040502000a51a0700311420007d
:1097d00040502000a21a0700311420004050200001
:1097e0009f1a070011162600405020009c1a0700ff
:1097f0001100200040502000991a07009103280012
:1098000040502000961a07005100200040502000d0
:10981000931a0700f16b200040502000901a0700b7
:1098200021002100405020008d1a07004100200037
:10983000405020008a1a0700910328004050200061
:10984000871a07005100200040502000841a0700aa
:10985000710c200040502000811a070001012000f7
:10986000405020007e1a07000101200040502000d7
:109870007b1a07009103280040502000781a070047
:109880003100200040502000751a0700618c200034
:1098900040502000721a0700810020004050200034
:1098a0006f1a070091032800405020006c1a07002f
:1098b0003100200040502000691a070001cc200030
:1098c00040502000661a070051012000405020003f
:1098d000631a07009103280040502000601a070017
:1098e00011022000405020005d1a0700510d200099
:1098f000405020005a1a07008000eb004050200022
:10990000571a070001a0200040502000541a0700f9
:109910000110200040502000511a070031032000a0
:10992000405020004e1a0700013023004050200014
:109930004b1a07000100210040502000481a070080
:109940002143250040502000451a070061072100ef
:1099500040502000421a0700218328004050200078
:109960003f1a070081882800405020003c1a070059
:109970008188280040502000391a0700818828007b
:1099800040502000361a07009199290040502000cd
:10999000331a07009149250040502000301a070073
:1099a00061872800405020002d1a07008108200000
:1099b000405020002a1a0700910328004050200040
:1099c000271a07000108200040502000241a070031
:1099d000111c200040502000211a070001602000c7
:1099e000405020001e1a0700e16021004050200076
:1099f0001b1a0700e161220040502000181a0700de
:109a0000e162230040502000151a0700e1632400a2
:109a100040502000121a0700e16425004050200049
:109a20000f1a0700e1652600405020000c1a0700bd
:109a3000e166270040502000091a0700e16728006e
:109a400040502000061a0700e1682900405020001d
:109a5000031a0700e1692a0040502000001a07009d
:109a6000e16a2b0040502000fd190700e16b2c003b
:109a700040502000fa190700e16c2d0040502000f2
:109a8000f7190700e16d2e0040502000f41907007f
:109a9000e16e2f0040502000f1190700e10f200077
:109aa00040502000ee1907008000eb0040502000dd
:109ab000eb1907008000eb0040502000e819070078
:109ac0008000eb0040502000e51907008000eb000b
:109ad00040502000e21907000130200040502000d3
:109ae000df190700b130210040502000dc190700c9
:109af000b131220040502000d9190700b1322300b3
:109b000040502000d6190700b133240040502000f7
:109b1000d3190700b134250040502000d0190700a8
:109b2000b135260040502000cd190700b13627007e
:109b300040502000ca190700b137280040502000cb
:109b4000c7190700b138290040502000c419070088
:109b5000b1392a0040502000c1190700b13a2b004a
:109b600040502000be190700b13b2c00405020009f
:109b7000bb190700b13c2d0040502000b819070068
:109b8000b13d2e0040502000b5190700b13e2f0016
:109b900040502000b2190700b10f200040502000b3
:109ba000af1907008000eb0040502000ac190700ff
:109bb0008000eb0040502000a91907008000eb0056
:109bc00040502000a61907008000eb004050200004
:109bd000a31907008000eb0040502000a0190700e7
:109be00081002100405020009d19070081e12100e3
:109bf000405020009a19070061e2220040502000e6
:109c00009719070061e323004050200094190700d2
:109c100061e42400405020009119070061e525000f
:109c2000405020008e19070061e6260040502000b9
:109c30008b19070061e727004050200088190700b2
:109c400061e82800405020008519070061e92900db
:109c5000405020008219070061ea2a00405020008d
:109c60007f19070061eb2b00405020007c19070092
:109c700061ec2c00405020007919070061ed2d00a7
:109c8000405020007619070061de2e004050200071
:109c900073190700510f2000405020007019070071
:109ca0008000eb00405020006d1907008000eb00a1
:109cb000405020006a1907008000eb00405020004f
:109cc000671907008000eb0040502000641907006e
:109cd000910328004050200061190700b1022000c4
:109ce000405020005e190700010e20004050200067
:109cf0005b1907008000eb00405020005819070056
:109d000021d1210040502000551907004133210086
:109d10004050200052190700a1422000405020006e
:109d20004f190700c1202100405020004c190700a6
:109d30006191210040502000491907006161210014
:109d40004050200046190700e1102100405020003b
:109d5000431907008000eb00405020004019070025
:109d600001802100405020003d19070041f22300ee
:109d7000405020003a19070061c1220040502000e5
:109d80003719070041d02000405020003419070047
:109d9000016121004050200031190700816121003c
:109da000405020002e190700610121004050200082
:109db0002b190700117120004050200028190700be
:109dc000616120004050200025190700f18020002b
:109dd00040502000221907006171200040502000ef
:109de0001f19070001012000405020001c19070026
:109df000910328004050200019190700a1002000fd
:109e0000405020001619070091fc2000405020000f
:109e10001319070001e0210040502000101907002d
:109e2000e1012000405020000d1907008000eb00e8
:109e3000405020000a19070011e023004050200084
:109e400007190700510120004050200004190700a5
:109e500011f52f004050200001190700510120008a
:109e600040502000fe18070031052000405020001f
:109e7000fb1807005101200040502000f81807008f
:109e8000c17b200040502000f51807000088230007
:109e900011002000bb260700510120004050200087
:109ea000ef180700c19c200040502000ec1807006c
:109eb00000502300c1002000b226070051012000fd
:109ec00040502000e6180700a13b20004050200031
:109ed000e31807005100200040502000e018070060
:109ee0001101200040502000dd18070000402d0027
:109ef00001032000a326070051002000405020004d
:109f0000d71807009102200040502000d418070005
:109f100000c02700210920009a2607008000eb00de
:109f200000002500ce18070001002800c000250011
:109f3000cb1807008000eb0000082500c8180700b8
:109f40000150200080002700c518070031002000c4
:109f5000a0002700c2180700b1d22000c0002700cf
:109f6000bf180700c1502000e0002700bc18070000
:109f7000012d200000012700b91807000150200022
:109f800020012700b618070001a02000400127008b
:109f9000b31807006100200060012700b018070017
:109fa0005100200000002700ad18070051c3200019
:109fb00040002000aa1807006200200003002000d3
:109fc00000112000b91807006200200003002000e3
:109fd00000312000b5180700310220004050200059
:109fe0009f180700010b2000405020009c1807001c
:109ff00000002d00710020006226070031022000c1
:10a000004050200096180700314b2100405020009e
:10a010009318070000002d0071002000592607004a
:10a0200031022000405020008d180700013b200025
:10a03000405020008a18070000002d007100200009
:10a0400050260700510020004050200084180700cf
:10a0500091022000405020008118070000002d00d0
:10a06000710020004726070041c120004000200069
:10a070007b1807008100200060002000781807008e
:10a080000120210020002000751807008000eb004f
:10a0900020002000721807008000eb006000200004
:10a0a0006f18070091002000000027006c180700bf
:10a0b0001200200003002000801020007b18070001
:10a0c0001200200003002000c010200077180700b5
:10a0d0001200200003002000002a2000731807004f
:10a0e0005242210003002000c02a20006f18070000
:10a0f00000e8230001002000222607003200200093
:10a1000003002000002a20006818070042012000f8
:10a11000030020008011200064180700d22b2100ca
:10a120000300200000122000601807006011b80032
:10a13000401220005d1807001210200003002000cc
:10a140008012200059180700020020001300200090
:10a15000001320005518070002002500030020000e
:10a1600040132000511807000200200013002000b7
:10a17000801320004d18070002002000130020006b
:10a18000c01320004918070002002000130020001f
:10a1900000142000451807000200200013002000d2
:10a1a0004014200041180700020021000300200095
:10a1b000801420003d18070002002000130020003a
:10a1c000c0142000391807001214200003002000da
:10a1d00000152000351807001200200003002000a1
:10a1e0004015200031180700820c200003002000d9
:10a1f000801520002d180700a20220000300200077
:10a200008016200029180700b22b20000300200030
:10a210000017200025180700120820000300200066
:10a22000c017200021180700f200200003002000c2
:10a23000c01820001d180700520520000300200050
:10a2400000192000191807006011b800401a2000fa
:10a25000161807005201200003002000001c2000f7
:10a26000121807006011b800402120000f180700e5
:10a270000208200003002000c02120000b18070066
:10a280006011b800402220000818070022002000ba
:10a2900003002000402520000418070022002000b1
:10a2a0002301200080252000001807002200200044
:10a2b00053002000c0252000fc17070032002000ba
:10a2c0003300200000262000f817070082a3240096
:10a2d0000300200040262000f41707008200200021
:10a2e0000300200080262000f01707004200200015
:10a2f00053002000c0262000ec17070002022000b7
:10a300000300200000272000e8170700f2012000ca
:10a310000300200040272000e4170700120020005f
:10a320002300200080272000e017070022002000e3
:10a3300003002000c0272000dc17070012002000c7
:10a3400003002000c0112000d81707008000eb0098
:10a3500000502000c21707008000eb00000025001d
:10a36000bf17070001002800c0002500bc17070028
:10a370008000eb0000082500b9170700010220004b
:10a3800080002700b617070031002000a00027003a
:10a39000b317070001382000c0002700b0170700de
:10a3a000c1502000e0002700ad170700012d20005c
:10a3b00000012700aa1707000150200020012700f4
:10a3c000a71707005105200040012700a417070028
:10a3d0006100200060012700a11707007100200024
:10a3e000000027009e17070051c3200040002000f6
:10a3f0009b170700620020000300200000112000ce
:10a40000aa1707006200200003002000003120008e
:10a41000a617070041c12000400020009017070048
:10a420008000eb00000027008d17070041c12000cd
:10a43000400020008a170700f1d3200060012000af
:10a44000871707000080fa00000006000000fa00ed
:10a4500041002000400020008117070001f0230088
:10a46000200020007e1707008000eb002000200065
:10a470007b1707008000eb006000200078170700c2
:10a48000910020000000270075170700120020002f
:10a4900003002000803020008417070012002000f5
:10a4a00003002000c03020008017070012002000a9
:10a4b00003002000004a20007c1707002202210030
:10a4c00003002000c04a20007817070000e823009e
:10a4d000010020002b25070032002000030020008f
:10a4e000004a2000711707004201200003002000ed
:10a4f000803120006d170700d22b210003002000bf
:10a5000000322000691707006011b80040322000b7
:10a510006617070012102000030020008032200080
:10a520006217070002002000130020000033200003
:10a530005e170700020025000300200040332000c2
:10a540005a1707000200200013002000803320006b
:10a55000561707000200200013002000c03320001f
:10a5600052170700020020001300200000342000d2
:10a570004e17070002002000130020004034200086
:10a580004a17070002002100030020008034200049
:10a59000461707000200200013002000c0342000ee
:10a5a000421707001214200003002000003520008d
:10a5b0003e17070012002000030020004035200055
:10a5c0003a170700820c200003002000803520008d
:10a5d00036170700a202200003002000803620006a
:10a5e00032170700e22f2000030020000037200070
:10a5f0002e1707000208200003002000c0372000ab
:10a600002a1707000202200003002000c0382000a3
:10a6100026170700e2002000030020000039200078
:10a62000221707006011b800403a20001f170700ea
:10a630005201200003002000003c20001b170700ef
:10a640006011b800404120001817070002082000e0
:10a6500003002000c0412000141707006011b8005b
:10a660004042200011170700520020000300200084
:10a67000404520000d17070042002000f301200094
:10a68000804520000917070052002000b300200079
:10a69000c04520000517070052002000a30020003d
:10a6a0000046200001170700026524000300200077
:10a6b00040462000fd160700c200200003002000d5
:10a6c00080462000f916070072002000b300200029
:10a6d000c0462000f51607000202200003002000fb
:10a6e00000472000f1160700f201200003002000bf
:10a6f00040472000ed1607004200200053002000d4
:10a7000080472000e91607002200200003002000f7
:10a71000c0472000e51607001200200003002000bb
:10a72000c0312000e11607001200200003002000c5
:10a7300080102000dd16070012002000030020001a
:10a74000c0102000d91607001200200003002000ce
:10a75000002a2000d5160700220221000300200055
:10a76000c02a2000d116070000e8230001002000c5
:10a77000842407003200200003002000002a20006b
:10a78000ca160700420120000300200080112000ab
:10a79000c6160700d22b2100030020000012200063
:10a7a000c21607006011b80040122000bf16070053
:10a7b000121020000300200080122000bb160700aa
:10a7c000020020001300200000132000b71607002d
:10a7d000020025000300200040132000b3160700ec
:10a7e000020020001300200080132000af16070095
:10a7f0000200200013002000c0132000ab16070049
:10a80000020020001300200000142000a7160700fb
:10a81000020020001300200040142000a3160700af
:10a820000200210003002000801420009f16070072
:10a830000200200013002000c01420009b16070017
:10a8400012142000030020000015200097160700b6
:10a85000120020000300200040152000931607007e
:10a86000820c200003002000801520008f160700b6
:10a87000a202200003002000801620008b16070093
:10a88000e22f200003002000001720008716070099
:10a890000208200003002000c017200083160700d4
:10a8a0000202200003002000c01820007f160700cd
:10a8b000e200200003002000001920007b160700a2
:10a8c0006011b800401a20007816070052012000dd
:10a8d00003002000001c2000741607006011b8005f
:10a8e000402120007116070002082000030020000c
:10a8f000c02120006d1607006011b8004022200022
:10a900006a160700520020000300200040252000a6
:10a910006616070042002000f30120008025200079
:10a920006216070052002000b3002000c02520005e
:10a930005e16070052002000a30020000026200021
:10a940005a1607000265240003002000402620005c
:10a9500056160700c20020000300200080262000b9
:10a960005216070072002000b3002000c02620000d
:10a970004e160700020220000300200000272000de
:10a980004a160700f20120000300200040272000a3
:10a9900046160700420020005300200080272000b8
:10a9a000421607002200200003002000c0272000dc
:10a9b0003e1607001200200003002000c0112000f6
:10a9c0003a1607004100200000502000241607001e
:10a9d0006201200003002000001120003316070050
:10a9e0006201200003002000003120002f16070024
:10a9f0000088230011002000e2230700a2220700a4
:10aa00000010270021002000de230700910228000b
:10aa10004050200012160700210020004050200066
:10aa20000f160700010b2000405020000c160700f5
:10aa30009102280040502000091607002100200044
:10aa40004050200006160700611d200040502000e5
:10aa5000031607009102280040502000001607004e
:10aa60002100200040502000fd150700318b2100ff
:10aa700040502000fa1507009103280040502000a4
:10aa8000f71507002100200040502000f4150700b2
:10aa90001105200040502000f11507009103280007
:10aaa00040502000ee1507002100200040502000fb
:10aab000eb15070031c5210040502000e8150700c4
:10aac0009103280040502000e515070021002000d8
:10aad00040502000e21507005103200040502000a4
:10aae000df1507009102280040502000dc15070008
:10aaf0002100200040502000d9150700013b200014
:10ab000040502000d6150700910328004050200037
:10ab1000d31507001100200040502000d015070079
:10ab20009102200040502000cd150700910328001d
:10ab300040502000ca15070011002000405020009e
:10ab4000c71507001101200040502000c415070060
:10ab500000882300110020008a2307008000eb00fa
:10ab600000002500be15070001002800c0002500d8
:10ab7000bb1507008000eb0000082500b815070092
:10ab80000102200080002700b515070021002000e9
:10ab9000a0002700b2150700c1642000c0002700f4
:10aba000af15070081a02000e0002700ac150700ca
:10abb000015a200000012700a915070001a020006c
:10abc00020012700a615070081042000400127006e
:10abd000a31507006100200060012700a0150700f1
:10abe000f1002000000027009d15070071c3200020
:10abf000400020009a15070062002000030020009a
:10ac000000112000a91507006200200003002000a9
:10ac100000312000a51507000080fa0000000600a2
:10ac20000000fa0041002000400020008c150700c1
:10ac300001f0230020002000891507008000eb00b0
:10ac400020002000861507008000eb006000200037
:10ac500083150700f1f32000600120008015070034
:10ac600080c0eb00205028006f15070080c0eb006b
:10ac7000b05028006c150700f1f3200040012000bf
:10ac800077150700e1cfb3002051280066150700b3
:10ac900080c0eb00405128006315070080c0eb0026
:10aca000505128006015070080c0eb00605128005b
:10acb0005d15070031c0b300004128005a15070098
:10acc000f1c3b300304128005715070071c0b3002d
:10acd000004228005415070011c3b300004f28009c
:10ace0005115070011c0b300404f28004e15070052
:10acf000012c210000542800591507008040eb006a
:10ad000000632800481507003175200010632800f3
:10ad10005315070021c0b300006728004215070043
:10ad2000012c2100c0a028004d15070011c0b30060
:10ad3000005e28003c15070001102000305e28004e
:10ad4000471507008040eb0000c0280036150700bb
:10ad500080c0eb0010c028003315070080c0eb0056
:10ad600020c028003015070080c0eb0030c028004c
:10ad70002d15070080c0eb0040c028002a150700f1
:10ad800080c0eb0050c028002715070080c0eb00f2
:10ad900060c02800241507008040eb0070c0280028
:10ada00021150700d1c4b30080c028001e1507007c
:10adb00021c1b30090c028001b15070081c0b3005b
:10adc000a0c02800181507008040eb00b0c0280084
:10add0001515070081c0b300c0c028001215070078
:10ade0008040eb00d0c028000f1507008040eb002a
:10adf000e0c028000c1507008040eb00f0c02800e0
:10ae000009150700c1c1b30000c1280006150700dd
:10ae1000e1c1b30010c128000315070011c0b30041
:10ae200020c128000015070031c0b30030c1280040
:10ae3000fd14070001c8b30040c12800fa14070040
:10ae4000c1c0b30050c12800f714070061c0b300af
:10ae500060c12800f414070081c7b30070c1280046
:10ae6000f1140700a1c0b30080c12800ee14070050
:10ae7000d1c0b30090c12800eb14070091ccb300ff
:10ae8000a0c12800e814070001cab300b0c128001f
:10ae9000e514070071c5b300c0c12800e214070023
:10aea00071c4b300d0c12800df14070081c9b3000a
:10aeb000e0c12800dc14070071c2b300f0c1280013
:10aec000d914070021c1b30000c22800d61407001e
:10aed00081c4b30010c22800d3140700c1c4b3005a
:10aee00020c22800d01407008040eb0030c22800a8
:10aef000cd1407008040eb0040c22800ca140700b0
:10af00008040eb0050c22800c714070011c0b300f6
:10af100060c22800c414070011c0b30070c228002a
:10af2000c114070011c0b30080c22800be1407007e
:10af300011c0b30090c22800bb14070011c0b300b9
:10af4000a0c22800b814070011c0b300b0c2280086
:10af5000b514070011c0b300c0c22800b214070026
:10af600011c0b300d0c22800af14070011c0b30055
:10af7000e0c22800ac14070011c0b300f0c22800e2
:10af8000a914070011c0b30000c32800a6140700cd
:10af900011c0b30010c32800a314070011c0b300f0
:10afa00020c32800a014070011c0b30030c328003c
:10afb0009d14070011c0b30040c328009a14070075
:10afc00011c0b30050c328009714070001c5b30097
:10afd00060c3280094140700f1c5b30070c32800b3
:10afe0009114070001cab30080c328008e14070023
:10aff000c1cab30090c328008b14070001c5b30079
:10b00000a0c32800881407008040eb00b0c32800cc
:10b010008514070081c0b300c0c328008214070054
:10b0200001cab300d0c328007f14070041c6b30093
:10b03000e0c328007c14070001c2b300f0c328005d
:10b040007914070021c2b30000c428007614070059
:10b050008040eb0010c428007314070081c7b300c0
:10b0600020c428007014070041c4b30030c4280075
:10b070006d1407008040eb0040c428006a140700ec
:10b080008040eb0050c42800671407008040eb00ac
:10b0900060c428006414070081c1b30070c4280094
:10b0a0006114070001c5b30080c428005e140700c6
:10b0b000f1c5b30090c428005b14070001cab300b7
:10b0c000a0c4280058140700c1cab300b0c42800a7
:10b0d0005514070001c5b300c0c42800521407006e
:10b0e0008040eb00d0c428004f14070081c0b3009b
:10b0f000e0c428004c14070001cab300f0c42800c3
:10b100004914070041c6b30000c5280046140700d3
:10b1100001c2b30010c528004314070021c2b300c8
:10b1200020c52800401407008040eb0030c52800ef
:10b130003d14070081c7b30040c528003a1407003a
:10b1400041c4b30050c52800371407008040eb000d
:10b1500060c52800341407008040eb0070c528004b
:10b16000311407008040eb0080c528002e14070032
:10b1700081c1b30090c528002b1407008040eb006c
:10b18000a0c52800281407008040eb00b0c52800a7
:10b19000251407008040eb00c0c5280022140700da
:10b1a000c1cfb300d0c528001f1407008040eb00ba
:10b1b000e0c528001c14070031c5b300f0c5280005
:10b1c0001914070041c5b30000c628001614070073
:10b1d00001c3b30010c628001314070051c3b30005
:10b1e00020c628001014070051c3b30030c6280041
:10b1f0000d14070001c3b30040c628000a1407005d
:10b2000011c5b30050c628000714070081c4b3005d
:10b2100060c628000414070041c4b30070c62800ab
:10b220000114070031c5b30080c62800fe130700d3
:10b2300011c4b30090c62800fb130700e1c4b3009b
:10b24000a0c62800f813070041c5b300b0c6280007
:10b25000f51307008040eb00c0c62800f21307007a
:10b260008040eb00d0c62800ef1307008040eb00c1
:10b27000e0c62800ec130700d1cfb300f0c62800c9
:10b28000e91307008040eb0000c72800e613070021
:10b2900061c3b30010c72800e313070021c4b30043
:10b2a00020c72800e013070051c4b30030c72800ae
:10b2b000dd130700b1c4b30040c72800da1307004c
:10b2c00091c1b30050c72800d71307008040eb009e
:10b2d00060c72800d4130700a1c0b30070c72800be
:10b2e000d113070001c2b30080c72800ce130700a6
:10b2f00001c2b30090c72800cb13070001c2b300fe
:10b30000a0c72800c813070001c2b300b0c72800b7
:10b31000c513070001c2b300c0c72800c21307004d
:10b3200001c2b300d0c72800bf13070011c0b3008b
:10b33000e0c72800bc13070091c7b300f0c728007e
:10b34000b913070021c0b30000c82800b6130700d6
:10b3500031c0b30010c82800b3130700a1c1b30067
:10b3600020c82800b013070001ccb30030c8280063
:10b37000ad13070071c4b30040c82800aa1307002a
:10b3800001c7b30050c82800a713070001c7b300c6
:10b3900060c82800a413070001c7b30070c82800c4
:10b3a000a113070001c7b30080c828009e1307003f
:10b3b00001c7b30090c828009b13070001c7b30062
:10b3c000a0c828009813070001c7b300b0c8280020
:10b3d0009513070031c2b300c0c8280092130700bc
:10b3e00091c0b300d0c828008f13070071c0b3000c
:10b3f000e0c828008c13070011c0b300f0c8280073
:10b400008913070031c8b30000c92800861307005c
:10b4100011c0b30010c92800831307008040eb005f
:10b4200020c92800801307008040eb0030c92800a5
:10b430007d13070051c6b30040c928007a130700e6
:10b4400031c0b30050c9280077130700c1c0b30052
:10b4500060c92800741307008040eb0070c9280001
:10b460007113070001c1b30080c928006e130700e3
:10b470008040eb0090c928006b13070001c5b300a2
:10b48000a0c9280068130700f1c5b300b0c928009f
:10b490006513070001cab300c0c928006213070082
:10b4a000c1cab300d0c928005f13070001c5b300ab
:10b4b000e0c928005c1307008040eb00f0c92800b9
:10b4c0005913070081c0b30000ca280056130700b3
:10b4d00001cab30010ca28005313070041c6b300c5
:10b4e00020ca28005013070001c2b30030ca280048
:10b4f0004d13070021c2b30040ca28004a130700b9
:10b500008040eb0050ca28004713070081c7b300f2
:10b5100060ca28004413070041c4b30070ca280061
:10b52000411307008040eb0080ca28003e1307004b
:10b530008040eb0090ca28003b1307008040eb00de
:10b54000a0ca28003813070081c1b300b0ca280080
:10b550003513070001c5b300c0ca28003213070025
:10b56000f1c5b300d0ca28002f13070001cab300e9
:10b57000e0ca28002c130700c1cab300f0ca280093
:10b580002913070001c5b30000cb280026130700cc
:10b590008040eb0010cb28002313070081c0b300cc
:10b5a00020cb28002013070001cab30030cb2800ad
:10b5b0001d13070041c6b30040cb28001a13070033
:10b5c00001c2b30050cb28001713070021c2b300fb
:10b5d00060cb2800141307008040eb0070cb2800dc
:10b5e0001113070081c7b30080cb28000e1307009a
:10b5f00041c4b30090cb28000b1307008040eb0040
:10b60000a0cb2800081307008040eb00b0cb280037
:10b61000051307008040eb00c0cb28000213070091
:10b6200081c1b300d0cb2800ff12070001c5b300d1
:10b63000e0cb2800fc120700f1c5b300f0cb2800d6
:10b64000f912070001cab30000cc2800f612070067
:10b65000c1cab30010cc2800f312070001c5b30023
:10b6600020cc2800f01207008040eb0030cc2800ee
:10b67000ed12070081c0b30040cc2800ea12070099
:10b6800001cab30050cc2800e712070041c6b3003e
:10b6900060cc2800e412070001c2b30070cc28007f
:10b6a000e112070021c2b30080cc2800de1207009f
:10b6b0008040eb0090cc2800db12070081c7b3006c
:10b6c000a0cc2800d812070041c4b300b0cc280099
:10b6d000d51207008040eb00c0cc2800d212070032
:10b6e0008040eb00d0cc2800cf1207008040eb0058
:10b6f000e0cc2800cc12070081c1b300f0cc2800b8
:10b70000c912070001c5b30000cd2800c61207000a
:10b71000f1c5b30010cd2800c312070001cab30061
:10b7200020cd2800c0120700c1cab30030cd2800c8
:10b73000bd12070001c5b30040cd2800ba120700b2
:10b740008040eb0050cd2800b712070081c0b30045
:10b7500060cd2800b412070001cab30070cd2800e4
:10b76000b112070041c6b30080cd2800ae12070019
:10b7700001c2b30090cd2800ab12070021c2b30074
:10b78000a0cd2800a81207008040eb00b0cd280013
:10b79000a512070081c7b300c0cd2800a212070080
:10b7a00041c4b300d0cd28009f1207008040eb00b9
:10b7b000e0cd28009c1207008040eb00f0cd28006f
:10b7c000991207008040eb0000ce28009612070077
:10b7d00081c1b30010ce2800931207008040eb0017
:10b7e00020ce2800901207008040eb0030ce2800c9
:10b7f0008d1207008040eb0040ce28008a1207001f
:10b800008040eb0050ce2800871207008040eb00fc
:10b8100060ce2800841207008040eb0070ce280024
:10b82000811207008040eb0080ce28007e120700c6
:10b830008040eb0090ce28007b1207008040eb0098
:10b84000a0ce2800781207008040eb00b0ce280080
:10b85000751207008040eb00c0ce2800721207006e
:10b860008040eb00d0ce28006f1207008040eb0034
:10b87000e0ce28006c1207008040eb00f0ce2800dc
:10b88000691207008040eb0000cf28006612070015
:10b890008040eb0010cf2800631207008040eb00cf
:10b8a00020cf2800601207008040eb0030cf280036
:10b8b0005d1207008040eb0040cf28005a120700bd
:10b8c0008040eb0050cf2800571207008040eb006b
:10b8d00060cf2800541207008040eb0070cf280092
:10b8e000511207008040eb0080cf28004e12070065
:10b8f0008040eb0090cf28004b1207008040eb0007
:10b90000a0cf2800481207008040eb00b0cf2800ed
:10b91000451207008040eb00c0cf2800421207000c
:10b920008040eb00d0cf28003f1207008040eb00a2
:10b93000e0cf28003c120700a1cdb300f0cf2800d3
:10b940003912070021c0b300305428003612070016
:10b9500011c1b30040542800331207008040eb00af
:10b96000006028003012070031cfb30020602800ab
:10b970002d12070021c0b300306028002a120700f2
:10b98000c1c0b300406028002712070051c0b300b7
:10b9900060602800241207008040eb0070602800df
:10b9a0002112070021c0b300206528001e120700e5
:10b9b000a29b2400c3202000106728003b12070030
:10b9c00092082b00131e2000506728003712070032
:10b9d0008040eb0000682800131207000080fa0086
:10b9e000000006000200fa0000522800781107004b
:10b9f000004f78000052280075110700004f7800b2
:10ba00000052280072110700004f7800f1d3200087
:10ba10006001200012120700110020002000200009
:10ba20000f1207009e40780061cf60001e80fb006f
:10ba30000080fa00000006000a00fa008000eb0017
:10ba40002000200006120700000a2000010020004c
:10ba5000cc1f07004001200068110700000f78008c
:10ba6000a001200065110700204798002e4090009b
:10ba700061406000304798002050280054110700b2
:10ba8000404798004e409000614060004047980059
:10ba9000b05028004e110700504798005e409000bb
:10baa0000080fb00620060000080d10060479800c9
:10bab000005228004611070070479800fe40900091
:10bac00010c8b30000c0600070479800f1f3200078
:10bad00060012000e211070080c0eb002050280028
:10bae000d111070080c0eb00b0502800ce11070034
:10baf000f1f3200040012000d91107006e409000b2
:10bb00000080fb00c300dd003e4090000080fb0091
:10bb10004200dd00810070004e4090000080fb007c
:10bb200000004000810070007e4090000080fb001b
:10bb300001007000400798004e0090000080fa005d
:10bb4000000006000000fa00f1d320006001200090
:10bb5000c311070011c0b300a0542800b2110700a0
:10bb60000080fa00000006000000fa0000402b00f0
:10bb7000414c2000831f070041c1200040002000ed
:10bb8000b71107000120210020002000b411070098
:10bb90008000eb0020002000b111070021c4b30099
:10bba00020a02800a01107001200200003002000a0
:10bbb00080102000bd1107001200200003002000ab
:10bbc000c0102000b911070012002000030020005f
:10bbd000002a2000b51107002202210003002000e6
:10bbe000c02a2000b111070000e823000100200056
:10bbf000641f07003200200003002000002a2000fc
:10bc0000aa1107004201200003002000801120003b
:10bc1000a6110700d22b21000300200000122000f3
:10bc2000a21107006011b800401220009f11070008
:10bc30001210200003002000801220009b1107003a
:10bc400002002000130020000013200097110700bd
:10bc5000020025000300200040132000931107007c
:10bc60000200200013002000801320008f11070025
:10bc70000200200013002000c01320008b110700d9
:10bc8000020020001300200000142000871107008c
:10bc90000200200013002000401420008311070040
:10bca0000200210003002000801420007f11070003
:10bcb0000200200013002000c01420007b110700a8
:10bcc0001214200003002000001520007711070047
:10bcd000120020000300200040152000731107000f
:10bce000820c200003002000801520006f11070047
:10bcf000a202200003002000801620006b11070024
:10bd0000022a20000300200000172000671107000e
:10bd10000208200003002000c01720006311070064
:10bd20000202200003002000c01820005f1107005d
:10bd3000e200200003002000001920005b11070032
:10bd40006011b800401a200058110700520120006d
:10bd500003002000001c2000541107006011b800ef
:10bd6000402120005111070002082000030020009c
:10bd7000c02120004d1107006011b80040222000b2
:10bd80004a11070052002000030020004025200037
:10bd90004611070042002000f3012000802520000a
:10bda0004211070052002000b3002000c0252000ef
:10bdb0003e11070052002000a300200000262000b2
:10bdc0003a110700026524000300200040262000ed
:10bdd00036110700c200200003002000802620004a
:10bde0003211070072002000b3002000c02620009e
:10bdf0002e1107000202200003002000002720006f
:10be00002a110700f2012000030020004027200033
:10be10002611070042002000530020008027200048
:10be2000221107002200200003002000c02720006c
:10be30001e1107001200200003002000c011200086
:10be40001a1107001200200003002000803020009b
:10be5000161107001200200003002000c03020004f
:10be6000121107001200200003002000004a2000e9
:10be70000e1107002202210003002000c04a20000a
:10be80000a11070000e8230001002000bd1e070082
:10be90003200200003002000004a200003110700a8
:10bea000420120000300200080312000ff10070025
:10beb000d22b21000300200000322000fb100700dd
:10bec0006011b80040322000f81007001210200066
:10bed0000300200080322000f41007000200200040
:10bee0001300200000332000f0100700020025009e
:10bef0000300200040332000ec1007000200200067
:10bf00001300200080332000e8100700020020000a
:10bf100013002000c0332000e410070002002000be
:10bf20001300200000342000e01007000200200071
:10bf30001300200040342000dc1007000200210024
:10bf40000300200080342000d810070002002000e9
:10bf500013002000c0342000d41007001214200069
:10bf60000300200000352000d01007001200200040
:10bf70000300200040352000cc100700820c200078
:10bf80000300200080352000c8100700a202200016
:10bf90000300200080362000c4100700022a200081
:10bfa0000300200000372000c01007000208200016
:10bfb00003002000c0372000bc1007000202200050
:10bfc00003002000c0382000b8100700e200200065
:10bfd0000300200000392000b41007006011b800f1
:10bfe000403a2000b1100700520120000300200059
:10bff000003c2000ad1007006011b8004041200057
:10c00000aa1007000208200003002000c041200001
:10c01000a61007006011b80040422000a3100700de
:10c020005200200003002000404520009f10070020
:10c0300042002000f3012000804520009b100700f3
:10c0400052002000b3002000c045200097100700d8
:10c0500052002000a300200000462000931007009b
:10c060000265240003002000404620008f100700d6
:10c07000c200200003002000804620008b10070033
:10c0800072002000b3002000c04620008710070087
:10c090000202200003002000004720008310070058
:10c0a000f201200003002000404720007f1007001d
:10c0b0004200200053002000804720007b10070032
:10c0c0002200200003002000c04720007710070056
:10c0d0001200200003002000c03120007310070070
:10c0e00041002000005020005d1007006201200088
:10c0f00003002000001120006c10070062012000e6
:10c100000300200000312000681007000088230091
:10c11000110020001b1e0700db1c07000010270079
:10c1200021002000171e0700910228004050200027
:10c130004b1007002100200040502000481007004d
:10c14000010b2000405020004510070091022800fc
:10c1500040502000421007002100200040502000e5
:10c160003f100700611d2000405020003c100700d8
:10c1700091022800405020003910070021002000c3
:10c180004050200036100700318b21004050200025
:10c1900033100700910328004050200030100700a2
:10c1a00021002000405020002d1007001105200024
:10c1b000405020002a100700910328004050200022
:10c1c0002710070021002000405020002410070005
:10c1d00031c52100405020002110070091032800a4
:10c1e000405020001e100700210020004050200079
:10c1f0001b100700510320004050200018100700ba
:10c200009102280040502000151007002100200056
:10c210004050200012100700013b20004050200039
:10c220000f10070091032800405020000c10070059
:10c23000110020004050200009100700910220004a
:10c2400040502000061007009103280040502000b5
:10c2500003100700110020004050200000100700cc
:10c260001101200040502000fd0f0700008823002e
:10c2700011002000c31d07008000eb000000250016
:10c28000f70f07008000eb00c0002500f40f070047
:10c29000f12c2000e0002500f10f07008000eb00ea
:10c2a00000082500ee0f0700012d2000c008250022
:10c2b000eb0f0700f1592000e0082500e80f070008
:10c2c0000108200000082700e50f07000187200073
:10c2d00080002500e20f070001872000800825006c
:10c2e000df0f070080c0eb0020502800ce0f0700b2
:10c2f00080c0eb0030502800cb0f070080c0eb005f
:10c3000040502800c80f070080c0eb0050502800a4
:10c31000c50f070080c0eb0060502800c20f070067
:10c3200080c0eb00b0502800bf0f0700f1f32000e1
:10c3300040012000ca0f0700f1d320006001200057
:10c34000c70f070071c3200040002000c40f070082
:10c350008000eb0060002000c10f07006200200099
:10c360000300200000112000d00f07006200200011
:10c370000300200000312000cc0f07000080fa00ed
:10c38000000006000000fa0041c12000400020002b
:10c39000b30f07008100200060002000b00f0700ed
:10c3a0000120210020002000ad0f07008000eb00dd
:10c3b00020002000aa0f07008000eb006000200092
:10c3c000a70f07009100200000002700a40f07001e
:10c3d000120020000300200080302000b30f07006f
:10c3e0001200200003002000c0302000af0f070023
:10c3f0001200200003002000004a2000ab0f0700bd
:10c400002202210003002000c04a2000a70f0700dd
:10c4100000e82300010020005a1d07003200200020
:10c4200003002000004a2000a00f07004201200066
:10c4300003002000803120009c0f0700d22b210038
:10c440000300200000322000980f07006011b800a0
:10c4500040322000950f070012102000030020003a
:10c4600080322000910f07000200200013002000fe
:10c47000003320008d0f070002002500030020007c
:10c4800040332000890f0700020020001300200025
:10c4900080332000850f07000200200013002000d9
:10c4a000c0332000810f070002002000130020008d
:10c4b000003420007d0f0700020020001300200040
:10c4c00040342000790f0700020021000300200003
:10c4d00080342000750f07000200200013002000a8
:10c4e000c0342000710f0700121420000300200048
:10c4f000003520006d0f070012002000030020000f
:10c5000040352000690f0700820c20000300200046
:10c5100080352000650f0700a202200003002000e4
:10c5200080362000610f0700926420000300200085
:10c53000003720005d0f07000208200003002000e4
:10c54000c0372000590f070002012000030020001f
:10c55000c0382000550f0700e20120000300200032
:10c5600000392000510f07006011b800403a200048
:10c570004e0f07005201200003002000003c200065
:10c580004a0f07006011b80040412000470f070024
:10c590000208200003002000c0412000430f0700d4
:10c5a0006011b80040422000400f070052002000f8
:10c5b00003002000404520003c0f070042002000ff
:10c5c000f301200080452000380f070052002000b2
:10c5d000b3002000c0452000340f070052002000a7
:10c5e000a300200000462000300f07000265240051
:10c5f00003002000404620002c0f0700c20020004e
:10c600000300200080462000280f07007200200051
:10c61000b3002000c0462000240f070002022000c3
:10c620000300200000472000200f0700f201200037
:10c6300003002000404720001c0f0700420020009c
:10c640005300200080472000180f07002200200020
:10c6500003002000c0472000140f07001200200034
:10c6600003002000c0312000100f0700120020003e
:10c6700003002000801020000c0f07001200200093
:10c6800003002000c0102000080f07001200200047
:10c6900003002000002a2000040f070022022100ce
:10c6a00003002000c02a2000000f070000e823003c
:10c6b00001002000b31c070032002000030020000e
:10c6c000002a2000f90e070042012000030020008c
:10c6d00080112000f50e0700d22b2100030020005e
:10c6e00000122000f10e07006011b8004012200077
:10c6f000ee0e070012102000030020008012200020
:10c70000ea0e0700020020001300200000132000a2
:10c71000e60e070002002500030020004013200061
:10c72000e20e07000200200013002000801320000a
:10c73000de0e07000200200013002000c0132000be
:10c74000da0e070002002000130020000014200071
:10c75000d60e070002002000130020004014200025
:10c76000d20e0700020021000300200080142000e8
:10c77000ce0e07000200200013002000c01420008d
:10c78000ca0e07001214200003002000001520002c
:10c79000c60e0700120020000300200040152000f4
:10c7a000c20e0700820c200003002000801520002c
:10c7b000be0e0700a2022000030020008016200009
:10c7c000ba0e07009264200003002000001720002a
:10c7d000b60e07000208200003002000c01720004a
:10c7e000b20e07000201200003002000c018200044
:10c7f000ae0e0700e2012000030020000019200017
:10c80000aa0e07006011b800401a2000a70e07000a
:10c810005201200003002000001c2000a30e07008e
:10c820006011b80040212000a00e0700020820007f
:10c8300003002000c02120009c0e07006011b800fa
:10c8400040222000990e0700520020000300200023
:10c8500040252000950e070042002000f301200033
:10c8600080252000910e070052002000b300200018
:10c87000c02520008d0e070052002000a3002000dc
:10c8800000262000890e0700026524000300200016
:10c8900040262000850e0700c20020000300200073
:10c8a00080262000810e070072002000b3002000c7
:10c8b000c02620007d0e0700020220000300200099
:10c8c00000272000790e0700f2012000030020005d
:10c8d00040272000750e0700420020005300200072
:10c8e00080272000710e0700220020000300200096
:10c8f000c02720006d0e070012002000030020005a
:10c90000c0112000690e07004100200000502000e7
:10c91000530e07008000eb0000002500500e0700ba
:10c9200001002800c00025004d0e07008000eb002c
:10c93000000825004a0e07000102200080002700a1
:10c94000470e070021002000a0002700440e07002a
:10c9500021632000c0002700410e070081a02000b5
:10c96000e00027003e0e0700015a200000012700ca
:10c970003b0e070001a0200020012700380e070011
:10c980008104200040012700350e070041002000ef
:10c9900060012700320e0700710020000000270010
:10c9a0002f0e070071c32000400020002c0e07004e
:10c9b0006200200003002000001120003b0e070051
:10c9c000620020000300200000312000370e070025
:10c9d00041c1200040002000210e07008000eb0034
:10c9e000000027001e0e07000080fa00000006006d
:10c9f0000000fa0041c1200040002000180e07008e
:10ca0000f1d3200060012000150e07000080fa001d
:10ca1000000006000000fa009103280040502000aa
:10ca20000f0e070021002000405020000c0e0700d0
:10ca30008000eb0040502000090e07000080fa0043
:10ca4000000006000400fa00100798001e00900085
:10ca5000cf80de00e1dd0700b29d2f00e3e7230079
:10ca600006de0700bcdd0700000f78001e0078001e
:10ca70004800dd00000f780000f02f001e0f60005e
:10ca8000100520001e0f7000910328004050200068
:10ca9000f30d07002100200040502000f00d07009a
:10caa0001e0078008000780040502000ec0d070048
:10cab0000080fa00000006000200fa009ec0a900f3
:10cac0000080eb00702488000080eb005024880078
:10cad000aa24ef00220020008000eb00c04a2000c2
:10cae00054df07002000200030258800a824ef0034
:10caf0008644a900f009200080248800f009200065
:10cb00006024880082c4a8008804a80000a0200037
:10cb10004800de00c02488000040eb00004f780091
:10cb2000070037001e80fb00c200dd0000a02000cf
:10cb3000008140006000b8000089be001e4fe80080
:10cb40001e407800e74f5000f6ff36009424a800fe
:10cb50009624ef0094a4a9009424a900800020004a
:10cb600050248800c09520008040eb0001487800e8
:10cb7000209620008040eb0001487800309620008d
:10cb800090407800e0c060000148780040962000a6
:10cb900090407800e0c06000014878005024800098
:10cba000680060000000e000ecff3a0010c0b30035
:10cbb00041e8b70010c0b30042e8b7004368ef0097
:10cbc0004468ef003b68ef000040eb00004f780046
:10cbd000150037001e80fb008000400020832000ed
:10cbe000008040008000eb00010878001e80fb0000
:10cbf00080004000e0822000008040008000eb00c8
:10cc0000010878001e80fb00719620000041eb00b7
:10cc1000827078001e80fb00919620000041eb009e
:10cc2000827078001e4fe8001e407800e14f5000ef
:10cc3000e8ff360080a0200090418800d00020004e
:10cc400050258800b09620001050880000a02000d9
:10cc500081c0b3000148780010a0200041c0b3009b
:10cc60000148780010a02000104078008040780033
:10cc70000174a00010a02000014878002868ef008f
:10cc80004628ef004828ef004a68ef002628ef000a
:10cc90000080fa00000006000200fa003041800027
:10cca000e10f50000b003a00a12480000004200096
:10ccb000008060000000e00006003a000080eb0009
:10ccc000502488008c04a8008c84a8002000200038
:10ccd0003041880000248000700060000000e00007
:10cce0000700320010248000700060000000e000a7
:10ccf000030032000001200000248800bf04070068
:10cd000040248000620060000000e0000200320069
:10cd10008ec0a900a100370050248000610060008f
:10cd20000000e0000a003200602480006100600022
:10cd30000000e000060032005fff07009ec0a80070
:10cd4000400020003041880010002000502488005e
:10cd500050248000700060000000e00005003200f8
:10cd600060248000700060000000e00001003200dc
:10cd7000950407000124800000042000008060006a
:10cd80000000e000030032000004200000248800be
:10cd9000f206070050248000640060000000e000fc
:10cda0001400320060248000640060000000e00095
:10cdb00004003200120020008000eb003007200049
:10cdc000721a070040002000502488003fc8bf00ae
:10cdd0000004e000030032003fc8bf000040e9004b
:10cde0003fe8b7003fc8bf000004e00001003a0080
:10cdf0009f0107005124800000082000008060008f
:10ce00000000e000060032006124800000082000dd
:10ce1000008060000000e000010032004e040700c6
:10ce200050248000620060000000e0000c0032002e
:10ce300060248000620060000000e0000800320012
:10ce4000120020008000eb00f0ff27004f1a0700bf
:10ce50000080eb007024880020002000502488000f
:10ce600030418000e30f500002003e008ec0a90058
:10ce70004a00370060248000680060000000e00085
:10ce8000450032000040eb00004f78003d003700c5
:10ce900050248000680060000000e0003d00320087
:10cea00090248000004078003ce8b7003cc8bf00f8
:10ceb0000080fb004400de00004078003de8b70041
:10cec00080002000502488003cc8bf0068406000fb
:10ced0000004e00011003a003dc8bf000081fb00e3
:10cee0008080fb00909620000080400090407800f9
:10cef00061c060000004a200e14060009096200044
:10cf000000004100e1c06000104178000204a1006f
:10cf10008140710001487800100037003dc8bf0013
:10cf20000081fb008080fb007096200000804000a4
:10cf30009040780061c060000004a200e140600001
:10cf40007096200000004100e1c0600010417800b0
:10cf50000204a10081407100014878003dc8bf0073
:10cf60000004e00002003a0030040700040037002b
:10cf70000001eb00c183200020072000031a0700f6
:10cf80001e4fe8001e407800e34f5000c0ff3600ff
:10cf900001003700000000008ec0a9000080fa00e8
:10cfa000000006000400fa0020479800314798006e
:10cfb0003e4090000080fb00680060000000e00040
:10cfc000030032008040eb002e40900097010700e4
:10cfd0003e4090000080fb00640060000000e00024
:10cfe0000300320011c0b3002e4090008f010700f3
:10cff000a14a20002e4090000080fb00000040006d
:10d00000008f40001e007800be409000014878006c
:10d010000080fa00000006000800fa00204798008f
:10d020003147980022079800634798003e409000df
:10d030000004e000070032002e4090000080fb005a
:10d04000800040002083200000804000100f780006
:10d05000060037002e4090000080fb00800040005a
:10d06000e082200000804000100f78001e00780051
:10d070000000e00002003a000000eb00370037003b
:10d08000ae0090001e007800110098001e0078008d
:10d09000ee409000014878001e007800104090009b
:10d0a00002c4b300824060001e0078001140980066
:10d0b0001e00780010409000804078000134a000ed
:10d0c0001e007800114098001e007800104090006b
:10d0d000804078000174a0001e0078001140980084
:10d0e0003e4090000004e0000e0032002e40900010
:10d0f0000080fb00ae4090008180fb000181400079
:10d100002183200081004100910078000120a200cd
:10d110000001400020832000000041000108780049
:10d120000d0037002e4090000080fb00ae409000c4
:10d130008180fb0001814000e182200081004100ec
:10d14000910078000120a20000014000e082200050
:10d1500000004100010878001e0078000080fa00fd
:10d16000000006000400fa002047980031479800ac
:10d170002e4090000004e00017003a00604180005b
:10d1800081c0b3000148780060418000b196200062
:10d190001100980060418000c1c0b30011409800a8
:10d1a0006041800061418000914090000174a000c6
:10d1b000114098009041800041c0b3001140980098
:10d1c0009041800091418000914090000174a00046
:10d1d000114098002e0037002e4090000080fb0088
:10d1e00000004000800078003e4090000080fb007e
:10d1f000008040004300dd008000780000a0200097
:10d20000008f40001e0078001040900080407800a1
:10d210000124a0001e007800114098001e00780034
:10d2200010409000804078000174a0001e0078003b
:10d23000114098002e4090000080fb00000040004c
:10d24000800078003e4090000080fb00008040009d
:10d250004300dd00e400400000a02000008f4000fb
:10d260001e00780010409000804078000124a0004b
:10d270001e007800114098001e00780010409000b9
:10d28000804078000174a0001e00780011409800d2
:10d290000080fa00000006000200fa00004f78004b
:10d2a000a124800000022000008060000000e00057
:10d2b0004d0032001e80fb008000400020832000d3
:10d2c00000804000100378001e80fb0080004000ba
:10d2d0002083200000804000100078001002be0073
:10d2e000000420000100200084037800050278007b
:10d2f0008002780081007800058063008100620070
:10d3000081017800000178000200be00008bbe00a1
:10d310001e80fb0080004000208320000080400031
:10d32000100278001e80fb00800040002083200057
:10d3300000804000100078001001be0000042000b2
:10d34000010020000000690081806900008abe00a1
:10d350001e80fb009e80fb00018140002183200095
:10d3600081004100910078000120a20000014000ee
:10d370002083200000004100010878001e80fb008f
:10d380008000400020832000008040009000780052
:10d390001e80fb00000140002083200000004100af
:10d3a00010007800104090000044b20090409800b7
:10d3b0001e80fb0080004000208320000080400091
:10d3c000900078001e80fb000001400020832000b8
:10d3d00000004100100078001041900000c4b3002c
:10d3e00000406900904098000080fa0000000600ac
:10d3f0000000fa009424ef008c24ef002628ef00b0
:10d400000080fa00000006000000fa0030418000b1
:10d410000000e00014003a009424ef008c24ef0098
:10d420002000200030258800a824ef008644a900b1
:10d43000f009200080248800f00920006024880082
:10d4400082c4a8009ec0a800010037009404a80070
:10d45000a0248000610060000000e000fbff3200bb
:10d4600010002000304188000080fa000000060013
:10d470000000fa0041c8bf000004a2000004e00060
:10d480003400320010c0b30041e8b70042c8bf000a
:10d490000004a2000004e0002e00320010c0b3001f
:10d4a00042e8b70037c8bf00e24f50000c003a0016
:10d4b000904180008040eb0001487800904180005e
:10d4c00081c4b300114098009041800091418000d8
:10d4d000914090000174a000114098001d00370099
:10d4e00037c8bf00e14f50001a003a003e68ef0015
:10d4f0005041800081c0b300014878005041800055
:10d50000b1962000110098005041800041c0b30046
:10d51000114098005041800051418000914090009e
:10d520000174a0001140980010c0b3003ee8b7009d
:10d530006041800081c0b3000148780060418000f4
:10d54000b1962000110098006041800001c8b3002e
:10d55000114098000080fa00000006000000fa0068
:10d560004368ef004468ef0037c8bf00e24f500047
:10d570000f003a006041800081c0b300014878008c
:10d5800060418000319720001100980060418000c8
:10d5900081c4b30011409800604180006141800067
:10d5a000914090000174a000114098001d003700c8
:10d5b000109720001080fb00219720009180fb0035
:10d5c000c808dd000100700080007800f04a80008b
:10d5d000808f500007003100109720001080fb0062
:10d5e000219720009180fb00c808dd000100700039
:10d5f000f04a880096000700904180003197200093
:10d60000110098009041800081c4b300114098003f
:10d610009041800091418000914090000174a000f1
:10d62000114098000080fa00000006000400fa0093
:10d63000204798003147980000a02000000f780094
:10d640002e4090000080fb00000040008000780029
:10d650003e4090000080fb00008040004300dd0061
:10d660001e0f40001e0078009000780001f0a1001d
:10d67000010878003e4090000004e00007003a00f6
:10d680002e4090000080fb0080004000e0822000df
:10d69000008040001e087800060037002e409000f1
:10d6a0000080fb00800040002083200000804000bc
:10d6b0001e0878001e0078009000780001e0a100ac
:10d6c000010878009e007800648040009000780097
:10d6d00001e0a000010878000080fa0000000600c8
:10d6e0000000fa0094a4a900e14a8000000820008c
:10d6f000008060000000e00027003a002096200033
:10d700009040780000c8b30000c060000004e00052
:10d710000a00320020c0b30037e8b70044c8bf0099
:10d720000004a2000004e000010032008bff0700ab
:10d730004268ef004168ef0043003700604180001d
:10d7400081c0b3000148780060418000b19620009c
:10d750001100980060418000c1c0b30011409800e2
:10d760006041800061418000914090000174a00000
:10d77000114098009041800041c0b30011409800d2
:10d780009041800091418000914090000174a00080
:10d79000114098002c003700b0962000904078008f
:10d7a00000c8b30000c060000004e0000f003200b9
:10d7b00010c0b30037e8b70043c8bf000004a200a0
:10d7c0000004e0000100320064ff07004268ef003f
:10d7d0004168ef0040c8bf000004a2000004e00060
:10d7e0001900320022ff07001700370020c0b300e5
:10d7f00037e8b7006041800081c0b300014878007d
:10d8000060418000b19620001100980060418000c6
:10d8100041c0b30011409800604180006141800028
:10d82000914090000174a000114098004268ef0000
:10d830004168ef0040c8bf000004a2000004e000ff
:10d84000010032000aff07000080fa000000060015
:10d850000200fa0080c0b300004f7800f04a800058
:10d86000e70f50000d003e00f04a8000004f7800a6
:10d8700036c8bf000004e00003003a0010c0b30047
:10d8800036e8b7000500370036c8bf00e14f50004a
:10d8900002003a0020c0b30036e8b700f14a800029
:10d8a0001e80fb0000805000f04a880090418000fc
:10d8b0001e48780030972000c0418800e04a800070
:10d8c000610060000000e00017003a000900370026
:10d8d000c1418000d04a8000104178008248780021
:10d8e0008100e800c14188000000e800d04a8800bb
:10d8f0001e4fe9001e4078000004e000f4ff3a00eb
:10d900000c003700c1418000d04a800010417800ef
:10d91000824878008100e800c14188000000e800ea
:10d92000d04a88001e4fe9001e4078000004e00045
:10d93000f4ff3a000080fa00000006000200fa003e
:10d9400050418000104f78009e80fb0030962000f0
:10d950001080fb00429620001281fb004811dd0080
:10d9600002007000808f50000700360030962000c3
:10d970001080fb00419620009180fb00c808dd006c
:10d9800001007000004f7800309620001080fb00ee
:10d99000419620009180fb00c808dd000100700066
:10d9a000800078001e80fb0000805000f10f2000f6
:10d9b000010160003196200091417800e0c16100d2
:10d9c00002c1710082487800c800de004096200045
:10d9d0001041780060416100814071000148780089
:10d9e0000040eb00104798001c0037000096200014
:10d9f0001080fb00119620009180fb00c808dd001c
:10da0000010070009e4090008180fb003297200052
:10da1000e2c07800014878000000e800f10f200023
:10da2000010160000196200091417800e0c1610091
:10da300002c1710082487800c800de001096200004
:10da40001041780060416100814071000148780018
:10da50001e4090000040e800104798001e409000d3
:10da60009e4f5000e1ff3900309620001080fb00ef
:10da7000419620009180fb00c808dd000100700085
:10da80000000e0001e0032006041800081c0b30051
:10da90000148780060418000319720001100980013
:10daa0005041800090007800000024000080600059
:10dab0000000e00009003a006041800081c4b3002a
:10dac00011409800604180006141800091409000c9
:10dad0000174a000114098002f00370060418000c1
:10dae00081c0b30011409800604180006141800016
:10daf000914090000174a00011409800260037006a
:10db00006041800081c0b30001487800604180001e
:10db1000b1962000110098006041800041c0b30020
:10db20001140980060418000614180009140900068
:10db30000174a00011409800509620001080fb0056
:10db4000619620009180fb00c808dd000100700094
:10db50000000e00007003200509620001080fb001b
:10db6000619620009180fb00c808dd000100700074
:10db70000000010020962000904078000174a10070
:10db80000148780040c8bf000004a2000004e00083
:10db90000100320036fe07000080fa000000060097
:10dba0000200fa00e04a80000070a000e04a88000d
:10dbb000220020008000eb00c04a20001ddb07008f
:10dbc000020220008000eb0000a0200019db07000b
:10dbd0009424a8000040eb00004f780009003700b3
:10dbe0001e80fb00719620000041eb0082707800df
:10dbf0001e80fb00919620000041eb0082707800af
:10dc00001e4fe8001e407800e14f5000f4ff360040
:10dc1000120020008000eb009082200005db07004e
:10dc20009424a90080a020009041880000a020003a
:10dc3000504188005041800060418800d09620000b
:10dc40001040780028e8b70028c8bf000004e000b2
:10dc500003003a0000012000304188000600370030
:10dc6000120020008182200010002000c71607004b
:10dc700000022000304188000080fa000000060009
:10dc80000000fa00b09620009040780000c8b30071
:10dc900080cf500047003a00c095200001ccb3006f
:10dca00001487800e0962000104078000080fb00da
:10dcb000e20f500009003200e30f50002300320051
:10dcc000e10f500037003a00e04e2a00d04a8800a9
:10dcd00020012000f04a880036003700d09620004e
:10dce000104078000004e00014003a00d0962000b4
:10dcf000104078000080fb000000400080007800a9
:10dd0000e05a2a000080400010007800d04a8800c5
:10dd1000d04a80000080e80090407800e095200024
:10dd200001487800d04a80006300400090407800ad
:10dd3000f0952000014878001e003700c0952000b3
:10dd40008040eb00014878001a003700d096200090
:10dd500010407800e24f50000e003e00d0962000a8
:10dd6000104078000080fb00000040008000780038
:10dd7000005b2a000080400010007800d04a880034
:10dd8000d04a8000104078000080fb00f04a8800f4
:10dd900008003700c09520008040eb000148780063
:10dda00004003700c09520008040eb000148780057
:10ddb000000000000080fa00000006000200fa00e7
:10ddc000309720008040eb00014878004097200009
:10ddd0008040eb0001487800b09620009040780029
:10dde0007fc060000080fb00e10f50001100320096
:10ddf000e20f5000130032000000e00047003a003c
:10de0000e04a80000070a000e04a88003ac8bf00e5
:10de10000004e0003a003200309720001040780003
:10de2000804078000114a00030972000014878005d
:10de30003a003700e04a80000070a000e04a880005
:10de400036003700e04a80000070a000e04a8800f9
:10de5000f0962000104078006f4060000004e00061
:10de600029003200f09620009040780000c8b300ee
:10de700000c060000004e00009003a00f0962000b5
:10de8000904078006fc060000080fb008000400080
:10de9000e082200000804000100f7800080037006a
:10dea000f0962000904078006fc060000080fb007a
:10deb000800040002083200000804000100f780088
:10dec0001e007800900078000000280000806000ac
:10ded0000000e0000e0032001e0078009000780084
:10dee00000402000008060000000e0000a003200d6
:10def0003097200011c0b3000148780007003700b8
:10df0000000000000500370000000000030037009b
:10df1000000000000100370000000000e14a80001e
:10df200000082000008060000000e00008003200cf
:10df300030972000d04a8800e04a80000000a0000e
:10df4000e04a8800e095200021c0b3000148780035
:10df50000080fa00000006000000fa005025800052
:10df6000620060000000e0001300320050418000b9
:10df70009040900000c8b30080cf50000d003a00e0
:10df8000904180009040900040c8b30080cf500086
:10df900008003a0050418000c1c0b3001140980011
:10dfa0005041800051418000914090000174a000d8
:10dfb00011409800aa24a9000008200050248800dd
:10dfc0000080fa00000006000000fa008284a80029
:10dfd000000120005024880010c0b3003be8b700c7
:10dfe0004a68ef000001eb008000eb0050072000c2
:10dff000e61507000080fa00000006000000fa00a5
:10e000003b68ef000001eb008000eb0040072000c0
:10e01000de1507008284a90000012000002488008a
:10e020004a68ef000080fa00000006000000fa00d5
:10e03000d0c2b3003fe8b7003cc8bf000080fb007f
:10e040000020a1000000e0001f003a003cc8bf0013
:10e050000080fb004200de00004078000080fb00f2
:10e06000c200dd0000a02000008040005041880078
:10e070005041800060418800604180000020a20083
:10e0800060418800504180009000780000c023006b
:10e090008080600000402300808f500008003a001c
:10e0a0005041800010009000820020008000780025
:10e0b000b0962000d8d907000b00070008003700f1
:10e0c0003d000700060037003cc8bf000080fb0091
:10e0d0000020a100e80f500001003a0053000700a3
:10e0e0000080fa00000006000000fa003668ef0029
:10e0f0004068ef004368ef004468ef003e68ef00bf
:10e100003768ef009041800091418000914090007d
:10e110000174a10011409800904180000020a200ed
:10e120009041880090418000914180009140900092
:10e130000174a10011409800904180000020a200cd
:10e1400090418800604180006141800091409000d2
:10e150000174a10011409800c09520008040eb00a0
:10e16000014878000000eb00f04a8800209620006b
:10e170008040eb0001487800309620009040780005
:10e18000e0c0600001487800409620009040780090
:10e19000e0c0600001487800820007000001eb0049
:10e1a0008000eb0030002000781507004cfd0700d0
:10e1b0000080fa00000006000000fa0037c8bf0027
:10e1c000e24f500002003a00dcfd07001500370066
:10e1d0003768ef003ec8bf000004a2000004e00062
:10e1e0000f0032006041800081c0b3000148780018
:10e1f00060418000b19620001100980060418000cd
:10e20000c1c0b300114098006041800061418000ae
:10e21000914090000174a000114098000100370067
:10e220003e68ef000080fa00000006000200fa00dd
:10e2300090418000100078004e00de0061406000d8
:10e24000004f7800904180000020a200904188009b
:10e2500030418000e80f50000e003a00d0962000b8
:10e26000104078008080fb00f007200000806000f4
:10e27000b0248800b02480000000e00003003200d9
:10e2800000012000304188000200370040002000db
:10e290003041880037c8bf00e14f500025003a00e8
:10e2a00090418000319720001100980068fd070020
:10e2b00036c8bf00e24f500009003a00904180008c
:10e2c00041c0b3001140980090418000914180000e
:10e2d000914090000174a000114098002f00370079
:10e2e0001e4078000004e00009003a0090418000e0
:10e2f00081c4b3001140980090418000914180009a
:10e30000914090000174a000114098002300370054
:10e310009041800081c0b30011409800904180007e
:10e3200091418000914090000174a000114098003c
:10e330001a003700209620009040780000c8b300f3
:10e3400000c060000004e00013003200509620007e
:10e350001080fb00619620009180fb00c808dd0062
:10e36000010070000000e00007003200509620001d
:10e370001080fb00619620009180fb00c808dd0042
:10e3800001007000000001002096200090407800fd
:10e390000174a100014878003768ef000080fa009e
:10e3a000000006000000fa00b0962000104078003f
:10e3b0000046b2000004e00051003a00c096200080
:10e3c000104078000080fb00cf80de00b20020000b
:10e3d00003002000820f5000838f58004a003e0047
:10e3e000006001002100370022003700480037009c
:10e3f0002000370046003700060037000b003700ca
:10e400003a0037000d0037000a0037001b003700c4
:10e410002a003700e04a80000070a000e04a88002f
:10e4200080002000304188003a00370014fe0700c9
:10e4300038003700dafd0700360037008082200000
:10e44000d04a8800e04a80000000a000e04a88002e
:10e45000e095200011c0b30001487800e04a800038
:10e460000070a000e04a88002a00370053fe070031
:10e47000280037002900070026003700f09620000a
:10e48000104078008080fb009082200000804000d7
:10e49000d04a8800e04a80000000a000e04a8800de
:10e4a000e095200011c0b30001487800e04a8000e8
:10e4b0000070a000e04a880016003700e04a8000a3
:10e4c0000070a000e04a8800f0962000104078001c
:10e4d0000081fb00d09620009040780090822000c0
:10e4e00000004100014878000a0037000001eb00fd
:10e4f0008000eb0020002000a41407000500370076
:10e500000000000003003700000000000100370099
:10e51000000000000080fa00000006000600fa007b
:10e52000d096200010407800e14f500010003a00d3
:10e53000b0962000104078007f4060000004e000aa
:10e540000b003a00e04a80000070a000e04a88001a
:10e55000c096200010407800e34f500003003a00be
:10e5600010c0b3003ae8b700010037003a68ef0086
:10e57000d0962000104078000004e000f5003a003a
:10e58000b0962000104078007f406000e24f5000bd
:10e59000f0003a00f0962000104078006f406000d4
:10e5a0000004e000eb003200f0962000904078007c
:10e5b0006fc060000080fb00e10f5000e5003c00f0
:10e5c0003141800000022000808f5000e1003a00bd
:10e5d000e04a80000070a000e04a8800f096200029
:10e5e0009040780000c8b30000c060000004e00064
:10e5f00010003a00f0962000104178006f40610052
:10e600000080fb0080004000e0822000008040008d
:10e61000100f7800f0962000904078006fc06000e6
:10e620000080fb00919620006140780040479800f0
:10e630000f003700f0962000104178006f40610015
:10e640000080fb008000400020832000008040000c
:10e65000100f7800f0962000904078006fc06000a6
:10e660000080fb00719620006140780040479800d0
:10e670004e409000614060000004e00004003a0059
:10e680001e0078000020a100000f78000300370072
:10e690001e0078000020a000000f7800f0962000f7
:10e6a0009040780000c8b30000c060000004e000a3
:10e6b0000a003a00f0962000104178006f40610097
:10e6c0000080fb009e00780000014000e0822000f6
:10e6d000000041000108780009003700f096200092
:10e6e000904078006fc060000080fb009e007800c2
:10e6f0000001400020832000000041000108780054
:10e70000c096200010407800e34f50002c003a00e3
:10e710001e00780090007800000028000080600053
:10e720000000e00019003200f096200090407800d0
:10e7300000c8b30000c060000004e0000a003a0016
:10e74000f0962000104178006f4061008080fb004f
:10e750009096200000804000904078000114a000b6
:10e760000148780009003700f096200090407800ba
:10e770006fc060008080fb00709620000080400029
:10e78000904078000114a000014878001e00780035
:10e7900010409000804078000124a0001e00780006
:10e7a000114098001e0078001040900080407800d2
:10e7b0000174a0001e007800114098006500370029
:10e7c0001e0078000020a200000f78001e007800d4
:10e7d0009000780000002800008060000000e00049
:10e7e000110032001e007800104090008040780038
:10e7f0000174a1001e007800114098001e007800ee
:10e8000010409000804078000164a0001e00780055
:10e8100011409800220020009e0078005000200047
:10e82000da130700060037001e0078001040900041
:10e83000804078000164a0001e007800114098001c
:10e840001e0078000020a200000f78004e409000cb
:10e85000624060000004e00006003a001e007800fc
:10e860009000780000002800008060000000e000b8
:10e8700024003200f09620009040780000c8b300d9
:10e8800000c060000004e0000a003a00f09620009a
:10e89000104178006f4061008080fb00909620005e
:10e8a00000804000904078000114a10001487800e9
:10e8b00009003700f0962000904078006fc060009b
:10e8c0008080fb007096200000804000904078001f
:10e8d0000114a100014878001e007800104090004b
:10e8e000b2c3b300824060001e007800114098005f
:10e8f000220020009e00780050002000a313070093
:10e90000060037001e00780010409000b2c3b3002c
:10e91000824060001e00780011409800a14a20004b
:10e92000f0962000104178006f4061000080fb00ed
:10e930000000400000804000100798001e0090007a
:10e9400010407800804078000114a1001e00900063
:10e95000014878000080fa00000006000000fa007c
:10e96000304280004142800061004000e080480069
:10e9700030428800414288003bc8bf000004a2002a
:10e980000004e000080032004ac8bf000040e80070
:10e990004ae8b7004ac8bf000004e00002003a009d
:10e9a00000c0eb004ae8b7000080fa000000060053
:10e9b0000400fa003242800043428000028fbe0011
:10e9c00030428000414280001e01be00800f510095
:10e9d000818f5900f7ff3a001e00be000080fa0048
:10e9e000000006000000fa004e28ef00d1c1b3007d
:10e9f00010c0b3006bf9070003c4b30022892000e4
:10ea00008040eb0010c0b30083f90700604288002b
:10ea10000080fa00000006000000fa00304180008b
:10ea2000ff0f50009f03360040248000620060000a
:10ea30000000e0009d033a00604280000000e0001a
:10ea4000060032006042800090007800000028003c
:10ea5000008060000000e00095033a00208920005b
:10ea600010407800e54f50005c033a0020c8bf001a
:10ea70000004e00001003200c502a9003089200036
:10ea8000104078000080fb006101b9000080eb00bd
:10ea90008080eb00020040008380480032012000ab
:10eaa00003002000820f5000838f58004f033e0068
:10eab000006001001300370066003700a200370035
:10eac000e1003700100137003f0137006f013700c8
:10ead00098013700c10137000502370045033700b0
:10eae0004102370053023700420337006402370007
:10eaf00082023700a1023700bf023700d60237007a
:10eb0000f40237002068ef00c04280000000e000ff
:10eb100004003200f0408000e30f500001003a0092
:10eb2000c502a800704280000000e000060032002c
:10eb30007042800090007800000028000080600093
:10eb40000000e0002d033a00208d2000a1c0b3009a
:10eb500001487800308d200011c0b30001487800d2
:10eb6000204080004880de0080407800408d2000fa
:10eb7000014878002040800080407800508d2000bf
:10eb800001487800104080004800de008040780096
:10eb9000608d20000148780010408000804078009f
:10eba000708d200001487800004080004800de00a1
:10ebb00080407800808d200001487800004080006f
:10ebc00080407800908d200001487800304080001f
:10ebd0004880de0080407800a08d20000148780049
:10ebe0003040800080407800b08d200001487800df
:10ebf000404080004880de0080407800c08d2000ca
:10ec0000014878004040800080407800d08d20008e
:10ec100001487800504080004880de008040780045
:10ec2000e08d20000148780050408000804078004e
:10ec3000f08d20000148780003c4b300228d20002d
:10ec400011c0b30010c0b300f3f807007042880091
:10ec50000d03370050892000104078000004e000c8
:10ec60002000320060892000104078000080fb0006
:10ec700080428800804280004800dd008042880099
:10ec800070892000104078008080fb008042800066
:10ec9000010070008042880081428000f0ff230064
:10eca000008060008042880080428000e040880050
:10ecb00080428000bf0e070020c8bf000004a200f1
:10ecc0000004e00004003200f0408000e30f500038
:10ecd00001003a00c502a80010002000c0428800d0
:10ece00003003700c502a9005828ef001c28ef00d8
:10ecf000704280000000e000060032007042800098
:10ed00009000780000002800008060000000e00013
:10ed1000bc023a00208d2000a1c0b3000148780059
:10ed2000308d200021c0b3000148780003c4b30037
:10ed3000228d200011c0b30010c0b300b6f8070048
:10ed400070428800d00237004089200010407800cf
:10ed50000080fb0080428800804280004800dd0087
:10ed60008042880050892000104078008080fb009d
:10ed70008042800001007000804288008142800053
:10ed8000f03f2000008060008042880080428000c8
:10ed900080007800200020007c0c070060892000a3
:10eda000104078000080fb00804288008042800094
:10edb0004800dd0080428800708920001040780003
:10edc0008080fb008042800001007000804288004b
:10edd00081428000f03f2000008060008042880077
:10ede000804280008000780030002000670c07001f
:10edf000704280000000e000060032007042800097
:10ee00009000780000002800008060000000e00012
:10ee10007e023a00208d2000a1c0b3000148780096
:10ee2000308d200031c0b3000148780003c4b30026
:10ee3000228d200011c0b30010c0b30076f8070087
:10ee400070428800900237005089200010407800fe
:10ee50000004e000140032006089200010407800b7
:10ee60000080fb00e0428800e04280004800dd00b6
:10ee7000e042880070892000104078008080fb000c
:10ee8000e042800001007000e0428800e142800022
:10ee900000e8230000806000e0428800e04280003b
:10eea000cf0c0700020037000000eb00cc0c07007d
:10eeb000704280000000e0000600320070428000d6
:10eec0009000780000002800008060000000e00052
:10eed00050023a00208d2000a1c0b3000148780004
:10eee000308d200041c0b3000148780003c4b30056
:10eef000228d200011c0b30010c0b30046f80700f7
:10ef0000704288006002370050892000104078006d
:10ef10000004e000140032006089200010407800f6
:10ef20000080fb00f0428800f04280004800dd00d5
:10ef3000f042880070892000104078008080fb003b
:10ef4000f042800001007000f0428800f142800031
:10ef500000e8230000806000f0428800f04280005a
:10ef60005a0d0700020037000000eb00570d0700a4
:10ef7000704280000000e000060032007042800015
:10ef80009000780000002800008060000000e00091
:10ef900022023a00208d2000a1c0b3000148780071
:10efa000308d200051c0b3000148780003c4b30085
:10efb000228d200011c0b30010c0b30016f8070066
:10efc00070428800300237005089200010407800dd
:10efd0000080fb00e10f50000d003200e10f5000f7
:10efe00003003c000000e000060032001100370082
:10eff000e20f500009003200e30f50000a00320017
:10f000000c003700cdc2a900cde2a90009003700ed
:10f01000cde2a800cdc2a90006003700cdc2a800ed
:10f02000cde2a90003003700cde2a800cdc2a800c0
:10f0300000000000704280000000e0000600320086
:10f04000704280009000780000002800008060007e
:10f050000000e000f3013a00208d2000a1c0b300c1
:10f0600001487800308d200061c0b300014878006d
:10f0700003c4b300228d200011c0b30010c0b30040
:10f08000e5f7070070428800ff0137005228ef00c3
:10f090000a00370090428000914280008180e800a1
:10f0a0002289200062c178002191200082707800be
:10f0b000904280000000e80090428800904280006a
:10f0c000e90f5000f3ff3400a2c0b30021912000eb
:10f0d00060002000a0060700904288007042800077
:10f0e0000000e000060032007042800090007800ce
:10f0f00000002800008060000000e000cb013a0022
:10f10000208d2000a1c0b30001487800308d200080
:10f1100071c0b3000148780003c4b300228d200001
:10f1200011c0b30010c0b300bbf7070070428800e5
:10f13000d5013700704280000000e0000600320078
:10f14000704280009000780000002800008060007d
:10f150000000e000b7013a00a2c0b30021912000f6
:10f160006000200016060700904288005228ef0039
:10f170000a003700904280000080e8009142800041
:10f180002291200062c17800218d200082707800d9
:10f19000904280000000e800904288009042800089
:10f1a000e90f5000f3ff3400208d2000a1c0b30010
:10f1b00001487800308d200081c0b30001487800fc
:10f1c00003c4b300228d200011c0b30010c0b300ef
:10f1d00091f7070070428800ab013700408920009a
:10f1e000104078000080fb00a0428800a042800010
:10f1f0004800dd00a04288005089200010407800bf
:10f200008080fb00a042800001007000a0428800c6
:10f21000708920001040780056e8b70070428000e6
:10f220000000e0000600320070428000900078008c
:10f2300000002800008060000000e0007f013a002c
:10f240006185200091407800a04280000141780053
:10f2500021912000da050700904288005228ef0033
:10f260000a00370090428000640040009142800014
:10f270002291200062c17800218d200082707800e8
:10f28000904280000000e8009042880056c8bf000d
:10f290008080fb0090428000808f5000f1ff3c0096
:10f2a000208d2000a1c0b30001487800308d2000df
:10f2b00091c0b30001487800408d20008040eb00f1
:10f2c000014878006185200091407800508d200031
:10f2d0000148780003c4b300228d200011c0b300a0
:10f2e00010c0b3004cf70700704288006601370079
:10f2f00040892000104078000080fb00a042880078
:10f30000a04280004800dd00a04288005089200013
:10f31000104078008080fb00a04280000100700057
:10f32000a0428800708920001040780056e8b7009d
:10f330005228ef000a00370090428000914280007e
:10f34000e48040002289200062c1780021912000e1
:10f3500082707800904280000000e80090428800af
:10f3600056c8bf008080fb0090428000808f500014
:10f37000f1ff3c006185200091407800a0428000b0
:10f380000141780021912000f30507009042880098
:10f39000704280000000e0000600320070428000f1
:10f3a0009000780000002800008060000000e0006d
:10f3b00024013a00208d2000a1c0b300014878004c
:10f3c000308d2000a1c0b3000148780003c4b30011
:10f3d000228d200011c0b30010c0b3000ef707004b
:10f3e0007042880028013700704280000000e00071
:10f3f0000600320070428000900078000000280073
:10f40000008060000000e00010013a00208d200024
:10f4100011c8b3000148780003c4b300228d200056
:10f4200011c0b30010c0b300fbf6070070428800a3
:10f4300015013700704280000000e0000600320035
:10f44000704280009000780000002800008060007a
:10f450000000e000ff003a00208d200071c3b300df
:10f460000148780003c4b300228d200011c0b3000e
:10f4700010c0b300e8f607007042880002013700b0
:10f48000704280000000e000060032007042800000
:10f490009000780000002800008060000000e0007c
:10f4a000ee003a00208d2000a1c0b3000148780092
:10f4b000308d2000f1c0b30001487800b02d8500e8
:10f4c0004800de0080407800408d20000148780030
:10f4d000b02d850080407800508d200001487800d4
:10f4e00003c4b300228d200011c0b30010c0b300cc
:10f4f000c9f6070070428800e30037002091200021
:10f500008040eb00014878003091200080c0eb0083
:10f510000148780022c0b30021912000e0002000c3
:10f520008d050700704280000000e00006003200f8
:10f530007042800090007800000028000080600089
:10f540000000e000c7003a00208d2000a1c0b300f9
:10f5500001487800308d200001c1b30001487800d7
:10f5600003c4b300228d200011c0b30010c0b3004b
:10f57000a9f6070070428800c30037000110200080
:10f580002000200036030700001027002100200083
:10f59000fc1007008000eb00200020003003070073
:10f5a000704280000000e0000600320070428000df
:10f5b0009000780000002800008060000000e0005b
:10f5c000aa003a00208d2000a1c0b30001487800b5
:10f5d000308d200011c1b3000148780003c4b3008e
:10f5e000228d200011c0b30010c0b3008af60700be
:10f5f00070428800a4003700450707005af1070051
:10f60000704280000000e00006003200704280007e
:10f610009000780000002800008060000000e000fa
:10f6200094003a00208d2000a1c0b300014878006a
:10f63000308d200021c1b3000148780003c4b3001d
:10f64000228d200011c0b30010c0b30072f6070075
:10f65000704288008c0037005089200010407800ec
:10f66000e14f500004003a0010c0b30064e8b70056
:10f670006568ef00010037006468ef0070428000a9
:10f680000000e00006003200704280009000780028
:10f6900000002800008060000000e00077003a00d1
:10f6a000208d2000a1c0b30001487800308d2000db
:10f6b00031c1b3000148780003c4b300228d20009b
:10f6c00011c0b30010c0b30053f6070070428800a9
:10f6d0006d003700005228003d020700004078000e
:10f6e00060e8b70010522800390207000040780097
:10f6f00061e8b7002052280035020700004078007a
:10f7000062e8b7003052280031020700004078005c
:10f7100063e8b700704280000000e000060032009d
:10f720007042800090007800000028000080600097
:10f730000000e00053003a00208d2000a1c0b3007b
:10f7400001487800308d200041c1b30001487800a5
:10f75000408d20008040eb000148780001862000a9
:10f7600091407800508d200001487800608d200085
:10f770008040eb000148780011862000914078001d
:10f78000708d200001487800808d20008040eb00c3
:10f79000014878002186200091407800908d20005b
:10f7a00001487800a08d20008040eb0001487800df
:10f7b0003186200091407800b08d2000014878000b
:10f7c00003c4b300228d200011c0b30010c0b300e9
:10f7d00011f60700704288002b00370010c0b300fc
:10f7e00020e8b700c502a90027003700000000008c
:10f7f0002500370000000000230037000000000053
:10f8000021003700000000001f003700000000004a
:10f810001d003700000000001b0037000000000042
:10f82000190037000000000017003700000000003a
:10f830001500370000000000130037000000000032
:10f8400011003700000000000f003700000000002a
:10f850000d003700000000000b0037000000000022
:10f86000090037000000000007003700000000001a
:10f870000500370000000000030037000000000012
:10f88000010037000000000003c4b30022892000fb
:10f890008040eb0010c0b300dff507006042880035
:10f8a00003003700000000000100370000000000e6
:10f8b0000080fa00000006000200fa00000f780045
:10f8c00000000000b0108000ff006000c010800049
:10f8d0001e006000010070000000e000f9ff3a0027
:10f8e0000080fa00000006000000fa00d0092000a5
:10f8f000a010880000002800b01088001822ef0037
:10f900008a40a9009a40a8000080fa000000060082
:10f910000400fa00000f7800110798007e28ef001d
:10f9200030002400e4ff07001602a8003000240085
:10f93000e1ff0700f0438000e10f500002003a00b1
:10f940000080eb001800370010002000e043880022
:10f950001e007800004078000040400080407800a1
:10f960001e0090000040780000c040000080fb00b6
:10f970009010880000000000e04380000000e000dc
:10f98000fdff3a00f0438000e10f500002003a0012
:10f990000080eb0004003700c01080004f00de0044
:10f9a000004078000080fb000080fa0000000600a4
:10f9b0000400fa00000f7800110798007e28ef007d
:10f9c00030002400bcff07001622a80030002400ed
:10f9d000b9ff0700f0438000e10f500002003a0039
:10f9e0000080eb001800370010002000e043880082
:10f9f0001e00780000407800004040008040780001
:10fa00001e0090000040780000c040000080fb0015
:10fa10009010880000000000e04380000000e0003b
:10fa2000fdff3a00f0438000e10f500002003a0071
:10fa30000080eb0004003700c01080004f00de00a3
:10fa4000004078000080fb000080fa000000060003
:10fa50000000fa007e28ef003000240096ff070027
:10fa60001642a800f0438000e10f500002003a0067
:10fa70000080eb00010037000000eb000080fa007e
:10fa8000000006000200fa00004f78007e28ef0018
:10fa90001000240088ff0700f0438000e10f5000b1
:10faa00002003a000080eb00110037001000200037
:10fab000e04388001e80fb009010880000000000da
:10fac000e04380000000e000fdff3a00f0438000ca
:10fad000e10f500002003a000080eb000400370004
:10fae000c01080004f00de00004078000080fb0066
:10faf0000080fa00000006000400fa0010079800d9
:10fb00007e28ef00200024006bff07001662a8008b
:10fb100000000000c01080006200600000f0a7003c
:10fb20000000ea000000e9004f00de00804078009d
:10fb3000b01080006800600000f0a7000000ea003c
:10fb40000000ea004f00de000040780000c07000b6
:10fb50000004e000efff3a00f0438000e10f5000a6
:10fb600002003a000080eb00150037008110800091
:10fb7000010f7800200020004fff0700f0438000b5
:10fb8000e10f500002003a000080eb000c0037004b
:10fb90001e00900000407800614060000080fb0083
:10fba000610060004500dd00b11080000150a1003f
:10fbb00001007000b01088001682a8001e007800b6
:10fbc0000080fa00000006001000fa0040079800cc
:10fbd000214f980062079800634f98000000eb00e7
:10fbe00030079800370037008000eb004e0090008f
:10fbf00047ff0700000f78001e0078000000e000bb
:10fc000026003a002e4890009eff070011002000b9
:10fc10004e00900066ff0700000f78001e0078007d
:10fc20000000e0001d003a001000200010079800be
:10fc3000150037006e4890008080fb001e00900089
:10fc4000808f500003003a00100020002007980029
:10fc5000020037000000eb00200798002e00900003
:10fc6000a5ff0700804078006e00900001487800f2
:10fc70006e0090000000e800600798001e009000f1
:10fc80000000e800100798006e4890008080fb009c
:10fc90001e009000808f5000e6ff3d006cff0700c3
:10fca0001e007800e10f40000a003a0000a0260084
:10fcb00081012000330f07003e0090000000e800a3
:10fcc000300798003e009000ee0f5000c6ff340051
:10fcd00001003700000000001e0078000080fa00dc
:10fce000000006000e00fa0030079800014f98004f
:10fcf00052079800434f98000000eb00200798003f
:10fd0000240037008000eb003e00900000ff070059
:10fd1000000f78001e0078000000e00013003a0099
:10fd20000e48900057ff07000000eb0010079800f6
:10fd3000090037005e0090001040780051ff070076
:10fd40005e0090000000e800500798001e00900040
:10fd50000000e800100798004e4890008080fb00eb
:10fd60001e009000808f5000f2ff3c0038ff07001b
:10fd70001e007800e10f40000a003a0000a02600b3
:10fd800081012000ff0e07002e0090000000e80017
:10fd9000200798002e009000ee0f5000d9ff34008d
:10fda00001003700000000001e0078000080fa000b
:10fdb000000006001000fa00500798006107980044
:10fdc000624f98005e009000004f98005e00900027
:10fdd0004800de00104f98000000eb00300798004c
:10fde000390037008000eb00f0002000c8fe07005b
:10fdf000000f78001e0078000000e00028003a00a4
:10fe00001e4890001fff07000e4890001dff0700ce
:10fe100011002000f0002000e5fe0700000f780030
:10fe20001e0078000000e0001d003a0010002000d5
:10fe300010079800150037006e4890008080fb0086
:10fe40001e009000808f500003003a001000200038
:10fe500020079800020037000000eb002007980000
:10fe60002e00900024ff0700804078006e00900074
:10fe7000014878006e0090000000e80060079800dc
:10fe80001e0090000000e800100798006e489000e7
:10fe90008080fb001e009000808f5000e6ff3d0038
:10fea000ebfe07001e007800e10f40000a003a0058
:10feb00000a0260081012000b20e07003e00900045
:10fec0000000e800300798003e009000ee0f500060
:10fed000c4ff340001003700000000001e0078005d
:10fee0000080fa00000006000e00fa0040079800ab
:10fef00051079800424f98004e00900060479800cc
:10ff00004e0090004800de00704798000000eb00b3
:10ff100020079800260037008000eb00f00020004a
:10ff20007bfe0700000f78001e0078000000e00054
:10ff300015003a007e409000d2fe07006e4090000f
:10ff4000d0fe07000000eb00100798000900370002
:10ff50005e00900010407800cafe07005e0090002e
:10ff60000000e800500798001e0090000000e80024
:10ff7000100798004e4890008080fb001e00900003
:10ff8000808f5000f2ff3c00b1fe07001e00780099
:10ff9000e10f40000a003a0000a026008101200085
:10ffa000780e07002e0090000000e800200798005f
:10ffb0002e009000ee0f5000d7ff340001003700f4
:10ffc000000000001e0078000080fa00000006001b
:10ffd0000600fa00200798000e80e80012c0b30067
:10ffe000800078002e00900072ff0700000f78005c
:10fff0002e4090000080fa00000006000a00fa007f
:020000040001f9
:10000000400798006600470022c0b30080007800d7
:100010004e00900067ff0700000f78007e409000c0
:100020000080fb00100798001e0090004800dd00d3
:10003000100798006e4090000080fb002007980099
:10004000ae009000f00f20000080600020079800b4
:100050009e0090002e009000010070001007980094
:100060001e0090000080fa00000006001c00fa004c
:10007000889fbe008a9fbe008c9fbe00500f9800d4
:100080007600470042c0b300800078005e08900010
:1000900048ff0700000f78001e5890000080fb000a
:1000a0008000eb0010079800210798001e009000c8
:1000b000ae009000c800dd0000002000100798008e
:1000c000210798000e5890000080fb008000eb0094
:1000d00030079800410798003e009000ce00900045
:1000e000c001dd000200200000002000f10f200010
:1000f0000202780003017800800178008100780016
:10010000030062008100610081067800000678002b
:100110000c00be0030079800410798007e50900008
:100120000080fb008000eb005007980061079800fa
:100130005e009000ee0090004809dd00c801de007e
:10014000830171004801dd00f0ff2f000100200055
:1001500002027800030178008001780081007800b5
:1001600003006200810061008105780000057800cd
:100170000a00be0050079800610798006e5090007a
:100180000080fb008000eb0070079800010f9800d2
:100190007e0190008e099000f00f200001002000e9
:1001a0000202780003017800800178008100780065
:1001b000030062008100610081047800000478007f
:1001c0000800be0070079800010f98001e01900003
:1001d000ae0190003e009000ce0090000001710042
:1001e000818171005e009000ee00900000017100be
:1001f000818171007e0090008e08900000007100e7
:1002000081807100100f9800210f98001e08900047
:10021000ae0890004f06be004f05be004f04be0062
:100220000080fa00000006000800fa00200798008d
:1002300061479800ee409000214798000e80e8004a
:1002400012c0b300800078002e00900026ff070047
:10025000000f78001e0078000080fa000000060001
:100260000800fa0020079800310798003e0090002f
:1002700000407800204798003e0090004800de00d3
:1002800000407800304798000e80e80022c0b3009c
:10029000800078002e00900013ff0700000f780008
:1002a0001e0078000080fa00000006000c00fa0032
:1002b0003007980042079800530798004e009000be
:1002c00000407800204798004e009000de0090002b
:1002d0004809dd004800de0000007100c808de00ab
:1002e00000407800304798004e009000de009000fb
:1002f0004008de0000407800404798004e00900023
:10030000de0090004808de0000407800504798006a
:100310000e80e80042c0b300800078003e009000ec
:10032000f1fe0700000f78001e0078000080fa0040
:10033000000006000400fa00100798000000eb001f
:10034000000f780007003700007122009e0078003f
:10035000808f500002003400100020000a00370097
:100360001e0fe80030108000ff0060004210800087
:100370001e00900000006100010070000000e0001d
:10038000f1ff3a000000eb000080fa0000000600d8
:100390000000fa00d009200020108800000028008a
:1003a000301088000822ef008620a9009620a800bf
:1003b0000080fa00000006000400fa00000f780038
:1003c000110798007a28ef0030002400d9ff0700b9
:1003d000e10f500002003a00e0ff2f002400370038
:1003e0000602a80030002400d2ff0700e10f5000f1
:1003f00002003a00e0ff2f001d003700d0438000cc
:10040000e10f500002003a000080eb0018003700b6
:1004100010002000c04388001e00780000407800d3
:1004200000404000804078001e00900000407800ae
:1004300000c040000080fb00101088000000000099
:10044000c04380000000e000fdff3a00d043800080
:10045000e10f500002003a000080eb00040037007a
:10046000401080004f00de00004078000080fb005c
:100470000080fa00000006000400fa00000f780077
:10048000110798007a28ef0030002400a9ff070028
:10049000e10f500002003a00e0ff2f002400370077
:1004a0000622a80030002400a2ff0700e10f500040
:1004b00002003a00e0ff2f001d003700d04380000b
:1004c000e10f500002003a000080eb0018003700f6
:1004d00010002000c04388001e0078000040780013
:1004e00000404000804078001e00900000407800ee
:1004f00000c040000080fb001010880000000000d9
:10050000c04380000000e000fdff3a00d0438000bf
:10051000e10f500002003a000080eb0004003700b9
:10052000401080004f00de00004078000080fb009b
:100530000080fa00000006000000fa007a28ef00b0
:10054000300024007bff0700e10f500002003a005a
:10055000e0ff2f00070037000642a800d0438000cc
:10056000e10f500002003a000080eb00010037006c
:100570000000eb000080fa00000006000200fa0014
:10058000004f78007a28ef001000240069ff070070
:10059000e10f500002003a00e0ff2f001600370084
:1005a000d0438000e10f500002003a000080eb00d1
:1005b0001100370010002000c04388001e80fb009f
:1005c0001010880000000000c04380000000e00020
:1005d000fdff3a00d0438000e10f500002003a00d6
:1005e0000080eb0004003700401080004f00de0068
:1005f000004078000080fb000080fa000000060048
:100600000800fa0020079800310798003e0090008b
:100610008000eb00010878007a28ef002000240019
:1006200044ff0700e20f400005003a003e00900042
:10063000e1ff2f00010878000080eb004600370042
:100640000662a8000000eb00000f78000a003700e7
:10065000007122009e007800808f50000500340059
:100660003e009000e1ff2f00010878000080eb00c1
:10067000390037001e0fe800401080006200600063
:1006800000f0a7000000ea000000e9004f00de00d3
:1006900080407800301080006800600000f0a70003
:1006a0000000ea000000ea004f00de000040780091
:1006b00000c070000004e000e5ff3a00d043800075
:1006c000e10f500005003a003e0090008080eb00f2
:1006d000010878000080eb001f0037000110800047
:1006e000110798002000200012ff0700e20f4000d1
:1006f00005003a003e009000e1ff2f00010878005d
:100700000080eb0014003700d0438000e10f500060
:1007100005003a003e0090008080eb000108780060
:100720000080eb000c0037002e00900000407800a5
:10073000614060000080fb00610060004500dd005a
:10074000311080000150a1000100700030108800bd
:100750000682a8001e0090000080fa00000006003b
:100760001200fa0050079800414f98007207980055
:10077000035798000000eb00300798005400370042
:100780008000eb005e0090000bff0700000f780078
:100790001e0078000000e0003b003a004e48900048
:1007a00076ff0700000f78001e0078000000e000d0
:1007b00035003a00110020005e0090002eff070077
:1007c000000f78001e0078000000e0002e003a00c4
:1007d0001000200010079800260037000e509000ef
:1007e0008080fb001e009000808f500003003a00c4
:1007f0001000200020079800020037000000eb00e6
:10080000200798002e009000e80047007cff0700ba
:10081000804078007e009000014878004e009000f3
:100820000000e00004003a007e0090000000e800b4
:10083000700798000c0037004e009000e10f400058
:1008400003003a000080eb00000f78000e00370034
:100850004e009000e20f400003003a00e0ff2f003e
:10086000000f7800080037001e0090000000e8002c
:10087000100798000e5090008080fb001e00900032
:10088000808f5000d5ff3d002bff07001e00780031
:10089000e10f400007003a0000a02600810120007f
:1008a000380c07003e0090000000e8003007980078
:1008b000070037001e007800e20f400008003a00f1
:1008c0007e0090008040eb00014878000500370072
:1008d0003e009000ee0f5000a9ff340001003700e9
:1008e000000000001e0078000080fa0000000600f2
:1008f0000e00fa0030079800014f98005207980048
:10090000434f98000000eb002007980024003700b8
:100910008000eb003e009000a7fe0700000f78006b
:100920001e0078000000e00013003a000e4890001e
:1009300012ff07000000eb001007980009003700c5
:100940005e009000104078000cff07005e009000f1
:100950000000e800500798001e0090000000e8002a
:10096000100798004e4890008080fb001e00900009
:10097000808f5000f2ff3c00effe07001e00780061
:10098000e10f40000a003a0000a02600810120008b
:10099000fc0b07002e0090000000e80020079800e4
:1009a0002e009000ee0f5000d9ff340001003700f8
:1009b000000000001e0078000080fa000000060021
:1009c0001200fa006007980071079800025798001b
:1009d0006e009000004f98006e0090004800de000e
:1009e000104f98000000eb003007980052003700cd
:1009f0008000eb00700520006ffe0700000f7800fc
:100a00001e0078000000e00039003a001e48900007
:100a1000dafe07000e489000d8fe07001100200003
:100a20007005200094fe0700000f78001e0078007b
:100a30000000e0002e003a0010002000100798008f
:100a4000260037000e5090008080fb001e009000b2
:100a5000808f500003003a0010002000200798000b
:100a6000020037000000eb00200798002e009000e5
:100a7000ea004700e2fe0700804078007e00900018
:100a8000014878005e0090000000e00004003a0099
:100a90007e0090000000e800700798000c0037000e
:100aa0005e009000e10f400003003a000080eb0080
:100ab000000f78000e0037005e009000e20f40004b
:100ac00003003a00e0ff2f00000f78000800370015
:100ad0001e0090000000e800100798000e509000e3
:100ae0008080fb001e009000808f5000d5ff3d00ed
:100af00091fe07001e007800e10f400007003a0059
:100b000000a02600810120009e0b07003e009000ff
:100b10000000e80030079800070037001e0078004a
:100b2000e20f400008003a007e0090008040eb0099
:100b300001487800050037003e009000ee0f50009d
:100b4000abff340001003700000000001e007800f9
:100b50000080fa00000006000e00fa00400798002e
:100b600051079800424f98004e009000604798004f
:100b70004e0090004800de00704798000000eb0037
:100b800020079800260037008000eb007005200049
:100b900009fe0700000f78001e0078000000e0004a
:100ba00015003a007e40900074fe07006e409000f1
:100bb00072fe07000000eb001007980009003700e4
:100bc0005e009000104078006cfe07005e00900010
:100bd0000000e800500798001e0090000000e800a8
:100be000100798004e4890008080fb001e00900087
:100bf000808f5000f2ff3c004ffe07001e0078007f
:100c0000e10f40000a003a0000a026008101200008
:100c10005c0b07002e0090000000e8002007980001
:100c20002e009000ee0f5000d7ff34000100370077
:100c3000000000001e0078000080fa00000006009e
:100c40000000fa000600fc0011028000f141b20031
:100c5000110288000080fa00000006000000fa007f
:100c6000c308070072080700d04088001a28ef0068
:100c70000628ef000828ef000a28ef007068ef0050
:100c80007168ef007268ef007368ef002228ef00d0
:100c90002428ef000080fa00000006000e00fa0091
:100ca000881f780070c8bf00f44f50006400360001
:100cb0000040eb00004f7800090037001e04fb00e5
:100cc0002f080700e13f2000810060000801440078
:100cd0002093200000004100010878001e4fe8002a
:100ce0001e407800e94f5000f4ff34000040eb0054
:100cf000004f7800300037001e4078000040e800c8
:100d000010479800280037001e00fb0080004000bc
:100d10002093200000804000900078001e4090004a
:100d20000000fb0000014000209320000000410073
:100d300010007800808f5000180036001e00fb0065
:100d400080004000209320000080400010007800c8
:100d5000200798001e00fb009e4090008100fb00d1
:100d60000181400021932000810041009100780022
:100d7000000140002093200000004100010878009d
:100d80001e4090000000fb00ae00900000014000fb
:100d90002093200000004100010878001e409000d0
:100da0000040e800104798001e409000e94f5000b6
:100db000d5ff34001e4fe8001e407800e94f500078
:100dc000cdff34000c28ef0020c0b300004f7800a6
:100dd000090037001e00fb00800040002093200027
:100de000008040009000780060408000008040005b
:100df000604088001e4fe8001e407800e74f50001a
:100e0000f4ff340061408000b0aa2a000008b80056
:100e10004208de00100798009e009000803e2000ef
:100e2000808f500002003600803e2000100798009e
:100e30009e009000014088007068ef000c28ef00d1
:100e400071c8bf00f44f50005c0036000040eb005a
:100e5000004f7800090037001e04fb00de07070082
:100e6000e13f200081006000080144002093200041
:100e700000004100010878001e4fe8001e40780085
:100e8000e94f5000f4ff34000040eb00004f7800c1
:100e9000300037001e4078000040e80010479800fe
:100ea000280037001e00fb00800040002093200037
:100eb00000804000900078001e4090000000fb0081
:100ec0000001400020932000000041001000780045
:100ed000808f5000180036001e00fb00800040008c
:100ee0002093200000804000100078002007980028
:100ef0001e00fb009e4090008100fb00018140002d
:100f00002193200081004100910078000001400001
:100f10002093200000004100010878001e4090004e
:100f20000000fb00ae009000000140002093200074
:100f300000004100010878001e4090000040e800d9
:100f4000104798001e409000e94f5000d5ff340034
:100f50001e4fe8001e407800e94f5000cdff3400de
:100f60000c28ef0020c0b300004f780009003700c4
:100f70001e00fb0080004000209320000080400005
:100f80009000780060408000008040006040880051
:100f90001e4fe8001e407800e74f5000f4ff340079
:100fa00061408000b0aa2a000008b8004208de00b4
:100fb000104088007168ef000c28ef0072c8bf0075
:100fc000f44f50001c0036001028ef001228ef00ec
:100fd0000040eb00004f78000c003700e08020005c
:100fe000e907070030079800704080006101b900f0
:100ff00080408000914080000200400083804800d3
:1010000080408800914088001e4fe8001e40780014
:10101000e24f5000f1ff340080408000914080009a
:1010200032002000030020003ccc070000007800c4
:10103000204088007268ef0073c8bf00e24f500084
:1010400043003600d04080000000e00040003a003d
:101050000040eb00104798001428ef001628ef001e
:101060001828ef000040eb00004f78001600370012
:101070006c014700ea00470068004700a507070029
:101080000000e0000f003a00a14080004e009000f8
:1010900000804000a0408800b14080005e009000c9
:1010a00000804000b0408800c14080006e00900089
:1010b00000804000c04088001e4090000040e800d2
:1010c000104798001e4fe8001e407800e34f500084
:1010d000e7ff34001e4090000004e00006003a00e4
:1010e0000628ef000828ef000a28ef000080eb0038
:1010f000d040880015003700a14080001e409000bd
:101100000000fb0000017800110009008200d800f7
:1011100030408800b14080001e4090000000fb007d
:1011200000017800110009008200d80040408800ca
:10113000c14080001e4090000000fb0000017800cc
:10114000110009008200d800504088007368ef0049
:101150004f0478000080fa00000006000800fa0042
:10116000f6080700930807009f080700b909070061
:10117000d90907000000eb00100a07004eee070037
:10118000a1f00700ee05070081fc0700a00607009c
:1011900031050700ba030700740407001a080700a6
:1011a000d1f90700ed090700a5fe0700abfe070017
:1011b000630007005a08070000e82300080407003e
:1011c00000e82300c10407006500470022c0b30007
:1011d00080007800e0002000f9fd0700000f780093
:1011e0000040eb003047980000c0eb0040479800fb
:1011f000de4090003e40900080cf500006003a0054
:10120000ee4090004e40900080cf500002003a0027
:1012100010002000010037000000eb00204798007c
:101220002e4090000004e000120032000040eb006d
:10123000504798000040eb00604798006500470069
:1012400022c0b30080007800e000200042fe0700ca
:10125000000f78006500470022c0b30080007800ce
:10126000e0002000d6fd0700000f780001003700e5
:101270000000000089fe0700e7f5070074c8bf0002
:101280000004e0001d003200204180000000e80062
:101290002041880020418000f40f500010003600eb
:1012a00011418000c0032000808f500003003600f1
:1012b00010c0b3002700070007003700114180006d
:1012c000c0032000808f500003003e0010418000ca
:1012d0000000e800104188002428ef0006003700d5
:1012e00011418000c0032000808f500002003600b2
:1012f0000040eb00170007007468ef0020c8bf0033
:101300000004e000daff3200c502a900d9ff37006f
:101310000000fa000120200020002000d0fb070080
:101320000010270021002000960907008000eb0034
:1013300020002000cafb07000080fa000000060021
:101340000000fa006e0807001e28ef000080fa0077
:10135000000006000400fa0020479800f0408000da
:10136000e10f50000b003200e10f50000500390082
:10137000e20f50001d003200e30f50003400320035
:101380008b00370026e6070010002000f0408800a0
:1013900087003700a8e90700000f78001e007800da
:1013a0000000e0007d003200a3e90700000f780094
:1013b000e4e9070020002000f0408800601680006b
:1013c0004f00de00004078000004a2006140600091
:1013d0000080fb004f00dd006116800001f0a100dd
:1013e00001007000601688007100370092e9070064
:1013f000000f78008828ef00100820009e00600091
:1014000010082000808f500004003a00d6e9070041
:1014100030002000f040880065003700c502a900b8
:10142000601680004f00de00004078000004a2003b
:10143000614060000080fb004f00dd00611680000d
:1014400001f0a1000100700060168800580037000c
:101450002e4090000004e0001f003200c0428000d7
:101460000000e0000700320020c8bf000004a20016
:101470000004e00002003200c502a80001003700ad
:10148000c502a90064c8bf000004e00008003200e3
:1014900065c8bf000004a2000004e00004003200a0
:1014a000eae3070010c0b30065e8b70008003700a2
:1014b00064c8bf000004a2000004e0000400320081
:1014c00065c8bf000004e000010032006568ef005d
:1014d000e04080005bed070065c8bf000004e0004d
:1014e00030003a0054e90700000f78008828ef0028
:1014f0009e007800628060000000e0001d00320065
:1015000044ed07009feb070039ed07001e28ef00b0
:10151000c502a900cc82a900d462a800c4e2a90037
:10152000d4c2a80000e8230001002000150907002c
:10153000d4c2a900006420000100200011090700a6
:10154000c4e2a80000e82300010020000d09070004
:10155000d462a90000d0270001002000090907007b
:10156000cc82a80000802900a10320000509070003
:101570000f0037009e007800688060000000e000e7
:101580000a00320010002000f040880021ed070022
:1015900017ed0700c502a900050037000000000094
:1015a00003003700000000000100370000000000c9
:1015b0000080fa00000006000a00fa004001200046
:1015c0008efa0700000f7800a00120008bfa0700b8
:1015d000204798002e4090006140600030479800fe
:1015e000205028007afa07004047980010c0b30046
:1015f00040479800b050280075fa070050479800ff
:101600000052280072fa0700604798006e40900070
:101610000080fb00400798004e0090000080fa0018
:10162000000006000200fa0000448000e30f5000b2
:1016300065003200e30f500007003c00e10f50004e
:1016400041003200e10f50004a003c000000e00081
:101650000800320093003700e50f50008a00320086
:10166000e50f500066003500e60f500068003200bc
:101670008c0037001ed80700f1d320006001200045
:10168000f7fa070011c0b300a0542800e6fa0700db
:101690008000eb0020002000f1fa0700000a200083
:1016a00001002000b70807004001200053fa07009e
:1016b000a001200051fa07002050280044fa07003a
:1016c000b050280042fa07000052280040fa0700f4
:1016d000f1f3200060012000e1fa070080c0eb0078
:1016e00020502800d0fa070080c0eb00b05028003e
:1016f000cdfa0700f1f3200040012000d8fa0700de
:10170000adff0700000f78001e0078006100600048
:10171000004078000004e0000300320020002000b8
:101720000044880005003700f153200060012000cc
:10173000cbfa070010002000004488003000200091
:1017400000448800570037009bff0700000f780017
:101750001e00780061006000004078000004e00096
:101760000200320010002000004488008228ef00b0
:101770004c003700f153200060012000b8fa070048
:1017800011c0b300a0542800a7fa07008000eb00a6
:1017900020002000b2fa0700000a2000010020000b
:1017a0007808070010448000e10f500003003a0061
:1017b00040002000004488003a003700300020003c
:1017c00000448800370037007bff0700000f7800d7
:1017d0001e00780061006000004078000004e00016
:1017e0002b003200000820001e0060000000e00016
:1017f0002900320040002000004488002900370002
:1018000053db0700600020000044880025003700fb
:1018100001ccb3000054280083fa070021c1b300b3
:101820001054280080fa070001ccb300c0a02800a3
:101830007dfa070021c1b300d0a028007afa070082
:1018400031c3b3003059280077fa07005aff070068
:10185000000f7800000820001e0060000000e0007b
:1018600002003a0030002000004488009e0078000a
:10187000618060000000e00009003a0096de070089
:101880008028ef0007003700000000000500370047
:1018900000000000030037000000000001003700d6
:1018a000000000000080fa00000006000000fa00be
:1018b000a60007003ac8bf000004e00001003200a3
:1018c0003bc8bf000040fe00512480000002200001
:1018d000008060000000e00002003a0010c0b30089
:1018e00041000700d200070010c0b3000080fa00da
:1018f000000006000000fa003ac8bf000004e00043
:10190000360032003bc8bf000004e0003300320064
:1019100040248000620060000000e000010032000e
:101920008824a90075000700000420000024880016
:1019300000000000012480000004200000806000fe
:101940000000e000fbff32000004200000248800bb
:1019500000000000012480000004200000806000de
:101960000000e000fbff320000042000002488009b
:1019700000000000012480000004200000806000be
:101980000000e000fbff32009444a80000042000a7
:1019900000248800000000000124800000042000d2
:1019a000008060000000e000fbff32000004200027
:1019b00000248800000000000124800000042000b2
:1019c000008060000000e000fbff32009444a900aa
:1019d0005700070010c0b300010037000040eb00c3
:1019e0000080fa00000006000400fa00204798007a
:1019f00040248000610060000000e0000b00320025
:101a000040248000620060000000e00007003a000f
:101a10004ac8bf00e34f5000040036002024800075
:101a20004300de0061406000320037002e4090002d
:101a30000004e0001d0032008824a9008804a800ea
:101a40002e0007000040eb00004f7800090037002f
:101a50000004200000248800000000000124800011
:101a600000042000008060000000e000fbff320066
:101a70001e4fe8001e407800e44f5000f4ff36008f
:101a80000040eb00104798002024800068006000b0
:101a90000000e0000200320010c0b30010479800c0
:101aa000230007001e4090001200370040248000f1
:101ab000610060000000e00002003a0000c0eb009e
:101ac0000c00370040248000620060000000e0004d
:101ad00002003a00e0cfb300060037004ac8bf005a
:101ae000e34f500002003e00d0cfb30001003700aa
:101af000c0cfb3000080fa00000006000000fa002a
:101b00006e68ef001000fc00f1048000000420006b
:101b1000008060000000e0000200320010c0b3004e
:101b20006ee8b7009ec0a9000080fa000000060021
:101b30000000fa006ec8bf000004e000010032009f
:101b40009ec0a8000080fa00000006000400fa0011
:101b50001e00fc0011028000000e200000806000ca
:101b60003043880011028000000e20000100700048
:101b70001002880040092000100798000000eb00c8
:101b8000000f78000e0037001e00900090007800d3
:101b90001e00780000014000e09a20000000410093
:101ba000010878001e0090008000eb00010878001a
:101bb0001e0090000080e800100798001e0fe8004b
:101bc0001e007800e50f5000efff36006024800013
:101bd000404388008c24ef0010248000504388008c
:101be0008224ef00700680004800de00674060003d
:101bf0000080fb0060438800000120000024880072
:101c000000022000502488008ec0a9008284a80011
:101c100071068000f08f2f000080600000a0a000ff
:101c2000700688009ec0a8000080fa000000060030
:101c30000400fa0040092000100798000000eb00a3
:101c4000000f78000b0037001e0078008000400075
:101c5000e09a200000804000900078001e00900074
:101c6000010878001e0090000080e800100798002e
:101c70001e0fe8001e007800e50f5000f2ff36004e
:101c80004043800060248800504380001024880076
:101c90006043800000407800674060000080fb00e7
:101ca000670060004800dd0072068000f18f2f00a1
:101cb0008100610001007000700688001102800040
:101cc000f0f12f0080806000304380000100700040
:101cd0003043880030438000100288000080fa0002
:101ce000000006000800fa00889fbe008a9fbe0020
:101cf0008c1f780020079800310798002e01900073
:101d0000be019000028fbe002e059000be0590001f
:101d100050552500515525000a0678000b0578001e
:101d200080057800810078000b0066008100650066
:101d300081047800000478000800be0020079800a5
:101d4000310798001e04be002e009000be009000d7
:101d5000001f6c0001976c002e049000be049000e0
:101d60004248dd00ce40de00810070004240dd00d0
:101d700020079800310798002e009000be009000c8
:101d80003e017000ae8170000200be002007980086
:101d9000310798002e019000be019000028fbe0016
:101da0002e049000be049000606626006166260046
:101db0000805780009047800800478008100780024
:101dc0000900650081006400810378000003780049
:101dd0000600be0020079800310798001e03be00d1
:101de0002e009000be009000001f6b0001976b005a
:101df0002e039000be0390004438dd00cc30de009e
:101e0000810070004430dd00200798003107980001
:101e10002e009000be0090003e017000ae81700068
:101e20000200be0020079800310798002e019000a4
:101e3000be019000028fbe002e039000be039000f2
:101e40008087270081872700060478000703780031
:101e5000800378008100780007006400810063003f
:101e600081027800000278000400be00200798007c
:101e7000310798001e02be002e009000be009000a8
:101e8000001f6a0001976a002e029000be029000b7
:101e90004828dd00c820de00810070004820dd00f9
:101ea00020079800310798002e009000be00900097
:101eb0003e017000ae8170000200be002007980055
:101ec000310798002e019000be019000028fbe00e5
:101ed0002e029000be02900000f8270001f82700b3
:101ee0000403780005027800800278008100780001
:101ef0000500630081006200810178000001780024
:101f00000200be0020079800310798001e01be00a5
:101f10002e009000be009000001f6900019769002c
:101f20002e009000be009000c000dd0000002000e8
:101f300020079800310798002e009000be00900006
:101f40003e017000ae8170000200be0020079800c4
:101f5000310798002e009000be009000c109dd00fe
:101f60004f00de0000807100cf08de0020079800df
:101f7000310798002e0090004f0678004f05be00f4
:101f80004f04be000080fa00000006000600fa00c0
:101f900010079800210798000000eb00000f780060
:101fa0001e009000e20f500003003200e30f5000cb
:101fb000170032002c003700c522a900000a2000bb
:101fc000010020006f0607002e0090004200dd0097
:101fd00020079800ae009000c0ff20000080600045
:101fe00020079800ae00900000002900010070005a
:101ff000200798002e00900058020700000a2000d9
:10200000010020005f060700c522a8001900370064
:10201000c522a900000a200001002000590607007f
:102020002e0090004200dd0020079800ae009000d6
:10203000c0ff20000080600020079800ae009000e4
:1020400000002a0001007000200798002e00900078
:1020500042020700000a2000010020004906070094
:10206000c522a800030037000080eb00000f7800b5
:10207000000000001e0078000080fa00000006004a
:102080000000fa0060c02100d00c8800f0012000a0
:10209000e00c880000e82300f00c8800a021ef008d
:1020a000a221ef00d00c8000004078006740600063
:1020b0000080fb00704488000080fa0000000600e9
:1020c0000000fa000080fa00000006000000fa009c
:1020d0002104800000042000008060000000e00077
:1020e00002003200f6ff070084c0a9000080fa0059
:1020f000000006000000fa007044800000407800f4
:10210000674060000080fb0067006000d20c800028
:1021100081ff2f008100610001007000d00c880059
:102120000080fa00000006000000fa00d10c8000d8
:1021300080ff2f0000806000d00c88000080fa0033
:10214000000006000200fa00000f78009e007800f0
:10215000010d88000080fa00000006000400fa006b
:10216000000f7800110798009e007800010d88008c
:102170009e009000f10c88000080fa00000006002c
:102180000400fa00000f7800110798009e00780004
:10219000010d88009e009000f10c88000080fa007c
:1021a000000006000400fa00000f780011079800f4
:1021b0009e007800010d88009e009000f10c8800c0
:1021c0000080fa00000006000200fa00000f78000c
:1021d0009e007800f10c88000080fa0000000600e4
:1021e0000200fa00000f78009e007800010d8800c0
:1021f0000080fa00000006000000fa0020048000c1
:102200004600de00614060000080fb0000f0a70097
:102210000000ea000000ea004f00de000040780005
:102220000080fa00000006000400fa001007980081
:102230001e009000e10f50000f003200e10f50002f
:1022400003003900e20f5000150032001e00370075
:10225000d00c80004400de00614060000080fb0084
:1022600000f0a7000000ea000000ea004f00de00d6
:10227000004f780014003700d00c80004500de00cd
:10228000614060000080fb0000f0a7000000ea0051
:102290000000ea004f00de00004f78000a0037001f
:1022a000d00c80004600de00614060000080fb0032
:1022b00000f0a7000000ea000000ea004f00de0086
:1022c000004f7800000000001e4078000080fa00f7
:1022d000000006000200fa00000f78001e007800df
:1022e000e10f500007003200e10f500003003900f9
:1022f000e20f500005003200060037009a81a90065
:10230000040037009aa1a900020037009ac1a90071
:10231000000000000080fa00000006000000fa0043
:102320009cc1a8000080fa00000006000000fa002e
:10233000e00c80004600de00614060000080fb0091
:1023400000f0a7000000ea000000ea004f00de00f5
:10235000004078000080fa00000006000000fa004b
:102360009cc1a9000080fa00000006000000fa00ed
:1023700060c02100200d8800f0012000300d880091
:1023800000e82300400d8800aa21ef00ac21ef00f7
:10239000200d800000407800674060000080fb0056
:1023a000804488000080fa00000006000000fa0067
:1023b0000080fa00000006000000fa0031048000ee
:1023c00000202000008060000000e00002003200d9
:1023d000f6ff07008720a9000080fa000000060031
:1023e0000000fa00804480000040780067406000f0
:1023f0000080fb0067006000220d800081ff2f003d
:102400008100610001007000200d88000080fa004a
:10241000000006000000fa00210d800080ff2f0060
:1024200000806000200d88000080fa000000060097
:102430000200fa00000f78009e007800510d88001d
:102440000080fa00000006000400fa00000f780087
:10245000110798009e007800510d88009e009000a2
:10246000410d88000080fa00000006000400fa0018
:10247000000f7800110798009e007800510d880029
:102480009e009000410d88000080fa0000000600c8
:102490000400fa00000f7800110798009e007800f1
:1024a000510d88009e009000410d88000080fa00c8
:1024b000000006000200fa00000f78009e0078007d
:1024c000410d88000080fa00000006000200fa00ba
:1024d000000f78009e007800510d88000080fa00ff
:1024e000000006000000fa00300480004900de0011
:1024f000614060000080fb0000f0a7000000ea00df
:102500000000ea004f00de00004078000080fa0082
:10251000000006000400fa00100798001e0090005a
:10252000e10f50000f003200e10f500003003900ae
:10253000e20f5000150032001e003700200d800011
:102540004400de00614060000080fb0000f0a70056
:102550000000ea000000ea004f00de00004f7800b3
:1025600014003700200d80004500de00614060004f
:102570000080fb0000f0a7000000ea000000ea0075
:102580004f00de00004f78000a003700200d800069
:102590004600de00614060000080fb0000f0a70004
:1025a0000000ea000000ea004f00de00004f780063
:1025b000000000001e4078000080fa0000000600c5
:1025c0000200fa00000f78001e007800e10f5000b2
:1025d00007003200e10f500003003900e20f500005
:1025e0000500320006003700a481a900040037006e
:1025f000a4a1a90002003700a4c1a90000000000a6
:102600000080fa00000006000000fa00a6c1a80041
:102610000080fa00000006000000fa00300d800083
:102620004600de00614060000080fb0000f0a70073
:102630000000ea000000ea004f00de0000407800e1
:102640000080fa00000006000000fa00a6c1a90000
:102650000080fa00000006000000fa0060c02100bf
:10266000800c8800f0012000900c880000e8230016
:10267000a00c88009621ef009821ef00800c8000cc
:1026800000407800674060000080fb0060448800e4
:102690000080fa00000006000000fa000080fa0046
:1026a000000006000000fa002004800064006000c2
:1026b0000000e00002003200f7ff07008440a9009c
:1026c0000080fa00000006000000fa00604480006c
:1026d00000407800674060000080fb0067006000f9
:1026e000820c800081ff2f008100610001007000da
:1026f000800c88000080fa00000006000000fa004c
:10270000810c800080ff2f0000806000800c88001a
:102710000080fa00000006000200fa00000f7800b6
:102720009e007800b10c88000080fa0000000600ce
:102730000400fa00000f7800110798009e0078004e
:10274000b10c88009e009000a10c88000080fa0067
:10275000000006000400fa00000f7800110798003e
:102760009e007800b10c88009e009000a10c8800ab
:102770000080fa00000006000400fa00000f780054
:10278000110798009e007800b10c88009e00900010
:10279000a10c88000080fa00000006000200fa0088
:1027a000000f78009e007800a10c88000080fa00dd
:1027b000000006000200fa00000f78009e0078007a
:1027c000b10c88000080fa00000006000000fa004a
:1027d000200480004200de00614060000080fb00b9
:1027e00000f0a7000000ea000000ea004f00de0051
:1027f000004078000080fa00000006000400fa00a3
:10280000100798001e009000e10f50000f003200ea
:10281000e10f500003003900e20f500015003200b4
:102820001e003700800c80004400de006140600024
:102830000080fb0000f0a7000000ea000000ea00b2
:102840004f00de00004f780014003700800c80003d
:102850004500de00614060000080fb0000f0a70042
:102860000000ea000000ea004f00de00004f7800a0
:102870000a003700800c80004600de0061406000e6
:102880000080fb0000f0a7000000ea000000ea0062
:102890004f00de00004f7800000000001e4078006e
:1028a0000080fa00000006000200fa00000f780025
:1028b0001e007800e10f500007003200e10f5000c9
:1028c00003003900e20f5000050032000600370017
:1028d0009081a9000400370090a1a90002003700f0
:1028e00090c1a900000000000080fa00000006006e
:1028f0000000fa0092c1a8000080fa000000060063
:102900000000fa00900c80004600de00614060008c
:102910000080fb0000f0a7000000ea000000ea00d1
:102920004f00de00004078000080fa000000060042
:102930000000fa0092c1a9000080fa000000060021
:102940000000fa00d2e2a900d322a900d0e2a90037
:10295000d122a9000080fa00000006000400fa005d
:10296000100798000040eb00004f7800100037007f
:10297000d2e2a9001e0090004f00de000040780067
:102980000080fb00610060004900dd0091168000be
:102990000190a1000100700090168800d2e2a8000a
:1029a0001e00900000004000100798001e4fe80035
:1029b0001e407800ef4f5000edff36000080fa0017
:1029c000000006000400fa00000f780011079800cc
:1029d0000000000000128000620060000000e000c3
:1029e000fcff3a001e007800104078000080fb00d9
:1029f0004012880000000000011280000002200048
:102a0000008060000000e000fbff3a004012800000
:102a1000804078001e009000014878000080fa0095
:102a2000000006001800fa00100f9800210f98000f
:102a3000320f98000000eb00000f78000000eb0060
:102a4000100798000000eb00700798000000eb00f2
:102a5000000f980010002000600798001e089000ea
:102a60000000e00005003a000000eb00500798006d
:102a7000700047002007980004003700ee00900027
:102a8000510798009e089000210798003e0890008a
:102a90000000e00005003a000000eb00400798004d
:102aa0006e0047003007980005003700ee009000e8
:102ab00041079800be089000310798000000000010
:102ac00000128000620060000000e000fcff3a009d
:102ad0001d00370000128000620060000000e0006e
:102ae00009003a002e009000104078000080fb00a2
:102af00040128800ae0090005e0090000080400010
:102b0000200798001e0fe80001128000000220003c
:102b1000008060000000e0000b003a0040128000de
:102b2000804078003e00900001487800be00900090
:102b30004e00900000804000300798001e0090007a
:102b40000000e800100798002e0890009e00780012
:102b5000808f5000dfff3900100037000112800025
:102b600000022000008060000000e0000b003a003e
:102b700040128000804078003e00900001487800bc
:102b8000be0090004e00900000804000300798008a
:102b90001e0090000000e800100798009e009000c2
:102ba0002e089000808f5000ecff39001e00780046
:102bb0000080fa00000006000400fa002047980098
:102bc0000e80e8008e0078007eff07001e4078002f
:102bd0000080fa00000006000600fa00000f7800ee
:102be00011079800220798002e0190009e00900087
:102bf0001e0078008bff07000080fa00000006002e
:102c00000000fa00001280000080fa0000000600b8
:102c10000000fa00400e200000198800c0032000c8
:102c20001019880090d02000201988002823ef0078
:102c3000c0ff2f00601988003023ef000080fa00e9
:102c4000000006000000fa0021e3a8000080fa005e
:102c5000000006000000fa0021e3a9000080fa004d
:102c6000000006000600fa0020079800003020004f
:102c7000100798000000eb00000f78000b003700f1
:102c80001e00780000004000ae0090000080400070
:102c90009e00900091007800010878001e009000ce
:102ca0000080e800100798001e0fe80086c8bf00eb
:102cb0000080fb009e0f5000f1ff3d001e007800d9
:102cc0000080fa00000006000000fa0000188000f2
:102cd0000080fa00000006000000fa0000198000e1
:102ce00000407800614060000080fb0000f0a70019
:102cf0000000ea000000ea004f00de00004078001b
:102d00000080fa00000006000200fa00000f7800c0
:102d10009e007800411988000080fa00000006003b
:102d20000000fa000080fa00000006000000fa002f
:102d30002104800000002200008060000000e0000c
:102d400002003200f6ff070085a0a9000080fa000b
:102d5000000006000000fa000000000021048000ce
:102d600000002200008060000000e000fbff320055
:102d700085a0a900001880000080fa00000006006d
:102d80000400fa0010002000dfff0700adff07007d
:102d90000000eb00000f7800010037001e0fe80074
:102da000703e20009e007800808f5000fbff3400b2
:102db000e8ff070010079800a6ff07009e0090009c
:102dc000f03f200000806000100798001e00900077
:102dd0000080fa00000006000400fa000000eb008a
:102de000c9ff070097ff07000000eb00000f780005
:102df000010037001e0fe800703e20009e007800a2
:102e0000808f5000fbff3400d2ff070010079800ae
:102e100090ff07009e009000f03f200000806000bf
:102e2000100798001e0090000080fa0000000600c5
:102e30000400fa000e80e80013c0b300000178001f
:102e40008040eb003005200045f60700000f7800b9
:102e50002e409000fb4f400029003a000040eb005c
:102e6000204798000e80e80013c0b30000017800ee
:102e700011c3b300300520009df60700000f780055
:102e80001e0078000000e000020032001e00780002
:102e90001e003700a0c0b300204798000e80e80055
:102ea00013c0b30000017800c1c2b3003005200098
:102eb0008ff60700000f78001e0078000000e00089
:102ec000020032001e0078001000370080c0b300fe
:102ed000204798000e80e80013c0b300000178007e
:102ee000d1c2b3003005200081f60700000f780042
:102ef00000d0270001002000a202070002003700d6
:102f00000080eb00000f78001e0078000080fa00bf
:102f1000000006000e00fa004007980051079800d4
:102f2000620798000e80e80063c0b30000017800db
:102f300021c3b3003005200009f60700000f780018
:102f40009e0090004e00900001087800ae009000b6
:102f50005e00900001087800be0090006e009000b6
:102f6000010878001e0078000080fa0000000600ca
:102f70000000fa00003025007100200081020700e7
:102f80000080fa00000006000800fa0030079800f0
:102f90006400470023c0b300000178008040eb00cc
:102fa00090042000eef50700000f78004e409000de
:102fb0000004e00015003d004e40900000c0ea0013
:102fc000404798005e40900000c0ea0050479800db
:102fd0004e4090000080fb00c800dd005e40900085
:102fe0000080fb0001007000100798001e00900098
:102ff0004400de00100798001e0090008080ea0068
:103000003e009000010878000c0037004e40900010
:103010000080fb00c800dd005e4090000080fb00e7
:1030200001007000100798001e0090004400de00b0
:10303000800078003e009000010878001e007800b3
:103040000080fa00000006000000fa00b0962000a0
:10305000104078007f406000e14f500061003a006e
:10306000f0962000104078000004e0005f003a0075
:10307000c096200010407800e64f500022003a0031
:10308000e0962000104078000080fb002102200024
:10309000810f50001100320031022000810f5000da
:1030a0001600320011022000810f500016003a0075
:1030b00028c8bf00e14f500012003a0020512a00fa
:1030c000d04a880090002000f04a8800c095200077
:1030d00001ccb300014878000b00370000592a00ea
:1030e000d04a8800d0012000f04a8800c095200016
:1030f00001ccb30001487800030037000000000055
:103100000100370000000000b09620001040780059
:1031100002c6b3008240600000c2b30080cf5000fe
:1031200034003a00c0962000104078000080fb0078
:10313000e30f50001b003200e30f500005003c007d
:10314000e10f50002d003200e20f50000600320067
:103150002b003700ea0f50000b003200eb0f50003d
:10316000180032002600370040882000d04a88002e
:1031700010002000f04a8800c095200011ccb30058
:10318000014878001e003700c095200001c8b30038
:1031900001487800e09620001040780084e8b700ed
:1031a0001700370050882000d04a88001000200007
:1031b000f04a8800c095200011c8b300014878008b
:1031c0000f003700c095200001c8b3000148780007
:1031d000d09620001040780085e8b700000000007d
:1031e0000700370000000000050037000000000065
:1031f000030037000000000001003700000000005d
:103200000080fa00000006000000fa001821ef001c
:10321000f0e12400e008880000012800000988008f
:10322000b04380000000e00002003a00c095290091
:10323000330007008780a9009780a800a09b20008a
:103240008040eb00014878000080fa000000060092
:103250000200fa00000f78009e007800e108880064
:10326000a09b20008040eb00014878000080fa001d
:10327000000006000000fa00e00880000080fa006c
:10328000000006000200fa00000f78009e0078009f
:10329000c1088800a09b20008040eb000148780016
:1032a0000080fa00000006000000fa00c00880005c
:1032b0000080fa00000006000000fa0070c8bf009d
:1032c0000040e80070e8b70071c8bf000040e800a7
:1032d00071e8b70072c8bf000040e80072e8b700ac
:1032e00073c8bf000040e80073e8b70074c8bf00af
:1032f0000040e80074e8b7000080fa000000060013
:103300000200fa00000f78009780a9009e00780064
:10331000b14388009780a8000080fa0000000600f2
:103320000000fa00a09b20008040eb0001487800dc
:103330009780a80021e1a8000080fa0000000600a4
:103340000000fa0021e1a9009780a9000080fa009e
:10335000000006000200fa00a09b2000104f780039
:103360001e4078000004e00003003200a09b200013
:103370008040eb00014878001e4078000080fa0091
:10338000000006000000fa00b09b2000104078000a
:103390000080fb000080fa00000006000000fa0038
:1033a000b09b20008040eb00014878000080fa00cc
:1033b000000006000000fa00c4e2a900cc82a900c7
:1033c000d482a800d4a2a800d4c2a800d462a800c5
:1033d000c502a900cdc2a900cde2a900c522a8005e
:1033e0000080fa00000006000000fa00d482a90064
:1033f000006420000100200062010700d4a2a9009f
:1034000000642000010020005e010700d4c2a90072
:1034100000402d00010320005a010700c4e2a8006b
:1034200000e823000100200056010700d462a90033
:1034300000d027000100200052010700cc82a80024
:1034400000802900a10320004e0107000080fa003f
:10345000000006000000fa00c502a900cc82a90005
:10346000d462a800c4e2a90000a0260081012000c7
:1034700044010700d4c2a800d4a2a800d482a800a6
:103480000080fa00000006000000fa00cc82a800cc
:1034900000702700110020003a010700cc82a9002b
:1034a00000d027000100200036010700cc82a800d0
:1034b0000070270011002000320107000080fa0090
:1034c000000006000000fa00cc82a80000102700cf
:1034d000210020002b010700cc82a900003025002c
:1034e0007100200027010700cc82a80000f029000d
:1034f00041022000230107000080fa0000000600be
:103500000000fa00c4e2a80000d02700010020005b
:103510001c010700c4e2a900001e200001002000d9
:1035200018010700c4e2a80000d027000100200015
:10353000140107000080fa00000006000000fa00f5
:10354000c422ef00cc22ef00d422ef007041200013
:1035500000168800f0fa2000401688004010200075
:10356000801688006820ef006a20ef00c622ef0076
:10357000ce22ef0010002000b0168800c09f20006f
:1035800060198800113a8000f00b20000081600073
:103590006004200071052000237420008049780019
:1035a000814978008249780001348000f00f2e00b4
:1035b000808060000020210001007000003488003d
:1035c000b1368000f00f2e000080600000b0a00037
:1035d000b036880061368000f00f2e0080806000d9
:1035e00000402100010070006036880081368000b4
:1035f000f00f2e008080600000302100010070007c
:10360000803688004135800000fe2f000080600079
:103610008001b300403588008136800000fe2f0015
:10362000008060002001b30080368800c136800031
:10363000f00f2e00808060000070200001007000fc
:10364000c0368800103a8000000178000260a000b7
:103650006004200071052000237420008049780058
:1036600081497800824978000080fa000000060055
:020000040000fa
:020000040001f9
:103670005a09000022000000000000002608000097
:103680002600000000000000000a000020000000ea
:10369000000000008408000002000000000000009c
:1036a000ae0900000c0000000000000066080000e9
:1036b0000a00000000000000860800000200000070
:1036c0000000000088080000020000000000000068
:1036d0007c09000020000000000000008a080000b3
:1036e0000200000002000000ffff0000ba09000015
:1036f0000200000000000000700800000800000048
:103700000000000078080000040000000000000035
:103710007c08000004000000000000009c0900007c
:1037200012000000000000008008000004000000fb
:10373000000000008c0800000200000000000000f3
:103740008e08000002000000000000009008000049
:10375000020000000000000092080000a00000002d
:10376000000000004c0800001a00000000000000eb
:1037700032090000280000000000000000080000de
:0c37800026000000000000000000000017
:020000040000fa
:020000040001f9
:10378c000600fa00000f7800110798002207980035
:10379c001e00780021072000810f5000200032000d
:1037ac0021072000810f50000a003c00e20f50005e
:1037bc001d003200e20f500003003c00e10f5000ee
:1037cc00130032001d003700e30f500012003200ce
:1037dc001a00370041072000810f50000900320009
:1037ec0041072000810f50001100350051072000c7
:1037fc00810f500010003a00100020006c000700f0
:10380c000e00370020002000690007000b00370075
:10381c0071ec07000900370008fe070007003700ad
:10382c000000000005003700000000000300370016
:10383c0000000000010037000000000010c0b300c1
:10384c000080fa00000006000000fa0071068000fb
:10385c00f08f2f00008060000080a00070068800b0
:10386c002105800080ff2f00008060000000a00078
:10387c00200588007105800080ff2f00008060000b
:10388c000000a0007005880061058000f0f82f0092
:10389c00008060000040a00060058800e105800009
:1038ac00f08f2f00008060000080a000e0058800f1
:1038bc009105800080ff2f00008060000000a000b8
:1038cc00900588000080fa00000006000000fa0055
:1038dc0000122300203a88004827ef004e27ef0003
:1038ec007027ef007227ef007427ef007627ef00a8
:1038fc003200200080072000a10920003374200032
:10390c008049780081497800824978000001eb00f9
:10391c006004200071052000237420008049780089
:10392c0081497800824978000080fa000000060086
:10393c000000fa0010002000404488000080fa00cb
:10394c00000006000000fa00bffe0700ffff370072
:10395c000000fa008828ef008400a9008200a9006a
:10396c009400a8008680a9008220a8009680a80058
:08397c000080fa0000000600c3
:020000040000fa
:020000040001f9
:10398400f03fb1000180b10006003500ee030900ec
:1039940000000000403fb1000180b100fbff3d008a
:1039a4001000b000203fb000020035000080090084
:0839b400000000000000060005
:020000040000fa
:020000040001f9
:1039bc000200fa00000f78001e007800e10f5000a2
:1039cc0004003a0010c0b30020e8b700c502a900fb
:1039dc0001003700000000000080fa000000060023
:1039ec00000f78009e00780051448800ffff3700dc
:1039fc000000fa00c0972000800778004099200052
:103a0c00000188000080fa00000006000000fa00a7
:0c3a1c00aeff07000080fa00000006006a
:020000040000fa
:020000040001f9
:0457f000ffff0000b7
:020000040000fa
:020000040001f9
:0457f400fffc0000b6
:020000040000fa
:020000040001f9
:0457f800bd9b000055
:020000040000fa
:020000040001f9
:0457fc007f3f0000eb
:00000001FF
