:020000040000fa
:08000000c01e04000000000016
:020000040000fa
:10000800041e0000081e00000c1e0000101e000048
:10001800141e0000bc1e0000bc1e0000bc1e000018
:10002800181e00001c1e0000201e0000241e0000d8
:10003800bc1e0000281e00002c1e0000301e000000
:10004800341e0000381e00003c1e0000401e000048
:10005800441e0000481e0000bc1e0000bc1e00001c
:100068004c1e0000501e0000541e0000581e0000c8
:100078005c1e0000bc1e0000bc1e0000bc1e000070
:10008800bc1e0000601e0000641e0000681e000008
:100098006c1e0000701e0000741e0000781e000018
:1000a8007c1e0000801e0000bc1e0000bc1e00005c
:1000b800bc1e0000841e0000881e00008c1e00006c
:1000c800bc1e0000901e0000bc1e0000bc1e0000ec
:1000d800bc1e0000941e0000bc1e0000bc1e0000d8
:1000e800bc1e0000981e00009c1e0000bc1e0000e4
:1000f800bc1e0000bc1e0000bc1e0000bc1e000090
:10010800bc1e0000bc1e0000bc1e0000bc1e00007f
:10011800bc1e0000bc1e0000a01e0000bc1e00008b
:10012800bc1e0000a41e0000a81e0000ac1e00009b
:10013800bc1e0000bc1e0000bc1e0000bc1e00004f
:10014800b01e0000bc1e0000bc1e0000bc1e00004b
:10015800bc1e0000b41e0000bc1e0000bc1e000037
:10016800bc1e0000bc1e0000bc1e0000bc1e00001f
:10017800bc1e0000bc1e0000b81e0000bc1e000013
:10018800bc1e0000bc1e0000bc1e0000bc1e0000ff
:10019800bc1e0000bc1e0000bc1e0000bc1e0000ef
:1001a800bc1e0000bc1e0000bc1e0000bc1e0000df
:1001b800bc1e0000bc1e0000bc1e0000bc1e0000cf
:1001c800bc1e0000bc1e0000bc1e0000bc1e0000bf
:1001d800bc1e0000bc1e0000bc1e0000bc1e0000af
:1001e800bc1e0000bc1e0000bc1e0000bc1e00009f
:0801f800bc1e0000bc1e00004b
:020000040000fa
:04020800c220000010
:020000040000fa
:04020c00c22000000c
:020000040000fa
:04021000c220000008
:020000040000fa
:04021400c220000004
:020000040000fa
:04021800c220000000
:020000040000fa
:04021c00c2200000fc
:020000040000fa
:04022000c2200000f8
:020000040000fa
:04022400c2200000f4
:020000040000fa
:04022800c2200000f0
:020000040000fa
:04022c00c2200000ec
:020000040000fa
:04023000c2200000e8
:020000040000fa
:04023400c2200000e4
:020000040000fa
:04023800c2200000e0
:020000040000fa
:04023c00c2200000dc
:020000040000fa
:04024000c2200000d8
:020000040000fa
:04024400c2200000d4
:020000040000fa
:04024800c2200000d0
:020000040000fa
:04024c00c2200000cc
:020000040000fa
:04025000c2200000c8
:020000040000fa
:04025400c2200000c4
:020000040000fa
:04025800c2200000c0
:020000040000fa
:04025c00c2200000bc
:020000040000fa
:04026000c2200000b8
:020000040000fa
:04026400c2200000b4
:020000040000fa
:04026800c2200000b0
:020000040000fa
:04026c00c2200000ac
:020000040000fa
:04027000c2200000a8
:020000040000fa
:04027400c2200000a4
:020000040000fa
:04027800c2200000a0
:020000040000fa
:04027c00c22000009c
:020000040000fa
:04028000c220000098
:020000040000fa
:04028400c220000094
:020000040000fa
:04028800c220000090
:020000040000fa
:04028c00c22000008c
:020000040000fa
:04029000c220000088
:020000040000fa
:04029400c220000084
:020000040000fa
:04029800c220000080
:020000040000fa
:04029c00c22000007c
:020000040000fa
:0402a000c220000078
:020000040000fa
:0402a400c220000074
:020000040000fa
:0402a800c220000070
:020000040000fa
:0402ac00c22000006c
:020000040000fa
:0402b000c220000068
:020000040000fa
:0402b400c220000064
:020000040000fa
:0402b800c220000060
:020000040000fa
:0402bc00c22000005c
:020000040000fa
:0402c000c220000058
:020000040000fa
:0402c400c220000054
:020000040000fa
:0402c800c220000050
:020000040000fa
:0402cc00c22000004c
:020000040000fa
:0402d000c220000048
:020000040000fa
:0402d400c220000044
:020000040000fa
:0402d800c220000040
:020000040000fa
:0402dc00c22000003c
:020000040000fa
:0402e000c220000038
:020000040000fa
:0402e400c220000034
:020000040000fa
:0402e800c220000030
:020000040000fa
:0402ec00c22000002c
:020000040000fa
:0402f000c220000028
:020000040000fa
:0402f400c220000024
:020000040000fa
:0402f800c220000020
:020000040000fa
:0402fc00c22000001c
:020000040000fa
:04030000c220000017
:020000040000fa
:04030400c220000013
:020000040000fa
:04030800c22000000f
:020000040000fa
:04030c00c22000000b
:020000040000fa
:04031000c220000007
:020000040000fa
:04031400c220000003
:020000040000fa
:04031800c2200000ff
:020000040000fa
:04031c00c2200000fb
:020000040000fa
:04032000c2200000f7
:020000040000fa
:04032400c2200000f3
:020000040000fa
:04032800c2200000ef
:020000040000fa
:04032c00c2200000eb
:020000040000fa
:04033000c2200000e7
:020000040000fa
:04033400c2200000e3
:020000040000fa
:04033800c2200000df
:020000040000fa
:04033c00c2200000db
:020000040000fa
:04034000c2200000d7
:020000040000fa
:04034400c2200000d3
:020000040000fa
:04034800c2200000cf
:020000040000fa
:04034c00c2200000cb
:020000040000fa
:04035000c2200000c7
:020000040000fa
:04035400c2200000c3
:020000040000fa
:04035800c2200000bf
:020000040000fa
:04035c00c2200000bb
:020000040000fa
:04036000c2200000b7
:020000040000fa
:04036400c2200000b3
:020000040000fa
:04036800c2200000af
:020000040000fa
:04036c00c2200000ab
:020000040000fa
:04037000c2200000a7
:020000040000fa
:04037400c2200000a3
:020000040000fa
:04037800c22000009f
:020000040000fa
:04037c00c22000009b
:020000040000fa
:04038000c220000097
:020000040000fa
:103c0000c01e040000000000c220040000000000ec
:103c1000cc1f040000000000de1f040000000000b4
:103c2000d41f040000000000e61f04000000000094
:103c3000901f040000000000c220040000000000eb
:103c4000c220040000000000c220040000000000a8
:103c5000c220040000000000c22004000000000098
:103c60008c20040000000000c220040000000000be
:103c7000c220040000000000c22004000000000078
:103c8000c220040000000000c22004000000000068
:103c9000c220040000000000c22004000000000058
:103ca0002420040000000000c220040000000000e6
:103cb000c220040000000000ae1f0400000000004d
:103cc000c220040000000000c22004000000000028
:103cd000c220040000000000ee1f040000000000ed
:103ce000c220040000000000c22004000000000008
:103cf000c220040000000000c220040000000000f8
:103d0000c220040000000000c220040000000000e7
:103d1000c220040000000000c220040000000000d7
:103d2000c220040000000000c220040000000000c7
:103d3000c220040000000000462004000000000033
:103d4000c220040000000000c220040000000000a7
:103d5000c220040000000000c22004000000000097
:103d6000c220040000000000c22004000000000087
:103d70006820040000000000c220040000000000d1
:020000040000fa
:103d80000fa220000e7f22000e018800000000001c
:103d9000000020000000e0000200320000012000ce
:103da0002002880014000700f80007000000e0006f
:103db00003003a0040cc2900010020000200370037
:103dc0000000200001002000810f7000010032007f
:103dd00014000700000020000000e0000200320094
:103de00000000200000000006489020000000000e2
:103df0000040da000000fe004440a900a00c2000b2
:103e00000000e0000300320000002000a001880054
:103e10004440a800000006008a1f78008b1f78002d
:103e20000000060091018800800478000000eb008b
:103e30001a003700e284440032a0b4009905ba00a9
:103e4000e284440032a0b4009906ba00e28444003f
:103e500032a0b4000006eb00476fde00fd07b200a1
:103e6000636ce10003003a00ebff07000000eb0089
:103e70000a003700606ce10004003a00005deb00ce
:103e80008b05e900fdff3e00040037006168e1009a
:103e9000010032000086eb000b00070019c7ba00d2
:103ea0001905ba000e04e00003003a000a00e00021
:103eb000e0ff3a0000000600fe07b2009e01880005
:103ec0008a047800f5ff3700395dba008b05e900f8
:103ed0000c003200295dba008b05e90008003200b1
:103ee0000c00e00003003a00e284440032a0b40079
:103ef000f5ff370019ddba008b05e900faff3a003b
:103f00008904e800e184440032a0b4000000060007
:103f100000000000000000000000000000000000a1
:103f20003600f800809fbe00829fbe00849fbe00c6
:103f3000869fbe000000fa009a3f07008400a90097
:103f40000080fa004f03be004f02be004f01be00ca
:103f50004f00be003600f900004006003600f800b1
:103f6000809fbe00829fbe00849fbe00869fbe00d1
:103f70000000fa00903f07008680a9000080fa0048
:103f80004f03be004f02be004f01be004f00be00f7
:103f90003600f900004006003600f8008020a90035
:103fa0000000eb00ad3f07003600f800af3f070010
:103fb0008040a90010002000a83f07003600f8004c
:103fc0008060a90020002000a43f07003600f80010
:103fd0008080a90030002000a03f07003600f800d4
:103fe000809fbe00829fbe00849fbe00869fbe0051
:103ff0000000fa00b04380000000e0000200320040
:10400000b043800000000100d09b200010407800e9
:104010008040e800d09b200001487800c09b200031
:1040200011c0b300014878008780a9000080fa0021
:104030004f03be004f02be004f01be004f00be0046
:104040003600f90000400600809fbe000000fa0024
:10405000c0438000e10f500001003a007828ef00d3
:104060004110800000402000008060000000e0005f
:104070000200320010002000d04388008620a900f2
:104080000080fa004f00be0000400600809fbe0086
:104090000000fa00e0438000e10f500001003a0008
:1040a0007c28ef00c11080000040200000806000ec
:1040b0000000e0000200320010002000f043880001
:1040c0008a40a9000080fa004f00be0000400600b0
:1040d0003600f800809fbe00829fbe00849fbe0015
:1040e000869fbe003400f80000002000a001880078
:1040f0000000fa00052307000080fa003400f900f0
:104100004f03be004f02be004f01be004f00be0075
:104110003600f900004006003600f800809fbe001f
:10412000829fbe00849fbe00869fbe000000fa00f2
:10413000904480000000e0000200320090448000c3
:1041400000000100f09b2000104078008040e80053
:10415000f09b200001487800e09b200011c0b300d4
:104160000148780084e0a9000080fa004f03be00f7
:104170004f02be004f01be004f00be003600f900e6
:10418000004006000040da000000fe0000000500cc
:10419000839f68000100e00002003d006000100005
:1041a000e08018000300e00002003d006001110003
:1041b000e08119003e0007004f00e00002003b00d4
:1041c00060001000e0801800000006000001be0042
:1041d000220007000470a70003f0a1006509b100e8
:1041e000160032000d0035006828e1000600350099
:1041f000f0ff2f00f1ff27000300e00013003b0059
:1042000001002800000005000000400081804800f7
:104210008502e900fcff3a0008003700f88f4200f1
:1042200002003c008000eb00000005008100d1008e
:104230000080d3008502e800fcff3a000300e000a4
:1042400002003b0060001000e08018000000060043
:104250004f89de008201780027013700c70ade009f
:10426000f107b200f50fb20008003200e1cf4200c2
:10427000020032000170a00024000500810f7000d0
:10428000010032000408050044000500810f7000a1
:1042900002003a00140005008502e9000000400019
:1042a00081c04800fcff3b000170a0002400050015
:1042b0006022b800060220000000d0008180d200f9
:1042c0000482d2008582d2000000a00002025200c7
:1042d00083825a00030031000202420083824a00b6
:1042e0000000a1000603e900f3ff3a000000060009
:1042f000038368000700280007036300470ade0005
:104300000480a100c71ade000580a100f70f20007d
:104310000720e100420032000728e100400032009f
:10432000889fbe008a9fbe008c1f7800f107b200f4
:10433000f307b2000400e000640032000170a00046
:104340000500e000680032000370a000850542000f
:10435000eb07b1000204b8000302b80084844400f3
:1043600060854a00020ab800848444000a854a0035
:10437000030ab80004054500040033000804d00017
:104380008984d2000a85d2008b05e9006158e100da
:104390003d003500021020000901610003082000e3
:1043a00089816100f7072000878364000886730015
:1043b000c84cde00c853dd00878474004855de0019
:1043c0000300e000060032008203760004003200a1
:1043d0008904e80060054d000a88a3000c003a003b
:1043e000f70f20000758e10044003d000a70a100cb
:1043f000c75ddd000a8575008a007300090078003a
:104400004f0678004f05be004f04be0000000600b6
:104410000a05d1008984d3008b05e800f0ff37003e
:10442000881f7800060478009000070007027800d3
:104430000001fd008101fd008c000700870278006b
:10444000850372000778a300050032000001fd001b
:104450008101fd009f0007004f0478000000060066
:10446000850372000748a30003003200f0ff2f000d
:10447000f1ff2700f8ff37000000200001f82700b7
:1044800088807000f4ff3700880178004848dd001c
:10449000808171004848de00c850dd0001007000d6
:1044a000c850de00060478000b01780016000700f3
:1044b00088807000d2ff37000500e0000500320060
:1044c000170020003a0007009dff370081037000ad
:1044d000f9ff3a00860078004f0678004f05be00cd
:1044e0004f04be000000050083037100f9ff320095
:1044f000270020002e00070094ff370001f8270056
:1045000086807000f4ff37000100e00026003200d2
:10451000610111007810e10023003c006022b80026
:104520007010e1000400350080027800010078007e
:104530008000eb00700151000200e000090034002f
:1045400070031100062add00822ade008603dd00ea
:10455000878272000200de00860bdd00070070001b
:104560008208de0084817100f4ff2700048262006b
:10457000848171000400280084826200610260006e
:1045800005f0a6000000060004827100070032005a
:104590000000e800e0804800000006000002be00c5
:1045a0006000b800efff37006000b80000000600b0
:1045b000889fbe000004eb006138e10016003a005d
:1045c0000100e00008003a00c800de004800dd00fd
:1045d000880020000100e00003003a00c800de006f
:1045e0004800dd00680444008184cf00e984540061
:1045f000060034008908dd00f08314008703de0024
:10460000878070000900dd00090444006102140085
:104610004f04be00000006000300e00008003a005e
:10462000c811de004811dd00880020000300e00012
:1046300003003a00c811de004811dd0068044400a0
:104640008384cf00e9845400060034008919dd001a
:10465000f08314008713de00878171000911dd00eb
:1046600009044400e1021400e9ff3700270020009c
:1046700001f0a70017002000470bde00f60fb20084
:10468000040032000643e8000a0032004702b3008b
:104690000000060001037800f607b2000603700070
:1046a00002003a000703b300000006008702b300cf
:1046b0000000060001037800f607b2000603700050
:1046c000020032000770a000000006000760a00092
:1046d000000006000478a300040032000578a3005f
:1046e000030032000168a30001003a000200be008e
:1046f0000160a00000000600881f78000304780015
:104700000300e00007003d0060001000e08018009a
:1047100060011900e081190002003b0001f02d004a
:10472000030037000400070008f0a70001f0a00014
:104730004f04780000000600889fbe008a9fbe00dc
:1047400000827000040271000482710026003200b1
:104750000004be000200be006011b8006b0920001a
:10476000950220000182cf000a0039000541b10006
:104770000082cf00070039000541b1000982cf0057
:10478000040039000541b1000882cf000100390062
:104790000541b10005425200120032000a003b0000
:1047a00082817100610164008100d1000080d3002a
:1047b0008984d3000884d3008b05e8000442e80014
:1047c000f7ff3a00070037000804440089844c00d2
:1047d00000004800818048008b05e9000442e900a0
:1047e000f9ff3a00030007004f05be004f04be006a
:1047f0000000060081002000618055000b003d0094
:104800000b00200061fe2f000100e1001d003400bc
:1048100082817100610164008904d1000884d300a1
:104820000000e800faff3a00710020006100640017
:1048300003007000020060000900320061044400bf
:10484000e0844c000988a500050032008b05e800d3
:104850006808e10002003a008904d1000884d3000e
:10486000f20f20000258e10005003d00c75ddd00a9
:10487000f907b20089807500080078000000060082
:104880000bf827008b0078000000050080017800fd
:1048900002003700b15978000201e9000200e0008f
:1048a000fcff3a0000000600889fbe008a9fbe0001
:1048b000800478000200e0005b00320001407800d4
:1048c000814c780082814400f1f99f00e20f510091
:1048d0005500360091449800a1449800e1f99f00ea
:1048e000d1f99f00e60f51004f003600b144980007
:1048f000c1f99f00e80f51004b0036000905ea009e
:10490000630565000a8444000a055100c1ff2f00b9
:10491000010565000080fb008000eb001210200004
:104920001310200044000700008cbe000a01440060
:1049300060b99f0071b99f00e80f55003a0036003a
:104940002004980031049800400498005104980015
:1049500020b99f0031b99f0040b99f0051b99f0015
:10496000f80f55003000360060049800710498007c
:10497000000c9800110c9800200c9800310c980045
:10498000400c9800510c980020b19f0031b19f005d
:1049900040b19f0051b19f0060b19f0071b19f0075
:1049a00000b99f0011b99f006401640078014100c3
:1049b00002044400020555006011b8000203be0065
:1049c0000002be000403be006022b80000007200b6
:1049d0008180720002017300838173001000370030
:1049e000009cbe000294be00400498005104980050
:1049f0006204980073049800000c9800110c980051
:104a0000220c9800330c9800400c9800510c980030
:104a1000620c9800730c98000a02b1000802b00002
:104a2000ff0f5500eeff3e00090078004f05be0065
:104a30004f04be0000000600020ab900001bb900c6
:104a40000200b8008100420081004300000006001f
:020000040000fa
:104a50001201000000020000000000000008000039
:104a6000d80400003f000000000100000102000027
:104a700000010000090200002900000001010000ff
:104a800000c0000032090000040000000002000025
:104a900003000000000000000921000011010000d7
:104aa00000010000221d0000000700000581000039
:104ab00003400000000100000705000001030000a2
:104ac0004000000001000000040300000904000091
:104ad000340300004d000000690000006300000086
:104ae000720000006f00000063000000680000001a
:104af0006900000070000000200000005400000069
:104b00006500000063000000680000006e00000007
:104b10006f0000006c0000006f00000067000000e4
:104b20007900000020000000490000006e00000035
:104b3000630000002e0000002e0300005300000060
:104b4000690000006d000000700000006c000000b3
:104b5000650000002000000048000000490000003f
:104b60004400000020000000440000006500000038
:104b7000760000006900000063000000650000008e
:104b80002000000044000000650000006d000000ef
:104b90006f00000006000000ff09000001a10000f6
:104ba0000119000001290000401500000026000046
:104bb000ff00000075080000954000008100000023
:104bc000190100002940000091000000c000000011
:104bd0003aa5000064a5000068a500009ca500009f
:044be00013000000be
:020000040000fa
:104be4000000fa004100200040002000f62d0700dc
:104bf40001f0230020002000f32d07008000eb00cb
:104c040020002000f02d07008000eb006000200051
:104c1400ed2d0700f1f3200060012000ea2d0700cc
:104c240080c0eb0020502800d92d070080c0eb0085
:104c3400b0502800d62d0700f1f3200040012000d9
:104c4400e12d0700e1cfb30020512800d02d07004b
:104c540080c0eb0040512800cd2d070080c0eb0040
:104c640050512800ca2d070080c0eb006051280075
:104c7400c72d070031c0b30000412800c42d070030
:104c8400f1c3b30030412800c12d070061c0b30057
:104c940000422800be2d070011c3b300004f2800b6
:104ca400bb2d070011c0b300404f2800b82d0700ea
:104cb400012c210000542800c32d07008040eb0084
:104cc40000632800b22d070031752000106328000e
:104cd400bd2d070021c0b30000672800ac2d0700dc
:104ce400012c2100c0a02800b72d070011c0b3007b
:104cf400005e2800a62d070001102000305e280069
:104d0400b12d07008040eb0000c02800a02d070053
:104d140080c0eb0010c028009d2d070080c0eb0070
:104d240020c028009a2d070080c0eb0030c0280066
:104d3400972d070080c0eb0040c02800942d070089
:104d440080c0eb0050c02800912d070080c0eb000c
:104d540060c028008e2d07008040eb0070c0280042
:104d64008b2d070021c5b30080c02800882d0700c3
:104d740021c6b30090c02800852d070011c0b300e0
:104d8400a0c02800822d07008040eb00b0c028009e
:104d94007f2d070011c0b300c0c028007c2d070080
:104da4008040eb00d0c02800792d07008040eb0044
:104db400e0c02800762d07008040eb00f0c02800fa
:104dc400732d0700c1c1b30000c12800702d070076
:104dd400d1c1b30010c128006d2d070011c0b3006c
:104de40020c128006a2d070031c0b30030c128005b
:104df400672d070001c8b30040c12800642d0700d7
:104e040061c0b30050c12800612d0700a1c0b300e8
:104e140060c128005e2d070081c7b30070c128005f
:104e24005b2d0700a1c0b30080c12800582d0700e6
:104e3400d1c0b30090c12800552d070091ccb30018
:104e4400a0c12800522d070001cab300b0c1280038
:104e54004f2d070071c5b300c0c128004c2d0700b9
:104e640071c4b300d0c12800492d070081c9b30023
:104e7400e0c12800462d070071c2b300f0c128002c
:104e8400432d070021c1b30000c22800402d0700b4
:104e940081c4b30010c228003d2d0700c1c4b30073
:104ea40020c228003a2d07008040eb0030c22800c1
:104eb400372d07008040eb0040c22800342d070046
:104ec4008040eb0050c22800312d070011c0b30010
:104ed40060c228002e2d070011c0b30070c2280044
:104ee4002b2d070011c0b30080c22800282d070015
:104ef40011c0b30090c22800252d070011c0b300d3
:104f0400a0c22800222d070011c0b300b0c228009f
:104f14001f2d070011c0b300c0c228001c2d0700bc
:104f240011c0b300d0c22800192d070011c0b3006e
:104f3400e0c22800162d070011c0b300f0c22800fb
:104f4400132d070011c0b30000c32800102d070063
:104f540011c0b30010c328000d2d070011c0b30009
:104f640020c328000a2d070011c0b30030c3280055
:104f7400072d070011c0b30040c32800042d07000b
:104f840011c0b30050c32800012d0700a1c4b30011
:104f940060c32800fe2c0700a1c1b30070c3280021
:104fa400fb2c070001cdb30080c32800f82c0700b8
:104fb40001cbb30090c32800f52c070001c2b30055
:104fc400a0c32800f22c07008040eb00b0c32800e7
:104fd400ef2c0700c1c0b300c0c32800ec2c0700ad
:104fe40001c5b300d0c32800e92c0700b1c5b30044
:104ff400e0c32800e62c070001c2b300f0c3280078
:10500400e32c070031c6b30000c42800e02c0700dd
:105014008040eb0010c42800dd2c0700d1c3b3008e
:1050240020c42800da2c0700d1c6b30030c42800fd
:10503400d72c07008040eb0040c42800d42c070084
:105044008040eb0050c42800d12c07008040eb00c6
:1050540060c42800ce2c070081c1b30070c42800ae
:10506400cb2c0700a1c4b30080c42800c82c0700bf
:10507400a1c1b30090c42800c52c070001cdb30022
:10508400a0c42800c22c070001cbb300b0c4280080
:10509400bf2c070001c2b300c0c42800bc2c070009
:1050a4008040eb00d0c42800b92c0700c1c0b30075
:1050b400e0c42800b62c070001c5b300f0c42800e2
:1050c400b32c0700b1c5b30000c52800b02c0700fd
:1050d40001c2b30010c52800ad2c070031c6b300cf
:1050e40020c52800aa2c07008040eb0030c528000a
:1050f400a72c0700d1c3b30040c52800a42c070087
:10510400d1c6b30050c52800a12c07008040eb0095
:1051140060c528009e2c07008040eb0070c5280065
:105124009b2c07008040eb0080c52800982c0700ca
:1051340081c1b30090c52800952c07008040eb0086
:10514400a0c52800922c07008040eb00b0c52800c1
:105154008f2c07008040eb00c0c528008c2c070072
:10516400c1cfb300d0c52800892c07008040eb00d4
:10517400e0c52800862c070031c4b300f0c5280020
:10518400832c0700f1c4b30000c62800802c07005c
:10519400d1c4b30010c628007d2c070051c3b3004e
:1051a40020c628007a2c070001c3b30030c62800ab
:1051b400772c070081c4b30040c62800742c070074
:1051c40051c3b30050c62800712c0700e1c4b300da
:1051d40060c628006e2c070001c3b30070c6280007
:1051e4006b2c070031c3b30080c62800682c07006d
:1051f40051c5b30090c62800652c0700c1c4b30094
:10520400a0c62800622c070031c4b300b0c6280031
:105214005f2c07008040eb00c0c628005c2c070010
:105224008040eb00d0c62800592c07008040eb00da
:10523400e0c62800562c0700d1cfb300f0c62800e2
:10524400532c07008040eb0000c72800502c0700b7
:1052540061c3b30010c728004d2c070021c4b3005c
:1052640020c728004a2c070051c4b30030c72800c7
:10527400472c0700b1c4b30040c72800442c0700e2
:1052840061c0b30050c72800412c07008040eb00e8
:1052940060c728003e2c0700a1c0b30070c72800d7
:1052a4003b2c070001c2b30080c72800382c07003c
:1052b40001c2b30090c72800352c070001c2b30017
:1052c400a0c72800322c070001c2b300b0c72800d1
:1052d4002f2c070001c2b300c0c728002c2c0700e4
:1052e40001c2b300d0c72800292c070011c0b300a5
:1052f400e0c72800262c070001c5b300f0c728002a
:10530400232c070021c0b30000c82800202c07006c
:1053140031c0b30010c828001d2c0700a1c1b30080
:1053240020c828001a2c070001ccb30030c828007c
:10533400172c070071c4b30040c82800142c0700c0
:10534400d1c7b30050c82800112c0700d1c7b3003f
:1053540060c828000e2c0700d1c7b30070c828000d
:105364000b2c0700d1c7b30080c82800082c070005
:10537400d1c7b30090c82800052c0700d1c7b300db
:10538400a0c82800022c0700d1c7b300b0c8280069
:10539400ff2b070031c2b300c0c82800fc2b070054
:1053a40081c0b300d0c82800f92b070071c0b30036
:1053b400e0c82800f62b070011c0b300f0c828008d
:1053c400f32b070031c8b30000c92800f02b0700f5
:1053d40011c0b30010c92800ed2b07008040eb007a
:1053e40020c92800ea2b07008040eb0030c92800c0
:1053f400e72b070051c6b30040c92800e42b07007f
:1054040031c0b30050c92800e12b0700c1c0b3006c
:1054140060c92800de2b07008040eb0070c928001b
:10542400db2b070001c1b30080c92800d82b07007b
:105434008040eb0090c92800d52b0700a1c4b3001d
:10544400a0c92800d22b0700a1c1b300b0c928000d
:10545400cf2b070001cdb300c0c92800cc2b070017
:1054640001cbb300d0c92800c92b070001c2b30087
:10547400e0c92800c62b07008040eb00f0c92800d3
:10548400c32b0700c1c0b30000ca2800c02b07000b
:1054940001c5b30010ca2800bd2b0700b1c5b30075
:1054a40020ca2800ba2b070001c2b30030ca280062
:1054b400b72b070031c6b30040ca2800b42b07003d
:1054c4008040eb0050ca2800b12b0700d1c3b300c1
:1054d40060ca2800ae2b0700d1c6b30070ca2800ea
:1054e400ab2b07008040eb0080ca2800a82b0700e4
:1054f4008040eb0090ca2800a52b07008040eb00f9
:10550400a0ca2800a22b070081c1b300b0ca28009a
:105514009f2b0700a1c4b300c0ca28009c2b07001e
:10552400a1c1b300d0ca2800992b070001cdb30054
:10553400e0ca2800962b070001cbb300f0ca28006c
:10554400932b070001c2b30000cb2800902b070067
:105554008040eb0010cb28008d2b0700c1c0b300a6
:1055640020cb28008a2b070001c5b30030cb2800cc
:10557400872b0700b1c5b30040cb2800842b07005c
:1055840001c2b30050cb2800812b070031c6b30001
:1055940060cb28007e2b07008040eb0070cb2800f6
:1055a4007b2b0700d1c3b30080cb2800782b0700e6
:1055b400d1c6b30090cb2800752b07008040eb00c8
:1055c400a0cb2800722b07008040eb00b0cb280052
:1055d4006f2b07008040eb00c0cb28006c2b07002a
:1055e40081c1b300d0cb2800692b0700a1c4b3004c
:1055f400e0cb2800662b0700a1c1b300f0cb280044
:10560400632b070001cdb30000cc2800602b0700fa
:1056140001cbb30010cc28005d2b070001c2b300fe
:1056240020cc28005a2b07008040eb0030cc280007
:10563400572b0700c1c0b30040cc2800542b0700ef
:1056440001c5b30050cc2800512b0700b1c5b300ed
:1056540060cc28004e2b070001c2b30070cc280098
:105664004b2b070031c6b30080cc2800482b070021
:105674008040eb0090cc2800452b0700d1c3b30039
:10568400a0cc2800422b0700d1c6b300b0cc280020
:105694003f2b07008040eb00c0cc28003c2b0700c8
:1056a4008040eb00d0cc2800392b07008040eb0071
:1056b400e0cc2800362b070081c1b300f0cc2800d1
:1056c400332b0700a1c4b30000cd2800302b070002
:1056d400a1c1b30010cd28002d2b070001cdb300cc
:1056e40020cd28002a2b070001cbb30030cd2800a1
:1056f400272b070001c2b30040cd2800242b07004c
:105704008040eb0050cd2800212b0700c1c0b3001e
:1057140060cd28001e2b070001c5b30070cd280002
:105724001b2b0700b1c5b30080cd2800182b070040
:1057340001c2b30090cd2800152b070031c6b30079
:10574400a0cd2800122b07008040eb00b0cd28002c
:105754000f2b0700d1c3b300c0cd28000c2b0700ca
:10576400d1c6b300d0cd2800092b07008040eb0040
:10577400e0cd2800062b07008040eb00f0cd280088
:10578400032b07008040eb0000ce2800002b07000d
:1057940081c1b30010ce2800fd2a07008040eb0031
:1057a40020ce2800fa2a07008040eb0030ce2800e3
:1057b400f72a07008040eb0040ce2800f42a0700b7
:1057c4008040eb0050ce2800f12a07008040eb0017
:1057d40060ce2800ee2a07008040eb0070ce28003f
:1057e400eb2a07008040eb0080ce2800e82a07005f
:1057f4008040eb0090ce2800e52a07008040eb00b3
:10580400a0ce2800e22a07008040eb00b0ce28009a
:10581400df2a07008040eb00c0ce2800dc2a070006
:105824008040eb00d0ce2800d92a07008040eb004e
:10583400e0ce2800d62a07008040eb00f0ce2800f6
:10584400d32a07008040eb0000cf2800d02a0700ad
:105854008040eb0010cf2800cd2a07008040eb00e9
:1058640020cf2800ca2a07008040eb0030cf280050
:10587400c72a07008040eb0040cf2800c42a070055
:105884008040eb0050cf2800c12a07008040eb0085
:1058940060cf2800be2a07008040eb0070cf2800ac
:1058a400bb2a07008040eb0080cf2800b82a0700fd
:1058b4008040eb0090cf2800b52a07008040eb0021
:1058c400a0cf2800b22a07008040eb00b0cf280008
:1058d400af2a07008040eb00c0cf2800ac2a0700a5
:1058e4008040eb00d0cf2800a92a07008040eb00bd
:1058f400e0cf2800a62a070041c3b300f0cf280058
:10590400a32a070021c0b30030542800a02a0700ae
:1059140011c1b300405428009d2a07008040eb00c9
:10592400006028009a2a070031cfb30020602800c5
:10593400972a070021c0b30030602800942a07008a
:10594400c1c0b30040602800912a070051c0b300d1
:10595400606028008e2a07008040eb0070602800f9
:105964008b2a070021c0b30020652800882a07007d
:10597400a29b2400c320200010672800a52a07004a
:1059840092082b00131e200050672800a12a07004c
:105994008040eb00006828007d2a07000080fa00a0
:1059a400000006000200fa0000522800e229070065
:1059b400004f780000522800df290700004f7800cc
:1059c40000522800dc290700004f78009e40780030
:1059d40061cf6000f1d32000600120007a2a070023
:1059e4001100200020002000772a07001e80fb0001
:1059f4000080fa00000006000a00fa008000eb00b4
:105a040020002000702a0700000a20000100200066
:105a1400f738070040012000d2290700000f780062
:105a2400a0012000cf290700204798002e409000b5
:105a3400614060003047980020502800be290700cc
:105a44004047980010c0b30040479800b050280069
:105a5400b92907005047980000522800b6290700ca
:105a640060479800ee40900010c8b30000c060008a
:105a740060479800f1f3200060012000522a0700db
:105a840080c0eb0020502800412a070080c0eb00b2
:105a9400b05028003e2a0700f1f320004001200006
:105aa400492a07003e4090000080fb00c200dd0050
:105ab4004e4090000080fb00000040008100700018
:105ac4006e4090000080fb000100700040079800c9
:105ad4004e0090000080fa00000006000000fa006a
:105ae400f1d3200060012000372a070011c0b30061
:105af400a0542800262a07000080fa0000000600af
:105b04000000fa0000402b00414c2000b838070088
:105b140041c12000400020002b2a07000120210061
:105b240020002000282a07008000eb00200020002d
:105b3400252a070021c4b30020a02800142a070046
:105b4400120020000300200080102000312a0700ea
:105b54001200200003002000c01020002d2a07009e
:105b64001200200003002000002a2000292a070038
:105b74003242210003002000c02a2000252a070009
:105b840000e82300010020009938070032002000bb
:105b940003002000002a20001e2a070042012000e2
:105ba40003002000801120001a2a0700d22b2100b4
:105bb4000300200000122000162a07006011b8001c
:105bc40040122000132a07001210200003002000b6
:105bd400801220000f2a070002002000130020007a
:105be400001320000b2a07000200250003002000f8
:105bf40040132000072a07000200200013002000a1
:105c040080132000032a0700020020001300200054
:105c1400c0132000ff290700020020001300200009
:105c240000142000fb2907000200200013002000bc
:105c340040142000f729070002002100030020007f
:105c440080142000f3290700020020001300200024
:105c5400c0142000ef2907001214200003002000c4
:105c640000152000eb29070012002000030020008b
:105c740040152000e7290700820c200003002000c3
:105c840080152000e3290700a20220000300200061
:105c940080162000df290700a22a2000030020002c
:105ca40000172000db290700020820000300200061
:105cb400c0172000d7290700f200200003002000ad
:105cc400c0182000d329070052052000030020003b
:105cd40000192000cf2907006011b800401a2000e5
:105ce400cc2907005201200003002000001c2000e2
:105cf400c82907006011b80040212000c529070009
:105d04000208200003002000c0212000c129070050
:105d14006011b80040222000be29070022002000a4
:105d24000300200040252000ba290700220020009b
:105d34002301200080252000b6290700220020002e
:105d440053002000c0252000b229070032002000a3
:105d54003300200000262000ae29070082a324007f
:105d64000300200040262000aa290700820020000a
:105d74000300200080262000a629070042002000fe
:105d840053002000c0262000a229070002022000a0
:105d940003002000002720009e290700f2012000b4
:105da40003002000402720009a2907001200200049
:105db40023002000802720009629070022002000cd
:105dc40003002000c02720009229070012002000b1
:105dd40003002000c01120008e2907008000eb0082
:105de40000502000782907006201200003002000f1
:105df4000011200087290700620120000300200011
:105e04000031200083290700743307009103280020
:105e1400405020006c290700410020004050200021
:105e24006929070091fb2f004050200066290700d4
:105e340031482900405020006329070091032800bd
:105e4400405020006029070011012000405020002c
:105e54005d29070011cb2700405020005a29070074
:105e64000140220040502000572907006110200003
:105e74004050200054290700010121004050200017
:105e84005129070061e22200405020004e290700fa
:105e9400d1d12100405020004b2907007125210059
:105ea400405020004829070011602e004050200077
:105eb40045290700210e20004050200042290700f8
:105ec40091032800405020003f2907007100200062
:105ed400405020003c290700210b200040502000a6
:105ee40039290700814c2000405020003629070042
:105ef40041002000405020003329070061062000a3
:105f0400405020003029070051002000405020005c
:105f14002d29070001022000405020002a290700f3
:105f24005101200040502000272907006103200070
:105f34004050200024290700510120004050200037
:105f440021290700a1032700405020001e29070033
:105f540091032800405020001b290700f101200074
:105f64004050200018290700410b20004050200019
:105f74001529070041202300405020001229070062
:105f840001012000405020000f29070021032100b7
:105f9400405020000c29070001202300405020001d
:105fa400092907000181200040502000062907002c
:105fb40071122000405020000329070031352000d1
:105fc4004050200000290700711320004050200099
:105fd400fd2807003115200040502000fa28070052
:105fe4000103230040502000f7280700111020006f
:105ff40040502000f42807003114200040502000b5
:10600400f12807003114200040502000ee2807003a
:106014001116260040502000eb2807001100200034
:1060240040502000e8280700910328004050200039
:10603400e52807005100200040502000e228070016
:10604400f16b200040502000df28070021002100d0
:1060540040502000dc280700410020004050200070
:10606400d92807009103280040502000d6280700b3
:106074005100200040502000d3280700710c20005c
:1060840040502000d028070001012000405020008b
:10609400cd2807000101200040502000ca28070035
:1060a4009103280040502000c72807003100200039
:1060b40040502000c4280700618c2000405020007c
:1060c400c12807008100200040502000be2807009e
:1060d4009103280040502000bb2807003100200015
:1060e40040502000b828070001cc20004050200078
:1060f400b52807005101200040502000b2280700b5
:106104009103280040502000af280700110220000e
:1061140040502000ac280700510d200040502000c2
:10612400a92807008000eb0040502000a6280700a3
:1061340001a0200040502000a328070001102000e7
:1061440040502000a02807003103200040502000c8
:106154009d28070001302300405020009a280700a2
:10616400010021004050200097280700214325000a
:10617400405020009428070061072100405020006f
:106184009128070021832800405020008e28070012
:1061940081882800405020008b280700818828002f
:1061a40040502000882807008188280040502000a3
:1061b4008528070091992900405020008228070073
:1061c40091492500405020007f280700618728005e
:1061d400405020007c280700810820004050200007
:1061e40079280700910328004050200076280700f2
:1061f400010820004050200073280700111c2000d3
:10620400405020007028070001602000405020000a
:106214006d280700e1602100405020006a28070033
:10622400e16122004050200067280700e16223005a
:106234004050200064280700e163240040502000ff
:1062440061280700e1642500405020005e28070013
:10625400e1652600405020005b280700e166270026
:106264004050200058280700e167280040502000d3
:1062740055280700e16829004050200052280700f3
:10628400e1692a00405020004f280700e16a2b00f2
:10629400405020004c280700e16b2c0040502000a7
:1062a40049280700e16c2d004050200046280700d3
:1062b400e16d2e004050200043280700e16e2f00be
:1062c4004050200040280700e10f200040502000eb
:1062d4003d2807008000eb00405020003a280700ca
:1062e4008000eb0040502000372807008000eb00be
:1062f40040502000342807008000eb00405020006c
:106304003128070001302000405020002e280700cb
:10631400b1302100405020002b280700b131220069
:106324004050200028280700b132230040502000ac
:1063340025280700b13324004050200022280700fc
:10634400b1342500405020001f280700b135260035
:10635400405020001c280700b13627004050200080
:1063640019280700b13728004050200016280700dc
:10637400b13829004050200013280700b1392a0001
:106384004050200010280700b13a2b004050200054
:106394000d280700b13b2c00405020000a280700bc
:1063a400b13c2d004050200007280700b13d2e00cd
:1063b4004050200004280700b13e2f004050200028
:1063c40001280700b10f200040502000fe270700dd
:1063d4008000eb0040502000fb2707008000eb000a
:1063e40040502000f82707008000eb0040502000b8
:1063f400f52707008000eb0040502000f22707003b
:106404008000eb0040502000ef27070081002100ae
:1064140040502000ec27070081e12100405020007b
:10642400e927070061e2220040502000e627070028
:1064340061e3230040502000e327070061e42400c7
:1064440040502000e027070061e52500405020006f
:10645400dd27070061e6260040502000da27070008
:1064640061e7270040502000d727070061e8280093
:1064740040502000d427070061e929004050200043
:10648400d127070061ea2a0040502000ce270700e8
:1064940061eb2b0040502000cb27070061ec2c005f
:1064a40040502000c827070061ed2d004050200017
:1064b400c527070061de2e0040502000c2270700d8
:1064c400510f200040502000bf2707008000eb0040
:1064d40040502000bc2707008000eb004050200003
:1064e400b92707008000eb0040502000b6270700c2
:1064f4008000eb0040502000b327070091032800e0
:1065040040502000b0270700b10220004050200076
:10651400ad270700010e200040502000aa270700e5
:106524008000eb0040502000a727070021d1210064
:1065340040502000a4270700413321004050200090
:10654400a1270700a1422000405020009e270700f9
:10655400c1202100405020009b27070061912100a9
:10656400405020009827070061612100405020001e
:1065740095270700e11021004050200092270700d2
:106584008000eb00405020008f270700018021008d
:10659400405020008c27070041f223004050200087
:1065a4008927070061c12200405020008627070088
:1065b40041d02000405020008327070001612100c2
:1065c40040502000802707008161210040502000b6
:1065d4007d27070061012100405020007a27070031
:1065e40011712000405020007727070061612000ce
:1065f4004050200074270700f18020004050200004
:106604007127070061712000405020006e270700a9
:1066140001012000405020006b270700910328004f
:106624004050200068270700a100200040502000af
:106634006527070091fc20004050200062270700d6
:1066440001e02100405020005f270700e101200005
:10665400405020005c2707008000eb0040502000e1
:106664005927070011e02300405020005627070057
:1066740051012000405020005327070011f52f003e
:1066840040502000502707005101200040502000b6
:106694004d27070031052000405020004a270700fd
:1066a400510120004050200047270700c17b2000f3
:1066b40040502000442707000088230011002000d8
:1066c400cb35070051012000405020003e27070031
:1066d400c19c2000405020003b27070000502300ad
:1066e400c1002000c23507005101200040502000a5
:1066f40035270700a13b2000405020003227070027
:1067040051002000405020002f27070011012000d5
:10671400405020002c27070000402d0001032000da
:10672400b335070051002000405020002627070001
:1067340091022000405020002327070000c02700ba
:1067440021092000aa3507008000eb000000250085
:106754001d2707008000eb00c00025001a27070052
:10676400f12c2000e0002500172707008000eb0033
:1067740000082500142707008000eb00c00825004e
:1067840011270700f12c2000e00825000e27070040
:1067940001082000000827000b27070001872000bc
:1067a40080002500082707000187200080082500b5
:1067b4000527070080c0eb0020502800f4260700be
:1067c40080c0eb0030502800f126070080c0eb00a9
:1067d40040502800ee26070080c0eb0050502800ef
:1067e400eb26070080c0eb0060502800e826070075
:1067f40080c0eb00b0502800e5260700f1f320002c
:1068040040012000f0260700f1d3200060012000a1
:10681400ed26070051c3200040002000ea260700af
:106824008000eb0060002000e726070062002000e3
:106834000300200000112000f6260700620020005b
:106844000300200000312000f22607000080fa0037
:10685400000006000000fa0041c1200040002000b2
:10686400d92607008100200060002000d6260700fa
:106874000120210020002000d32607008000eb0027
:1068840020002000d02607008000eb0060002000dc
:10689400cd2607009100200000002700ca2607002b
:1068a400120020000300200080102000d9260700d9
:1068b4001200200003002000c0102000d52607008d
:1068c4001200200003002000002a2000d126070027
:1068d4003242210003002000c02a2000cd260700f8
:1068e40000e82300010020004135070032002000a9
:1068f40003002000002a2000c626070042012000d1
:106904000300200080112000c2260700d22b2100a2
:106914000300200000122000be2607006011b8000a
:1069240040122000bb2607001210200003002000a4
:1069340080122000b7260700020020001300200068
:1069440000132000b32607000200250003002000e6
:1069540040132000af26070002002000130020008f
:1069640080132000ab260700020020001300200043
:10697400c0132000a72607000200200013002000f7
:1069840000142000a32607000200200013002000aa
:10699400401420009f26070002002100030020006d
:1069a400801420009b260700020020001300200012
:1069b400c0142000972607001214200003002000b2
:1069c4000015200093260700120020000300200079
:1069d400401520008f260700820c200003002000b1
:1069e400801520008b260700a2022000030020004f
:1069f400801620008726070062292000030020005b
:106a0400001720008326070002082000030020004e
:106a1400c01720007f260700f2002000030020009a
:106a2400c01820007b260700520520000300200028
:106a340000192000772607006011b800401a2000d2
:106a4400742607005201200003002000001c2000cf
:106a5400702607006011b800402120006d26070051
:106a64000208200003002000c0212000692607003e
:106a74006011b80040222000662607002200200092
:106a84000300200040252000622607002200200089
:106a940023012000802520005e260700220020001c
:106aa40053002000c02520005a2607003200200091
:106ab40033002000002620005626070082a324006d
:106ac40003002000402620005226070082002000f8
:106ad40003002000802620004e26070042002000ec
:106ae40053002000c02620004a260700020220008e
:106af400030020000027200046260700f2012000a2
:106b04000300200040272000422607001200200036
:106b140023002000802720003e26070022002000ba
:106b240003002000c02720003a260700120020009e
:106b340003002000c0112000362607008000eb006f
:106b440000502000202607008000eb0000002500f4
:106b54001d26070001002800c00025001a26070092
:106b64008000eb0000082500172607000102200022
:106b7400800027001426070031002000a000270011
:106b84001126070001382000c00027000e26070048
:106b9400c1502000e00027000b260700012d200033
:106ba40000012700082607000150200020012700cb
:106bb4000526070051052000400127000226070092
:106bc4006100200060012700ff25070071002000fc
:106bd40000002700fc25070051c3200040002000ce
:106be400f9250700620020000300200000112000a6
:106bf4000826070062002000030020000031200066
:106c04000426070041c1200040002000ee250700b3
:106c14008000eb0000002700eb2507000080fa004d
:106c2400000006000000fa00ec2f070041c120001c
:106c340040002000e4250700f1d32000600120007b
:106c4400e12507000080fa00000006000200fa00b7
:106c5400000f780001ccb30000542800cc250700b5
:106c640021c1b30010542800c925070001ccb3008a
:106c7400c0a02800c625070021c1b300d0a0280069
:106c8400c325070031c3b30030592800c0250700cd
:106c940000a0260081012000553407005040280040
:106ca400252507009e007800804878001e0fe80024
:106cb40060402800202507009e0078008048780066
:106cc4001e0fe800e05828001b2507009e007800ee
:106cd400804878001e0fe800f058280016250700a9
:106ce4009e007800804878001e0fe80000582800b5
:106cf400112507009e007800804878001e0fe800e8
:106d0400105828000c2507009e0078008048780061
:106d14001e0fe80020582800072507009e00780071
:106d2400804878001e0fe80030582800022507002c
:106d34009e007800804878001e0fe8000059280063
:106d4400fd2407009e007800804878001e0fe800ac
:106d540010592800f82407009e0078008048780025
:106d64001e0fe80040582800f32407009e00780016
:106d7400804878001e0fe80050582800ee240700d1
:106d84009e007800804878001e0fe80060582800b4
:106d9400e92407009e007800804878001e0fe80070
:106da40070582800e42407009e007800804878008a
:106db4001e0fe800c0582800df2407009e0078005a
:106dc400804878001e0fe800d0582800da24070015
:106dd4009e007800804878001e0fe800605228006a
:106de400d52407009e007800804878000080fa00cf
:106df400000006000000fa006201200003002000e9
:106e040000112000832507006201200003002000f8
:106e1400003120007f250700702f07009103280010
:106e24004050200068250700410020004050200009
:106e34006525070091fb2f004050200062250700c4
:106e440031482900405020005f25070091032800a5
:106e5400405020005c250700110120004050200014
:106e64005925070011cb2700405020005625070064
:106e740001402200405020005325070061102000eb
:106e840040502000502507000101210040502000ff
:106e94004d25070061e22200405020004a250700ea
:106ea400d1d1210040502000472507007125210041
:106eb400405020004425070011602e00405020005f
:106ec40041250700210e2000405020003e250700e8
:106ed40091032800405020003b250700710020004a
:106ee4004050200038250700210b2000405020008e
:106ef40035250700814c2000405020003225070032
:106f040041002000405020002f250700610620008a
:106f1400405020002c250700510020004050200044
:106f240029250700010220004050200026250700e3
:106f34005101200040502000232507006103200058
:106f4400405020002025070051012000405020001f
:106f54001d250700a1032700405020001a25070023
:106f6400910328004050200017250700f10120005c
:106f74004050200014250700410b20004050200001
:106f84001125070041202300405020000e25070052
:106f940001012000405020000b250700210321009f
:106fa4004050200008250700012023004050200005
:106fb400052507000181200040502000022507001c
:106fc4007112200040502000ff24070031352000ba
:106fd40040502000fc240700711320004050200082
:106fe400f92407003115200040502000f624070042
:106ff4000103230040502000f32407001110200057
:1070040040502000f024070031142000405020009c
:10701400ed2407003114200040502000ea2407002a
:107024001116260040502000e7240700110020001c
:1070340040502000e4240700910328004050200021
:10704400e12407005100200040502000de24070006
:10705400f16b200040502000db24070021002100b8
:1070640040502000d8240700410020004050200058
:10707400d52407009103280040502000d2240700a3
:107084005100200040502000cf240700710c200044
:1070940040502000cc240700010120004050200073
:1070a400c92407000101200040502000c624070025
:1070b4009103280040502000c32407003100200021
:1070c40040502000c0240700618c20004050200064
:1070d400bd2407008100200040502000ba2407008e
:1070e4009103280040502000b724070031002000fd
:1070f40040502000b424070001cc20004050200060
:10710400b12407005101200040502000ae240700a4
:107114009103280040502000ab24070011022000f6
:1071240040502000a8240700510d200040502000aa
:10713400a52407008000eb0040502000a224070093
:1071440001a02000405020009f24070001102000cf
:10715400405020009c2407003103200040502000b0
:107164009924070001302300405020009624070092
:1071740001002100405020009324070021432500f2
:107184004050200090240700610721004050200057
:107194008d24070021832800405020008a24070002
:1071a4008188280040502000872407008188280017
:1071b400405020008424070081882800405020008b
:1071c4008124070091992900405020007e24070063
:1071d40091492500405020007b2407006187280046
:1071e40040502000782407008108200040502000ef
:1071f40075240700910328004050200072240700e2
:1072040001082000405020006f240700111c2000ba
:10721400405020006c2407000160200040502000f2
:1072240069240700e1602100405020006624070023
:10723400e16122004050200063240700e162230042
:107244004050200060240700e163240040502000e7
:107254005d240700e1642500405020005a24070003
:10726400e16526004050200057240700e16627000e
:107274004050200054240700e167280040502000bb
:1072840051240700e1682900405020004e240700e3
:10729400e1692a00405020004b240700e16a2b00da
:1072a4004050200048240700e16b2c00405020008f
:1072b40045240700e16c2d004050200042240700c3
:1072c400e16d2e00405020003f240700e16e2f00a6
:1072d400405020003c240700e10f200040502000d3
:1072e400392407008000eb004050200036240700ba
:1072f4008000eb0040502000332407008000eb00a6
:1073040040502000302407008000eb004050200053
:107314002d24070001302000405020002a240700bb
:10732400b13021004050200027240700b131220051
:107334004050200024240700b13223004050200094
:1073440021240700b1332400405020001e240700ec
:10735400b1342500405020001b240700b13526001d
:107364004050200018240700b13627004050200068
:1073740015240700b13728004050200012240700cc
:10738400b1382900405020000f240700b1392a00e9
:10739400405020000c240700b13a2b00405020003c
:1073a40009240700b13b2c004050200006240700ac
:1073b400b13c2d004050200003240700b13d2e00b5
:1073c4004050200000240700b13e2f004050200010
:1073d400fd230700b10f200040502000fa230700ce
:1073e4008000eb0040502000f72307008000eb00f2
:1073f40040502000f42307008000eb0040502000a0
:10740400f12307008000eb0040502000ee2307002a
:107414008000eb0040502000eb2307008100210096
:1074240040502000e823070081e121004050200063
:10743400e523070061e2220040502000e223070018
:1074440061e3230040502000df23070061e42400af
:1074540040502000dc23070061e525004050200057
:10746400d923070061e6260040502000d6230700f8
:1074740061e7270040502000d323070061e828007b
:1074840040502000d023070061e92900405020002b
:10749400cd23070061ea2a0040502000ca230700d8
:1074a40061eb2b0040502000c723070061ec2c0047
:1074b40040502000c423070061ed2d0040502000ff
:1074c400c123070061de2e0040502000be230700c8
:1074d400510f200040502000bb2307008000eb0028
:1074e40040502000b82307008000eb0040502000eb
:1074f400b52307008000eb0040502000b2230700b2
:107504008000eb0040502000af23070091032800c7
:1075140040502000ac230700b1022000405020005e
:10752400a9230700010e200040502000a6230700d5
:107534008000eb0040502000a323070021d121004c
:1075440040502000a0230700413321004050200078
:107554009d230700a1422000405020009a230700e9
:10756400c120210040502000972307006191210091
:107574004050200094230700616121004050200006
:1075840091230700e1102100405020008e230700c2
:107594008000eb00405020008b2307000180210075
:1075a400405020008823070041f22300405020006f
:1075b4008523070061c12200405020008223070078
:1075c40041d02000405020007f23070001612100aa
:1075d400405020007c23070081612100405020009e
:1075e4007923070061012100405020007623070021
:1075f40011712000405020007323070061612000b6
:107604004050200070230700f180200040502000eb
:107614006d23070061712000405020006a23070099
:107624000101200040502000672307009103280037
:107634004050200064230700a10020004050200097
:107644006123070091fc2000405020005e230700c6
:1076540001e02100405020005b230700e1012000ed
:1076640040502000582307008000eb0040502000c9
:107674005523070011e02300405020005223070047
:1076840051012000405020004f23070011f52f0026
:10769400405020004c23070051012000405020009e
:1076a40049230700310520004050200046230700ed
:1076b400510120004050200043230700c17b2000db
:1076c40040502000402307000088230011002000c0
:1076d400c731070051012000405020003a23070021
:1076e400c19c200040502000372307000050230095
:1076f400c1002000be31070051012000405020008d
:1077040031230700a13b2000405020002e23070016
:1077140051002000405020002b23070011012000bd
:10772400405020002823070000402d0001032000c2
:10773400af310700510020004050200022230700f1
:1077440091022000405020001f23070000c02700a2
:1077540021092000a63107000080fa00000006007d
:107764000000fa004100200040002000162307001a
:1077740001f0230020002000132307008000eb0009
:1077840020002000102307008000eb006000200090
:107794000d230700f1f32000600120000a230700f5
:1077a40080c0eb0020502800f922070080c0eb00c5
:1077b400b0502800f6220700f1f320004001200019
:1077c40001230700e1cfb30020512800f022070075
:1077d40080c0eb0040512800ed22070080c0eb0080
:1077e40050512800ea22070080c0eb0060512800b5
:1077f400e722070031c0b30000412800e42207005b
:10780400f1c3b30030412800e122070061c0b30096
:1078140000422800de22070011c3b300004f2800f5
:10782400db22070011c0b300404f2800d822070014
:10783400012c210000542800e32207008040eb00c3
:1078440000632800d222070031752000106328004d
:10785400dd22070021c0b30000672800cc22070006
:10786400012c2100c0a02800d722070011c0b300ba
:10787400005e2800c622070001102000305e2800a8
:10788400d12207008040eb0000c02800c02207007e
:1078940080c0eb0010c02800bd22070080c0eb00b0
:1078a40020c02800ba22070080c0eb0030c02800a6
:1078b400b722070080c0eb0040c02800b4220700b4
:1078c40080c0eb0050c02800b122070080c0eb004c
:1078d40060c02800ae2207008040eb0070c0280082
:1078e400ab22070021c5b30080c02800a8220700ee
:1078f40021c6b30090c02800a522070071c0b300c0
:10790400a0c02800a22207008040eb00b0c02800dd
:107914009f22070071c0b300c0c028009c2207004a
:107924008040eb00d0c02800992207008040eb0083
:10793400e0c02800962207008040eb00f0c0280039
:1079440093220700c1c1b30000c1280090220700a0
:10795400d1c1b30010c128008d22070011c0b300ab
:1079640020c128008a22070031c0b30030c128009a
:107974008722070001c8b30040c128008422070001
:1079840061c0b30050c1280081220700a1c0b30028
:1079940060c128007e22070081c7b30070c128009f
:1079a4007b220700a1c0b30080c128007822070011
:1079b400d1c0b30090c128007522070091ccb30058
:1079c400a0c128007222070001cab300b0c1280078
:1079d4006f22070071c5b300c0c128006c220700e4
:1079e40071c4b300d0c128006922070081c9b30063
:1079f400e0c128006622070071c2b300f0c128006c
:107a04006322070021c1b30000c2280060220700de
:107a140081c4b30010c228005d220700c1c4b300b2
:107a240020c228005a2207008040eb0030c2280000
:107a3400572207008040eb0040c228005422070070
:107a44008040eb0050c228005122070011c0b3004f
:107a540060c228004e22070011c0b30070c2280083
:107a64004b22070011c0b30080c22800482207003f
:107a740011c0b30090c228004522070011c0b30012
:107a8400a0c228004222070011c0b300b0c22800df
:107a94003f22070011c0b300c0c228003c220700e7
:107aa40011c0b300d0c228003922070011c0b300ae
:107ab400e0c228003622070011c0b300f0c228003b
:107ac4003322070011c0b30000c32800302207008e
:107ad40011c0b30010c328002d22070011c0b30049
:107ae40020c328002a22070011c0b30030c3280095
:107af4002722070011c0b30040c328002422070036
:107b040011c0b30050c3280021220700a1c4b30050
:107b140060c328001e220700a1c1b30070c328005f
:107b24001b22070001cdb30080c3280018220700e0
:107b340001cbb30090c328001522070001c2b30093
:107b4400a0c32800122207008040eb00b0c3280025
:107b54000f220700c1c0b300c0c328000c220700d5
:107b640001c5b300d0c3280009220700b1c5b30082
:107b7400e0c328000622070001c2b300f0c32800b6
:107b84000322070031c6b30000c428000022070006
:107b94008040eb0010c42800fd210700d1c3b300ce
:107ba40020c42800fa210700d1c6b30030c428003d
:107bb400f72107008040eb0040c42800f4210700af
:107bc4008040eb0050c42800f12107008040eb0006
:107bd40060c42800ee21070081c1b30070c42800ee
:107be400eb210700a1c4b30080c42800e8210700ea
:107bf400a1c1b30090c42800e521070001cdb30062
:107c0400a0c42800e221070001cbb300b0c42800bf
:107c1400df21070001c2b300c0c42800dc21070033
:107c24008040eb00d0c42800d9210700c1c0b300b4
:107c3400e0c42800d621070001c5b300f0c4280021
:107c4400d3210700b1c5b30000c52800d021070027
:107c540001c2b30010c52800cd21070031c6b3000e
:107c640020c52800ca2107008040eb0030c5280049
:107c7400c7210700d1c3b30040c52800c4210700b1
:107c8400d1c6b30050c52800c12107008040eb00d5
:107c940060c52800be2107008040eb0070c52800a5
:107ca400bb2107008040eb0080c52800b8210700f5
:107cb40081c1b30090c52800b52107008040eb00c6
:107cc400a0c52800b22107008040eb00b0c5280001
:107cd400af2107008040eb00c0c52800ac2107009d
:107ce400c1cfb300d0c52800a92107008040eb0014
:107cf400e0c52800a621070041c5b300f0c528004f
:107d0400a3210700f1c6b30000c62800a021070084
:107d140031c7b30010c628009d21070081c6b300f7
:107d240020c628009a21070091c6b30030c6280057
:107d34009721070021c6b30040c6280094210700fc
:107d440011c6b30050c6280091210700d1c2b30068
:107d540060c628008e21070051c5b30070c62800f4
:107d64008b21070081c4b30080c628008821070046
:107d740021c3b30090c628008521070041c4b30085
:107d8400a0c6280082210700a1c0b300b0c6280005
:107d94007f2107008040eb00c0c628007c2107003b
:107da4008040eb00d0c62800792107008040eb001a
:107db400e0c6280076210700d1cfb300f0c6280022
:107dc400732107008040eb0000c7280070210700e2
:107dd40061c3b30010c728006d21070021c4b3009c
:107de40020c728006a21070051c4b30030c7280007
:107df40067210700b1c4b30040c72800642107000d
:107e040061c0b30050c72800612107008040eb0027
:107e140060c728005e210700a1c0b30070c7280016
:107e24005b21070001c2b30080c728005821070066
:107e340001c2b30090c728005521070001c2b30056
:107e4400a0c728005221070001c2b300b0c7280010
:107e54004f21070001c2b300c0c728004c2107000e
:107e640001c2b300d0c728004921070011c0b300e4
:107e7400e0c728004621070061c8b300f0c7280006
:107e84004321070021c0b30000c828004021070097
:107e940031c0b30010c828003d210700a1c1b300c0
:107ea40020c828003a21070011ccb30030c82800ac
:107eb4003721070071c4b30040c8280034210700eb
:107ec400d1ceb30050c8280031210700e1c6b30069
:107ed40060c828002e210700e1c6b30070c828003e
:107ee4002b210700e1c6b30080c828002821070021
:107ef400e1c6b30090c8280025210700e1c6b300fd
:107f0400a0c8280022210700e1c6b300b0c8280099
:107f14001f21070031c2b300c0c828001c2107007c
:107f240081c0b300d0c828001921070071c0b30074
:107f3400e0c828001621070011c0b300f0c82800cb
:107f44001321070031c8b30000c92800102107001d
:107f540011c0b30010c928000d2107008040eb00b8
:107f640020c928000a2107008040eb0030c92800fe
:107f74000721070051c6b30040c9280004210700a7
:107f840031c0b30050c9280001210700c1c0b300ab
:107f940060c92800fe2007008040eb0070c928005b
:107fa400fb20070001c1b30080c92800f8200700a6
:107fb4008040eb0090c92800f5200700a1c4b3005d
:107fc400a0c92800f2200700a1c1b300b0c928004d
:107fd400ef20070001cdb300c0c92800ec20070042
:107fe40001cbb300d0c92800e920070001c2b300c7
:107ff400e0c92800e62007008040eb00f0c9280013
:10800400e3200700c1c0b30000ca2800e020070035
:1080140001c5b30010ca2800dd200700b1c5b300b4
:1080240020ca2800da20070001c2b30030ca2800a1
:10803400d720070031c6b30040ca2800d420070067
:108044008040eb0050ca2800d1200700d1c3b30000
:1080540060ca2800ce200700d1c6b30070ca280029
:10806400cb2007008040eb0080ca2800c82007000e
:108074008040eb0090ca2800c52007008040eb0038
:10808400a0ca2800c220070081c1b300b0ca2800da
:10809400bf200700a1c4b300c0ca2800bc20070049
:1080a400a1c1b300d0ca2800b920070001cdb30094
:1080b400e0ca2800b620070001cbb300f0ca2800ac
:1080c400b320070001c2b30000cb2800b020070092
:1080d4008040eb0010cb2800ad200700c1c0b300e6
:1080e40020cb2800aa20070001c5b30030cb28000c
:1080f400a7200700b1c5b30040cb2800a420070087
:1081040001c2b30050cb2800a120070031c6b30040
:1081140060cb28009e2007008040eb0070cb280035
:108124009b200700d1c3b30080cb28009820070010
:10813400d1c6b30090cb2800952007008040eb0007
:10814400a0cb2800922007008040eb00b0cb280091
:108154008f2007008040eb00c0cb28008c20070054
:1081640081c1b300d0cb280089200700a1c4b3008b
:10817400e0cb280086200700a1c1b300f0cb280083
:108184008320070001cdb30000cc28008020070025
:1081940001cbb30010cc28007d20070001c2b3003e
:1081a40020cc28007a2007008040eb0030cc280047
:1081b40077200700c1c0b30040cc2800742007001a
:1081c40001c5b30050cc280071200700b1c5b3002d
:1081d40060cc28006e20070001c2b30070cc2800d8
:1081e4006b20070031c6b30080cc2800682007004c
:1081f4008040eb0090cc280065200700d1c3b30079
:10820400a0cc280062200700d1c6b300b0cc28005f
:108214005f2007008040eb00c0cc28005c200700f2
:108224008040eb00d0cc2800592007008040eb00b0
:10823400e0cc28005620070081c1b300f0cc280010
:1082440053200700a1c4b30000cd2800502007002c
:10825400a1c1b30010cd28004d20070001cdb3000b
:1082640020cd28004a20070001cbb30030cd2800e0
:108274004720070001c2b30040cd28004420070076
:108284008040eb0050cd280041200700c1c0b3005e
:1082940060cd28003e20070001c5b30070cd280042
:1082a4003b200700b1c5b30080cd2800382007006b
:1082b40001c2b30090cd28003520070031c6b300b9
:1082c400a0cd2800322007008040eb00b0cd28006c
:1082d4002f200700d1c3b300c0cd28002c200700f5
:1082e400d1c6b300d0cd2800292007008040eb0080
:1082f400e0cd2800262007008040eb00f0cd2800c8
:10830400232007008040eb0000ce28002020070037
:1083140081c1b30010ce28001d2007008040eb006f
:1083240020ce28001a2007008040eb0030ce280021
:10833400172007008040eb0040ce280014200700df
:108344008040eb0050ce2800112007008040eb0055
:1083540060ce28000e2007008040eb0070ce28007d
:108364000b2007008040eb0080ce28000820070087
:108374008040eb0090ce2800052007008040eb00f1
:10838400a0ce2800022007008040eb00b0ce2800d9
:10839400ff1f07008040eb00c0ce2800fc1f070031
:1083a4008040eb00d0ce2800f91f07008040eb008e
:1083b400e0ce2800f61f07008040eb00f0ce280036
:1083c400f31f07008040eb0000cf2800f01f0700d8
:1083d4008040eb0010cf2800ed1f07008040eb0029
:1083e40020cf2800ea1f07008040eb0030cf280090
:1083f400e71f07008040eb0040cf2800e41f070080
:108404008040eb0050cf2800e11f07008040eb00c4
:1084140060cf2800de1f07008040eb0070cf2800eb
:10842400db1f07008040eb0080cf2800d81f070027
:108434008040eb0090cf2800d51f07008040eb0060
:10844400a0cf2800d21f07008040eb00b0cf280047
:10845400cf1f07008040eb00c0cf2800cc1f0700cf
:108464008040eb00d0cf2800c91f07008040eb00fc
:10847400e0cf2800c61f0700d1c1b300f0cf280009
:10848400c31f070021c0b30030542800c01f0700d9
:1084940011c1b30040542800bd1f07008040eb0009
:1084a40000602800ba1f070031cfb3002060280005
:1084b400b71f070021c0b30030602800b41f0700b5
:1084c400c1c0b30040602800b11f070051c0b30011
:1084d40060602800ae1f07008040eb007060280039
:1084e400ab1f070021c0b30020652800a81f0700a8
:1084f400a29b2400c320200010672800c51f07008a
:1085040092082b00131e200050672800c11f07008b
:108514008040eb00006828009d1f070000522800df
:10852400051f0700f1d3200060012000a61f0700eb
:108534001100200020002000a31f07008000eb0092
:1085440020002000a01f0700000a200001002000d6
:10855400272e0700000a200001002000242e070017
:1085640040012000ff1e0700a0012000fd1e07009f
:1085740020502800f01e0700b0502800ee1e07000f
:1085840000522800ec1e0700f1f3200060012000d7
:108594008d1f070080c0eb00205028007c1f0700bf
:1085a40080c0eb00b0502800791f0700f1f32000d1
:1085b40040012000841f07000080fa00000006002c
:1085c4000000fa0000802400811e2000082e07000d
:1085d40041c12000400020007b1f07000120210032
:1085e40020002000781f07008000eb0020002000fe
:1085f400751f070021c4b30020a02800641f0700d2
:10860400120020000300200080102000811f0700ba
:108614001200200003002000c01020007d1f07006e
:108624001200200003002000002a2000791f070008
:108634005242210003002000c02a2000751f0700b9
:1086440000e8230001002000e92d0700320020008b
:1086540003002000002a20006e1f070042012000b2
:1086640003002000801120006a1f0700d22b210084
:108674000300200000122000661f07006011b800ec
:1086840040122000631f0700121020000300200086
:10869400801220005f1f070002002000130020004a
:1086a400001320005b1f07000200250003002000c8
:1086b40040132000571f0700020020001300200071
:1086c40080132000531f0700020020001300200025
:1086d400c01320004f1f07000200200013002000d9
:1086e400001420004b1f070002002000130020008c
:1086f40040142000471f070002002100030020004f
:1087040080142000431f07000200200013002000f3
:10871400c01420003f1f0700121420000300200093
:10872400001520003b1f070012002000030020005a
:1087340040152000371f0700820c20000300200092
:1087440080152000331f0700a20220000300200030
:10875400801620002f1f0700022d20000300200098
:10876400001720002b1f0700120820000300200020
:10877400c0172000271f0700f2002000030020007c
:10878400c0182000231f070052052000030020000a
:10879400001920001f1f07006011b800401a2000b4
:1087a4001c1f07005201200003002000001c2000b1
:1087b400181f07006011b80040212000151f070092
:1087c4000208200003002000c0212000111f070020
:1087d4006011b800402220000e1f07002200200074
:1087e40003002000402520000a1f0700220020006b
:1087f4002301200080252000061f070022002000fe
:1088040053002000c0252000021f07003200200072
:108814003300200000262000fe1e070082a324004f
:108824000300200040262000fa1e070082002000da
:108834000300200080262000f61e070042002000ce
:1088440053002000c0262000f21e07000202200070
:108854000300200000272000ee1e0700f201200084
:108864000300200040272000ea1e07001200200019
:108874002300200080272000e61e0700220020009d
:1088840003002000c0272000e21e07001200200081
:1088940003002000c0112000de1e07008000eb0052
:1088a40000502000c81e07006201200003002000c1
:1088b40000112000d71e07006201200003002000e1
:1088c40000312000d31e07008000eb000050200080
:1088d400bd1e0700620120000300200000112000db
:1088e400cc1e07006201200003002000003120009c
:1088f400c81e070000102700210020003c2d07009f
:108904009103280040502000af1e070041002000c2
:1089140040502000ac1e070091fb2f004050200067
:10892400a91e07003148290040502000a61e070058
:108934009103280040502000a31e070011012000cd
:1089440040502000a01e070011cb270040502000fb
:108954009d1e070001402200405020009a1e07007f
:108964006110200040502000971e070001012100e3
:1089740040502000941e070061e222004050200075
:10898400911e0700d1d12100405020008e1e070007
:1089940071252100405020008b1e070011602e001d
:1089a40040502000881e0700210e20004050200067
:1089b400851e07009103280040502000821e0700f6
:1089c40071002000405020007f1e0700210b200072
:1089d400405020007c1e0700814c200040502000a5
:1089e400791e07004100200040502000761e070039
:1089f4006106200040502000731e07005100200033
:108a040040502000701e070001022000405020004a
:108a14006d1e070051012000405020006a1e07000f
:108a24006103200040502000671e07005101200010
:108a340040502000641e0700a1032700405020007e
:108a4400611e070091032800405020005e1e0700ad
:108a5400f1012000405020005b1e0700410b200064
:108a640040502000581e07004120230040502000a1
:108a7400551e07000101200040502000521e07002f
:108a840021032100405020004f1e07000120230035
:108a9400405020004c1e070001812000405020005f
:108aa400491e07007112200040502000461e070096
:108ab4003135200040502000431e07007113200070
:108ac40040502000401e0700311520004050200077
:108ad4003d1e070001032300405020003a1e0700fa
:108ae4001110200040502000371e070031142000d0
:108af40040502000341e0700311420004050200054
:108b0400311e070011162600405020002e1e0700bb
:108b140011002000405020002b1e07009103280064
:108b240040502000281e0700510020004050200023
:108b3400251e0700f16b200040502000221e070074
:108b440021002100405020001f1e0700410020008a
:108b5400405020001c1e07009103280040502000b4
:108b6400191e07005100200040502000161e070067
:108b7400710c200040502000131e0700010120004a
:108b840040502000101e070001012000405020002a
:108b94000d1e070091032800405020000a1e070004
:108ba4003100200040502000071e0700618c200087
:108bb40040502000041e0700810020004050200087
:108bc400011e07009103280040502000fe1d0700ed
:108bd4003100200040502000fb1d070001cc200084
:108be40040502000f81d0700510120004050200093
:108bf400f51d07009103280040502000f21d0700d6
:108c04001102200040502000ef1d0700510d2000ec
:108c140040502000ec1d07008000eb004050200075
:108c2400e91d070001a0200040502000e61d0700b8
:108c34000110200040502000e31d070031032000f4
:108c440040502000e01d0700013023004050200068
:108c5400dd1d07000100210040502000da1d07003f
:108c64002143250040502000d71d07006107210043
:108c740040502000d41d07002183280040502000cc
:108c8400d11d07008188280040502000ce1d070018
:108c94008188280040502000cb1d070081882800cf
:108ca40040502000c81d0700919929004050200021
:108cb400c51d07009149250040502000c21d070032
:108cc4006187280040502000bf1d07008108200054
:108cd40040502000bc1d0700910328004050200094
:108ce400b91d07000108200040502000b61d0700f0
:108cf400111c200040502000b31d0700016020001b
:108d040040502000b01d0700e160210040502000c9
:108d1400ad1d0700e161220040502000aa1d07009c
:108d2400e162230040502000a71d0700e1632400f6
:108d340040502000a41d0700e1642500405020009d
:108d4400a11d0700e1652600405020009e1d07007c
:108d5400e1662700405020009b1d0700e1672800c2
:108d640040502000981d0700e16829004050200071
:108d7400951d0700e1692a0040502000921d07005c
:108d8400e16a2b00405020008f1d0700e16b2c008e
:108d9400405020008c1d0700e16c2d004050200045
:108da400891d0700e16d2e0040502000861d07003c
:108db400e16e2f0040502000831d0700e10f2000ca
:108dc40040502000801d07008000eb004050200030
:108dd4007d1d07008000eb00405020007a1d070035
:108de4008000eb0040502000771d07008000eb005e
:108df40040502000741d0700013020004050200026
:108e0400711d0700b1302100405020006e1d070085
:108e1400b1312200405020006b1d0700b132230005
:108e240040502000681d0700b1332400405020004a
:108e3400651d0700b134250040502000621d070065
:108e4400b1352600405020005f1d0700b1362700d1
:108e5400405020005c1d0700b1372800405020001e
:108e6400591d0700b138290040502000561d070045
:108e7400b1392a0040502000531d0700b13a2b009d
:108e840040502000501d0700b13b2c0040502000f2
:108e94004d1d0700b13c2d00405020004a1d070025
:108ea400b13d2e0040502000471d0700b13e2f0069
:108eb40040502000441d0700b10f20004050200006
:108ec400411d07008000eb00405020003e1d0700bc
:108ed4008000eb00405020003b1d07008000eb00a9
:108ee40040502000381d07008000eb004050200057
:108ef400351d07008000eb0040502000321d0700a4
:108f040081002100405020002f1d070081e1210035
:108f1400405020002c1d070061e222004050200038
:108f2400291d070061e3230040502000261d07008f
:108f340061e4240040502000231d070061e5250062
:108f440040502000201d070061e62600405020000c
:108f54001d1d070061e72700405020001a1d07006f
:108f640061e8280040502000171d070061e929002e
:108f740040502000141d070061ea2a0040502000e0
:108f8400111d070061eb2b00405020000e1d07004f
:108f940061ec2c00405020000b1d070061ed2d00fa
:108fa40040502000081d070061de2e0040502000c4
:108fb400051d0700510f200040502000021d07002e
:108fc4008000eb0040502000ff1c07008000eb00f5
:108fd40040502000fc1c07008000eb0040502000a3
:108fe400f91c07008000eb0040502000f61c07002d
:108ff4009103280040502000f31c0700b102200018
:1090040040502000f01c0700010e200040502000ba
:10901400ed1c07008000eb0040502000ea1c070014
:1090240021d1210040502000e71c070041332100da
:1090340040502000e41c0700a142200040502000c2
:10904400e11c0700c120210040502000de1c070065
:109054006191210040502000db1c07006161210068
:1090640040502000d81c0700e1102100405020008f
:10907400d51c07008000eb0040502000d21c0700e4
:109084000180210040502000cf1c070041f2230042
:1090940040502000cc1c070061c122004050200039
:1090a400c91c070041d0200040502000c61c070006
:1090b4000161210040502000c31c07008161210090
:1090c40040502000c01c07006101210040502000d6
:1090d400bd1c07001171200040502000ba1c07007d
:1090e4006161200040502000b71c0700f18020007f
:1090f40040502000b41c0700617120004050200043
:10910400b11c07000101200040502000ae1c0700e4
:109114009103280040502000ab1c0700a100200050
:1091240040502000a81c070091fc20004050200063
:10913400a51c070001e0210040502000a21c0700ec
:10914400e1012000405020009f1c07008000eb003c
:10915400405020009c1c070011e0230040502000d8
:10916400991c07005101200040502000961c070064
:1091740011f52f0040502000931c070051012000de
:1091840040502000901c0700310520004050200072
:109194008d1c070051012000405020008a1c07004c
:1091a400c17b200040502000871c0700008823005a
:1091b400110020000e2b0700510120004050200018
:1091c400811c0700c19c2000405020007e1c070029
:1091d40000502300c1002000052b0700510120008e
:1091e40040502000781c0700a13b20004050200084
:1091f400751c07005100200040502000721c07001d
:1092040011012000405020006f1c070000402d0079
:1092140001032000f62a07005100200040502000de
:10922400691c07009102200040502000661c0700c2
:1092340000c0270021092000ed2a07008000eb0070
:1092440000002500601c07008000eb00c000250022
:109254005d1c0700f12c2000e00025005a1c0700cb
:109264008000eb0000082500571c07008000eb007d
:10927400c0082500541c0700f12c2000e00825003c
:10928400511c070001082000000827004e1c07009d
:1092940001872000800025004b1c07000187200067
:1092a40080082500481c070080c0eb0020502800df
:1092b400371c070080c0eb0030502800341c070026
:1092c40080c0eb0040502800311c070080c0eb0038
:1092d400505028002e1c070080c0eb00605028006e
:1092e4002b1c070080c0eb00b0502800281c07008e
:1092f400f1f3200040012000331c0700f1d32000cb
:1093040060012000301c070051c3200040002000f1
:109314002d1c07008000eb00600020002a1c0700c1
:10932400620020000300200000112000391c070007
:10933400620020000300200000312000351c0700db
:109344000080fa00000006000000fa00410020003e
:10935400400020001c1c070001f023002000200016
:10936400191c07008000eb0020002000161c0700d9
:109374008000eb0060002000131c07009100200017
:1093840000002700101c070012002000030020002a
:10939400801020001f1c0700120020000300200082
:1093a400c01020001b1c0700120020000300200036
:1093b400002a2000171c070052422100030020004d
:1093c400c02a2000131c070000e82300010020002d
:1093d400872a07003200200003002000002a200012
:1093e4000c1c070042012000030020008011200013
:1093f400081c0700d22b21000300200000122000cb
:10940400041c07006011b80040122000011c070072
:10941400121020000300200080122000fd1b070012
:10942400020020001300200000132000f91b070095
:10943400020025000300200040132000f51b070054
:10944400020020001300200080132000f11b0700fd
:109454000200200013002000c0132000ed1b0700b1
:10946400020020001300200000142000e91b070064
:10947400020020001300200040142000e51b070018
:10948400020021000300200080142000e11b0700db
:109494000200200013002000c0142000dd1b070080
:1094a400121420000300200000152000d91b07001f
:1094b400120020000300200040152000d51b0700e7
:1094c400820c20000300200080152000d11b07001f
:1094d400a20220000300200080162000cd1b0700fc
:1094e400923320000300200000172000c91b07004e
:1094f4000208200003002000c0172000c51b07003d
:10950400a200200003002000c0182000c11b070097
:10951400620420000300200000192000bd1b070086
:109524006011b800401a2000ba1b07005201200045
:1095340003002000001c2000b61b07006011b800c7
:1095440040212000b31b0700020820000300200074
:10955400c0212000af1b07006011b800402220008a
:10956400ac1b07002200200003002000402520003f
:10957400a81b0700220020002301200080252000d2
:10958400a41b07002200200053002000c025200057
:10959400a01b07003200200033002000002620001a
:1095a4009c1b070082a32400030020004026200007
:1095b400981b070082002000030020008026200062
:1095c400941b07004200200053002000c026200006
:1095d400901b070002022000030020000027200047
:1095e4008c1b0700f201200003002000402720000c
:1095f400881b070012002000230020008027200081
:10960400841b07002200200003002000c027200044
:10961400801b07001200200003002000c01120005e
:109624007c1b07008000eb0000502000661b070035
:10963400620120000300200000112000751b0700b8
:10964400620120000300200000312000711b07008c
:1096540091032800405020005b1b070041002000bc
:1096640040502000581b070091fb2f004050200061
:10967400551b07003148290040502000521b0700a9
:1096840091032800405020004f1b070011012000c7
:10969400405020004c1b070011cb270040502000f5
:1096a400491b07000140220040502000461b0700d0
:1096b4006110200040502000431b070001012100dd
:1096c40040502000401b070061e22200405020006f
:1096d4003d1b0700d1d12100405020003a1b070058
:1096e4007125210040502000371b070011602e0017
:1096f40040502000341b0700210e20004050200061
:10970400311b070091032800405020002e1b070046
:1097140071002000405020002b1b0700210b20006b
:1097240040502000281b0700814c2000405020009e
:10973400251b07004100200040502000221b070089
:1097440061062000405020001f1b0700510020002c
:10975400405020001c1b0700010220004050200044
:10976400191b07005101200040502000161b070060
:109774006103200040502000131b0700510120000a
:1097840040502000101b0700a10327004050200078
:109794000d1b070091032800405020000a1b0700fe
:1097a400f101200040502000071b0700410b20005e
:1097b40040502000041b070041202300405020009b
:1097c400011b07000101200040502000fe1a070081
:1097d4002103210040502000fb1a07000120230030
:1097e40040502000f81a070001812000405020005a
:1097f400f51a07007112200040502000f21a0700e9
:109804003135200040502000ef1a0700711320006a
:1098140040502000ec1a0700311520004050200071
:10982400e91a07000103230040502000e61a07004c
:109834001110200040502000e31a070031142000ca
:1098440040502000e01a070031142000405020004e
:10985400dd1a07001116260040502000da1a07000e
:109864001100200040502000d71a0700910328005f
:1098740040502000d41a070051002000405020001e
:10988400d11a0700f16b200040502000ce1a0700c7
:109894002100210040502000cb1a07004100200085
:1098a40040502000c81a07009103280040502000af
:1098b400c51a07005100200040502000c21a0700ba
:1098c400710c200040502000bf1a07000101200045
:1098d40040502000bc1a0700010120004050200025
:1098e400b91a07009103280040502000b61a070057
:1098f4003100200040502000b31a0700618c200082
:1099040040502000b01a0700810020004050200081
:10991400ad1a07009103280040502000aa1a07003e
:109924003100200040502000a71a070001cc20007d
:1099340040502000a41a070051012000405020008c
:10994400a11a070091032800405020009e1a070026
:1099540011022000405020009b1a0700510d2000e6
:1099640040502000981a07008000eb00405020006f
:10997400951a070001a0200040502000921a070009
:1099840001102000405020008f1a070031032000ee
:10999400405020008c1a0700013023004050200062
:1099a400891a07000100210040502000861a070090
:1099b4002143250040502000831a0700610721003d
:1099c40040502000801a07002183280040502000c6
:1099d4007d1a070081882800405020007a1a070069
:1099e4008188280040502000771a070081882800c9
:1099f40040502000741a070091992900405020001b
:109a0400711a070091492500405020006e1a070082
:109a140061872800405020006b1a0700810820004d
:109a240040502000681a070091032800405020008d
:109a3400651a07000108200040502000621a070040
:109a4400111c2000405020005f1a07000160200014
:109a5400405020005c1a0700e160210040502000c3
:109a6400591a0700e161220040502000561a0700ed
:109a7400e162230040502000531a0700e1632400f0
:109a840040502000501a0700e16425004050200097
:109a94004d1a0700e1652600405020004a1a0700cd
:109aa400e166270040502000471a0700e1672800bc
:109ab40040502000441a0700e1682900405020006b
:109ac400411a0700e1692a00405020003e1a0700ad
:109ad400e16a2b00405020003b1a0700e16b2c0088
:109ae40040502000381a0700e16c2d00405020003f
:109af400351a0700e16d2e0040502000321a07008d
:109b0400e16e2f00405020002f1a0700e10f2000c3
:109b1400405020002c1a07008000eb004050200029
:109b2400291a07008000eb0040502000261a070085
:109b34008000eb0040502000231a07008000eb0057
:109b440040502000201a070001302000405020001f
:109b54001d1a0700b1302100405020001a1a0700d6
:109b6400b131220040502000171a0700b1322300ff
:109b740040502000141a0700b13324004050200044
:109b8400111a0700b1342500405020000e1a0700b6
:109b9400b1352600405020000b1a0700b1362700cb
:109ba40040502000081a0700b13728004050200018
:109bb400051a0700b138290040502000021a070096
:109bc400b1392a0040502000ff190700b13a2b0098
:109bd40040502000fc190700b13b2c0040502000ed
:109be400f9190700b13c2d0040502000f619070078
:109bf400b13d2e0040502000f3190700b13e2f0064
:109c040040502000f0190700b10f20004050200000
:109c1400ed1907008000eb0040502000ea1907000e
:109c24008000eb0040502000e71907008000eb00a3
:109c340040502000e41907008000eb004050200051
:109c4400e11907008000eb0040502000de190700f6
:109c54008100210040502000db19070081e1210030
:109c640040502000d819070061e222004050200033
:109c7400d519070061e3230040502000d2190700e2
:109c840061e4240040502000cf19070061e525005d
:109c940040502000cc19070061e626004050200007
:109ca400c919070061e7270040502000c6190700c2
:109cb40061e8280040502000c319070061e9290029
:109cc40040502000c019070061ea2a0040502000db
:109cd400bd19070061eb2b0040502000ba190700a2
:109ce40061ec2c0040502000b719070061ed2d00f5
:109cf40040502000b419070061de2e0040502000bf
:109d0400b1190700510f200040502000ae19070080
:109d14008000eb0040502000ab1907008000eb00ee
:109d240040502000a81907008000eb00405020009c
:109d3400a51907008000eb0040502000a21907007d
:109d440091032800405020009f190700b102200011
:109d5400405020009c190700010e200040502000b4
:109d6400991907008000eb00405020009619070065
:109d740021d12100405020009319070041332100d4
:109d84004050200090190700a142200040502000bc
:109d94008d190700c1202100405020008a190700b6
:109da4006191210040502000871907006161210062
:109db4004050200084190700e11021004050200089
:109dc400811907008000eb00405020007e19070035
:109dd40001802100405020007b19070041f223003c
:109de400405020007819070061c122004050200033
:109df4007519070041d02000405020007219070057
:109e040001612100405020006f1907008161210089
:109e1400405020006c1907006101210040502000cf
:109e240069190700117120004050200066190700cd
:109e3400616120004050200063190700f180200078
:109e4400405020006019070061712000405020003c
:109e54005d19070001012000405020005a19070035
:109e6400910328004050200057190700a10020004a
:109e7400405020005419070091fc2000405020005d
:109e84005119070001e02100405020004e1907003d
:109e9400e1012000405020004b1907008000eb0036
:109ea400405020004819070011e0230040502000d2
:109eb40045190700510120004050200042190700b5
:109ec40011f52f00405020003f19070051012000d8
:109ed400405020003c19070031052000405020006c
:109ee400391907005101200040502000361907009d
:109ef400c17b200040502000331907000088230054
:109f040011002000ba270700510120004050200012
:109f14002d190700c19c2000405020002a19070079
:109f240000502300c1002000b12707005101200088
:109f34004050200024190700a13b2000405020007d
:109f44002119070051002000405020001e1907006d
:109f540011012000405020001b19070000402d0073
:109f640001032000a22707005100200040502000d8
:109f74001519070091022000405020001219070013
:109f840000c0270021092000992707008000eb006a
:109f9400000025000c19070001002800c00025005e
:109fa400091907008000eb000008250006190700c6
:109fb4000150200080002700031907003100200011
:109fc400a000270000190700b1d22000c00027001c
:109fd400fd180700c1502000e0002700fa18070010
:109fe400012d200000012700f71807000150200070
:109ff40020012700f418070001a0200040012700d9
:10a00400f11807006100200060012700ee18070026
:10a014005100200000002700eb18070051c3200066
:10a0240040002000e8180700620020000300200020
:10a0340000112000f7180700620020000300200030
:10a0440000312000f31807003102200040502000a6
:10a05400dd180700010b200040502000da1807002b
:10a0640000002d007100200061270700310220004c
:10a0740040502000d4180700314b210040502000ec
:10a08400d118070000002d00710020005827070098
:10a094003102200040502000cb180700013b200073
:10a0a40040502000c818070000002d007100200057
:10a0b4004f2707005100200040502000c21807001d
:10a0c4009102200040502000bf18070000002d001e
:10a0d400710020004627070041c1200040002000f5
:10a0e400b91807008100200060002000b61807009e
:10a0f4000120210020002000b31807008000eb009d
:10a1040020002000b01807008000eb006000200051
:10a11400ad1807009100200000002700aa180700ce
:10a12400120020000300200080102000b91807004e
:10a134001200200003002000c0102000b518070002
:10a144001200200003002000002a2000b11807009c
:10a154005242210003002000c02a2000ad1807004d
:10a1640000e823000100200021270700320020001e
:10a1740003002000002a2000a61807004201200046
:10a184000300200080112000a2180700d22b210018
:10a1940003002000001220009e1807006011b80080
:10a1a400401220009b18070012102000030020001a
:10a1b40080122000971807000200200013002000de
:10a1c400001320009318070002002500030020005c
:10a1d400401320008f180700020020001300200005
:10a1e400801320008b1807000200200013002000b9
:10a1f400c01320008718070002002000130020006d
:10a20400001420008318070002002000130020001f
:10a21400401420007f1807000200210003002000e2
:10a22400801420007b180700020020001300200087
:10a23400c014200077180700121420000300200027
:10a2440000152000731807001200200003002000ee
:10a25400401520006f180700820c20000300200026
:10a26400801520006b180700a202200003002000c4
:10a274008016200067180700b22b2000030020007e
:10a2840000172000631807001208200003002000b4
:10a29400c01720005f180700f20020000300200010
:10a2a400c01820005b18070052052000030020009e
:10a2b40000192000571807006011b800401a200048
:10a2c400541807005201200003002000001c200045
:10a2d400501807006011b800402120004d180700f5
:10a2e4000208200003002000c021200049180700b4
:10a2f4006011b80040222000461807002200200008
:10a3040003002000402520004218070022002000fe
:10a3140023012000802520003e1807002200200091
:10a3240053002000c02520003a1807003200200006
:10a3340033002000002620003618070082a32400e2
:10a34400030020004026200032180700820020006d
:10a3540003002000802620002e1807004200200061
:10a3640053002000c02620002a1807000202200003
:10a37400030020000027200026180700f201200017
:10a3840003002000402720002218070012002000ac
:10a3940023002000802720001e1807002200200030
:10a3a40003002000c02720001a1807001200200014
:10a3b40003002000c0112000161807008000eb00e5
:10a3c40000502000001807008000eb00000025006a
:10a3d400fd17070001002800c0002500fa17070038
:10a3e4008000eb0000082500f71707000102200099
:10a3f40080002700f417070031002000a000270088
:10a40400f117070001382000c0002700ee170700ed
:10a41400c1502000e0002700eb170700012d2000a9
:10a4240000012700e8170700015020002001270041
:10a43400e51707005105200040012700e217070037
:10a444006100200060012700df1707007100200071
:10a4540000002700dc17070051c320004000200043
:10a46400d91707006200200003002000001120001b
:10a47400e8170700620020000300200000312000dc
:10a48400e417070041c1200040002000ce17070058
:10a494008000eb0000002700cb17070041c120001b
:10a4a40040002000c8170700f1d3200060012000fd
:10a4b400c51707000080fa00000006000000fa003b
:10a4c4004100200040002000bf17070001f02300d6
:10a4d40020002000bc1707008000eb0020002000b3
:10a4e400b91707008000eb0060002000b6170700d2
:10a4f4009100200000002700b3170700120020007d
:10a504000300200080302000c21707001200200042
:10a5140003002000c0302000be17070012002000f6
:10a5240003002000004a2000ba170700220221007d
:10a5340003002000c04a2000b617070000e82300eb
:10a54400010020002a26070032002000030020001a
:10a55400004a2000af17070042012000030020003a
:10a5640080312000ab170700d22b2100030020000c
:10a5740000322000a71707006011b8004032200005
:10a58400a4170700121020000300200080322000ce
:10a59400a017070002002000130020000033200051
:10a5a4009c17070002002500030020004033200010
:10a5b40098170700020020001300200080332000b9
:10a5c400941707000200200013002000c03320006d
:10a5d4009017070002002000130020000034200020
:10a5e4008c170700020020001300200040342000d4
:10a5f4008817070002002100030020008034200097
:10a60400841707000200200013002000c03420003b
:10a6140080170700121420000300200000352000da
:10a624007c170700120020000300200040352000a2
:10a6340078170700820c20000300200080352000da
:10a6440074170700a20220000300200080362000b7
:10a6540070170700e22f20000300200000372000bd
:10a664006c1707000208200003002000c0372000f8
:10a67400681707000202200003002000c0382000f1
:10a6840064170700e20020000300200000392000c6
:10a69400601707006011b800403a20005d170700fa
:10a6a4005201200003002000003c2000591707003d
:10a6b4006011b8004041200056170700020820002e
:10a6c40003002000c0412000521707006011b800a9
:10a6d400404220004f1707005200200003002000d2
:10a6e400404520004b17070042002000f3012000e2
:10a6f400804520004717070052002000b3002000c7
:10a70400c04520004317070052002000a30020008a
:10a71400004620003f1707000265240003002000c4
:10a72400404620003b170700c20020000300200021
:10a73400804620003717070072002000b300200075
:10a74400c046200033170700020220000300200047
:10a75400004720002f170700f2012000030020000b
:10a76400404720002b170700420020005300200020
:10a774008047200027170700220020000300200044
:10a78400c047200023170700120020000300200008
:10a79400c03120001f170700120020000300200012
:10a7a400801020001b170700120020000300200067
:10a7b400c01020001717070012002000030020001b
:10a7c400002a2000131707002202210003002000a2
:10a7d400c02a20000f17070000e823000100200012
:10a7e400832507003200200003002000002a2000f7
:10a7f40008170700420120000300200080112000f8
:10a8040004170700d22b21000300200000122000af
:10a81400001707006011b80040122000fd16070061
:10a82400121020000300200080122000f9160700f7
:10a83400020020001300200000132000f51607007a
:10a84400020025000300200040132000f116070039
:10a85400020020001300200080132000ed160700e2
:10a864000200200013002000c0132000e916070096
:10a87400020020001300200000142000e516070049
:10a88400020020001300200040142000e1160700fd
:10a89400020021000300200080142000dd160700c0
:10a8a4000200200013002000c0142000d916070065
:10a8b400121420000300200000152000d516070004
:10a8c400120020000300200040152000d1160700cc
:10a8d400820c20000300200080152000cd16070004
:10a8e400a20220000300200080162000c9160700e1
:10a8f400e22f20000300200000172000c5160700e7
:10a904000208200003002000c0172000c116070021
:10a914000202200003002000c0182000bd1607001a
:10a92400e20020000300200000192000b9160700ef
:10a934006011b800401a2000b6160700520120002a
:10a9440003002000001c2000b21607006011b800ac
:10a9540040212000af160700020820000300200059
:10a96400c0212000ab1607006011b800402220006f
:10a97400a8160700520020000300200040252000f4
:10a98400a416070042002000f301200080252000c7
:10a99400a016070052002000b3002000c0252000ac
:10a9a4009c16070052002000a3002000002620006f
:10a9b40098160700026524000300200040262000aa
:10a9c40094160700c2002000030020008026200007
:10a9d4009016070072002000b3002000c02620005b
:10a9e4008c1607000202200003002000002720002c
:10a9f40088160700f20120000300200040272000f1
:10aa04008416070042002000530020008027200005
:10aa1400801607002200200003002000c027200029
:10aa24007c1607001200200003002000c011200043
:10aa3400781607004100200000502000621607002d
:10aa4400620120000300200000112000711607009d
:10aa54006201200003002000003120006d16070071
:10aa64000088230011002000e12407004c20070087
:10aa74000010270021002000dd2407009102280097
:10aa840040502000501607002100200040502000b4
:10aa94004d160700010b2000405020004a16070005
:10aaa4009102280040502000471607002100200092
:10aab4004050200044160700611d20004050200033
:10aac4004116070091022800405020003e1607005e
:10aad40021002000405020003b160700318b21004c
:10aae40040502000381607009103280040502000f1
:10aaf40035160700210020004050200032160700c0
:10ab040011052000405020002f1607009103280053
:10ab1400405020002c160700210020004050200047
:10ab24002916070031c521004050200026160700d1
:10ab34009103280040502000231607002100200024
:10ab440040502000201607005103200040502000f0
:10ab54001d16070091022800405020001a16070015
:10ab6400210020004050200017160700013b200060
:10ab74004050200014160700910328004050200084
:10ab84001116070011002000405020000e16070087
:10ab940091022000405020000b160700910328006a
:10aba40040502000081607001100200040502000eb
:10abb400051607001101200040502000021607006e
:10abc4000088230011002000892407008000eb0086
:10abd40000002500fc15070001002800c000250026
:10abe400f91507008000eb0000082500f6150700a2
:10abf4000102200080002700f31507002100200037
:10ac0400a0002700f0150700c1642000c000270041
:10ac1400ed15070081a02000e0002700ea150700d9
:10ac2400015a200000012700e715070001a02000b9
:10ac340020012700e41507008104200040012700bb
:10ac4400e11507006100200060012700de15070000
:10ac5400f100200000002700db15070071c320006d
:10ac640040002000d81507006200200003002000e7
:10ac740000112000e71507006200200003002000f7
:10ac840000312000e31507000080fa0000000600f0
:10ac94000000fa004100200040002000ca1507000f
:10aca40001f0230020002000c71507008000eb00fe
:10acb40020002000c41507008000eb006000200085
:10acc400c1150700f1f3200060012000be15070044
:10acd40080c0eb0020502800ad15070080c0eb00b9
:10ace400b0502800aa150700f1f32000400120000d
:10acf400b5150700e1cfb30020512800a4150700c3
:10ad040080c0eb0040512800a115070080c0eb0073
:10ad1400505128009e15070080c0eb0060512800a8
:10ad24009b15070031c0b3000041280098150700a7
:10ad3400f1c3b300304128009515070071c0b3007a
:10ad4400004228009215070011c3b300004f2800e9
:10ad54008f15070011c0b300404f28008c15070061
:10ad6400012c210000542800971507008040eb00b7
:10ad74000063280086150700317520001063280041
:10ad84009115070021c0b300006728008015070053
:10ad9400012c2100c0a028008b15070011c0b300ae
:10ada400005e28007a15070001102000305e28009c
:10adb400851507008040eb0000c0280074150700cb
:10adc40080c0eb0010c028007115070080c0eb00a4
:10add40020c028006e15070080c0eb0030c028009a
:10ade4006b15070080c0eb0040c028006815070001
:10adf40080c0eb0050c028006515070080c0eb0040
:10ae040060c02800621507008040eb0070c0280075
:10ae14005f150700d1c4b30080c028005c1507008b
:10ae240021c1b30090c028005915070081c0b300a8
:10ae3400a0c02800561507008040eb00b0c02800d1
:10ae44005315070081c0b300c0c028005015070087
:10ae54008040eb00d0c028004d1507008040eb0077
:10ae6400e0c028004a1507008040eb00f0c028002d
:10ae740047150700c1c1b30000c1280044150700ed
:10ae8400e1c1b30010c128004115070011c0b3008f
:10ae940020c128003e15070031c0b30030c128008e
:10aea4003b15070001c8b30040c12800381507004e
:10aeb400c1c0b30050c128003515070061c0b300fc
:10aec40060c128003215070081c7b30070c1280093
:10aed4002f150700a1c0b30080c128002c1507005e
:10aee400d1c0b30090c128002915070091ccb3004c
:10aef400a0c128002615070001cab300b0c128006c
:10af04002315070071c5b300c0c128002015070030
:10af140071c4b300d0c128001d15070081c9b30056
:10af2400e0c128001a15070071c2b300f0c128005f
:10af34001715070021c1b30000c22800141507002b
:10af440081c4b30010c2280011150700c1c4b300a6
:10af540020c228000e1507008040eb0030c22800f4
:10af64000b1507008040eb0040c2280008150700bd
:10af74008040eb0050c228000515070011c0b30043
:10af840060c228000215070011c0b30070c2280077
:10af9400ff14070011c0b30080c22800fc1407008e
:10afa40011c0b30090c22800f914070011c0b30007
:10afb400a0c22800f614070011c0b300b0c22800d4
:10afc400f314070011c0b300c0c22800f014070036
:10afd40011c0b300d0c22800ed14070011c0b300a3
:10afe400e0c22800ea14070011c0b300f0c2280030
:10aff400e714070011c0b30000c32800e4140700dd
:10b0040011c0b30010c32800e114070011c0b3003d
:10b0140020c32800de14070011c0b30030c3280089
:10b02400db14070011c0b30040c32800d814070084
:10b0340011c0b30050c32800d514070001c5b300e4
:10b0440060c32800d2140700f1c5b30070c3280000
:10b05400cf14070001cab30080c32800cc14070032
:10b06400c1cab30090c32800c914070001c5b300c6
:10b07400a0c32800c61407008040eb00b0c328001a
:10b08400c314070081c0b300c0c32800c014070064
:10b0940001cab300d0c32800bd14070041c6b300e1
:10b0a400e0c32800ba14070001c2b300f0c32800ab
:10b0b400b714070021c2b30000c42800b414070069
:10b0c4008040eb0010c42800b114070081c7b3000e
:10b0d40020c42800ae14070041c4b30030c42800c3
:10b0e400ab1407008040eb0040c42800a8140700fc
:10b0f4008040eb0050c42800a51407008040eb00fa
:10b1040060c42800a214070081c1b30070c42800e1
:10b114009f14070001c5b30080c428009c140700d5
:10b12400f1c5b30090c428009914070001cab30004
:10b13400a0c4280096140700c1cab300b0c42800f4
:10b144009314070001c5b300c0c42800901407007d
:10b154008040eb00d0c428008d14070081c0b300e8
:10b16400e0c428008a14070001cab300f0c4280010
:10b174008714070041c6b30000c5280084140700e3
:10b1840001c2b30010c528008114070021c2b30016
:10b1940020c528007e1407008040eb0030c528003d
:10b1a4007b14070081c7b30040c52800781407004a
:10b1b40041c4b30050c52800751407008040eb005b
:10b1c40060c52800721407008040eb0070c5280099
:10b1d4006f1407008040eb0080c528006c14070042
:10b1e40081c1b30090c52800691407008040eb00ba
:10b1f400a0c52800661407008040eb00b0c52800f5
:10b20400631407008040eb00c0c5280060140700e9
:10b21400c1cfb300d0c528005d1407008040eb0007
:10b22400e0c528005a14070031c5b300f0c5280052
:10b234005714070041c5b30000c628005414070082
:10b2440001c3b30010c628005114070051c3b30052
:10b2540020c628004e14070051c3b30030c628008e
:10b264004b14070001c3b30040c62800481407006c
:10b2740011c5b30050c628004514070081c4b300ab
:10b2840060c628004214070041c4b30070c62800f9
:10b294003f14070031c5b30080c628003c140700e2
:10b2a40011c4b30090c6280039140700e1c4b300e8
:10b2b400a0c628003614070041c5b300b0c6280054
:10b2c400331407008040eb00c0c628003014070088
:10b2d4008040eb00d0c628002d1407008040eb000e
:10b2e400e0c628002a140700d1cfb300f0c6280016
:10b2f400271407008040eb0000c72800241407002f
:10b3040061c3b30010c728002114070021c4b3008f
:10b3140020c728001e14070051c4b30030c72800fa
:10b324001b140700b1c4b30040c728001814070059
:10b3340091c1b30050c72800151407008040eb00ea
:10b3440060c7280012140700a1c0b30070c728000a
:10b354000f14070001c2b30080c728000c140700b3
:10b3640001c2b30090c728000914070001c2b3004a
:10b37400a0c728000614070001c2b300b0c7280004
:10b384000314070001c2b300c0c72800001407005b
:10b3940001c2b300d0c72800fd13070011c0b300d9
:10b3a400e0c72800fa13070091c7b300f0c72800cc
:10b3b400f713070021c0b30000c82800f4130700e6
:10b3c40031c0b30010c82800f1130700a1c1b300b5
:10b3d40020c82800ee13070001ccb30030c82800b1
:10b3e400eb13070071c4b30040c82800e81307003a
:10b3f40001c7b30050c82800e513070001c7b30014
:10b4040060c82800e213070001c7b30070c8280011
:10b41400df13070001c7b30080c82800dc1307004e
:10b4240001c7b30090c82800d913070001c7b300af
:10b43400a0c82800d613070001c7b300b0c828006d
:10b44400d313070031c2b300c0c82800d0130700cb
:10b4540091c0b300d0c82800cd13070071c0b30059
:10b46400e0c82800ca13070011c0b300f0c82800c0
:10b47400c713070031c8b30000c92800c41307006c
:10b4840011c0b30010c92800c11307008040eb00ad
:10b4940020c92800be1307008040eb0030c92800f3
:10b4a400bb13070051c6b30040c92800b8130700f6
:10b4b40031c0b30050c92800b5130700c1c0b300a0
:10b4c40060c92800b21307008040eb0070c928004f
:10b4d400af13070001c1b30080c92800ac130700f3
:10b4e4008040eb0090c92800a913070001c5b300f0
:10b4f400a0c92800a6130700f1c5b300b0c92800ed
:10b50400a313070001cab300c0c92800a013070091
:10b51400c1cab300d0c928009d13070001c5b300f8
:10b52400e0c928009a1307008040eb00f0c9280006
:10b534009713070081c0b30000ca280094130700c2
:10b5440001cab30010ca28009113070041c6b30012
:10b5540020ca28008e13070001c2b30030ca280095
:10b564008b13070021c2b30040ca280088130700c8
:10b574008040eb0050ca28008513070081c7b30040
:10b5840060ca28008213070041c4b30070ca2800af
:10b594007f1307008040eb0080ca28007c1307005b
:10b5a4008040eb0090ca2800791307008040eb002c
:10b5b400a0ca28007613070081c1b300b0ca2800ce
:10b5c4007313070001c5b300c0ca28007013070035
:10b5d400f1c5b300d0ca28006d13070001cab30037
:10b5e400e0ca28006a130700c1cab300f0ca2800e1
:10b5f4006713070001c5b30000cb280064130700dc
:10b604008040eb0010cb28006113070081c0b30019
:10b6140020cb28005e13070001cab30030cb2800fa
:10b624005b13070041c6b30040cb28005813070042
:10b6340001c2b30050cb28005513070021c2b30048
:10b6440060cb2800521307008040eb0070cb280029
:10b654004f13070081c7b30080cb28004c130700a9
:10b6640041c4b30090cb2800491307008040eb008d
:10b67400a0cb2800461307008040eb00b0cb280085
:10b68400431307008040eb00c0cb280040130700a1
:10b6940081c1b300d0cb28003d13070001c5b3001e
:10b6a400e0cb28003a130700f1c5b300f0cb280023
:10b6b4003713070001cab30000cc28003413070075
:10b6c400c1cab30010cc28003113070001c5b30070
:10b6d40020cc28002e1307008040eb0030cc28003b
:10b6e4002b13070081c0b30040cc280028130700a7
:10b6f40001cab30050cc28002513070041c6b3008b
:10b7040060cc28002213070001c2b30070cc2800cb
:10b714001f13070021c2b30080cc28001c130700ac
:10b724008040eb0090cc28001913070081c7b300b8
:10b73400a0cc28001613070041c4b300b0cc2800e5
:10b74400131307008040eb00c0cc2800101307003f
:10b754008040eb00d0cc28000d1307008040eb00a4
:10b76400e0cc28000a13070081c1b300f0cc280004
:10b774000713070001c5b30000cd28000413070018
:10b78400f1c5b30010cd28000113070001cab300ae
:10b7940020cd2800fe120700c1cab30030cd280016
:10b7a400fb12070001c5b30040cd2800f8120700c2
:10b7b4008040eb0050cd2800f512070081c0b30093
:10b7c40060cd2800f212070001cab30070cd280032
:10b7d400ef12070041c6b30080cd2800ec12070029
:10b7e40001c2b30090cd2800e912070021c2b300c2
:10b7f400a0cd2800e61207008040eb00b0cd280061
:10b80400e312070081c7b300c0cd2800e01207008f
:10b8140041c4b300d0cd2800dd1207008040eb0006
:10b82400e0cd2800da1207008040eb00f0cd2800bc
:10b83400d71207008040eb0000ce2800d412070086
:10b8440081c1b30010ce2800d11207008040eb0064
:10b8540020ce2800ce1207008040eb0030ce280016
:10b86400cb1207008040eb0040ce2800c81207002e
:10b874008040eb0050ce2800c51207008040eb004a
:10b8840060ce2800c21207008040eb0070ce280072
:10b89400bf1207008040eb0080ce2800bc120700d6
:10b8a4008040eb0090ce2800b91207008040eb00e6
:10b8b400a0ce2800b61207008040eb00b0ce2800ce
:10b8c400b31207008040eb00c0ce2800b01207007e
:10b8d4008040eb00d0ce2800ad1207008040eb0082
:10b8e400e0ce2800aa1207008040eb00f0ce28002a
:10b8f400a71207008040eb0000cf2800a412070025
:10b904008040eb0010cf2800a11207008040eb001c
:10b9140020cf28009e1207008040eb0030cf280083
:10b924009b1207008040eb0040cf280098120700cc
:10b934008040eb0050cf2800951207008040eb00b8
:10b9440060cf2800921207008040eb0070cf2800df
:10b954008f1207008040eb0080cf28008c12070074
:10b964008040eb0090cf2800891207008040eb0054
:10b97400a0cf2800861207008040eb00b0cf28003b
:10b98400831207008040eb00c0cf2800801207001c
:10b994008040eb00d0cf28007d1207008040eb00f0
:10b9a400e0cf28007a120700a1cdb300f0cf280021
:10b9b4007712070021c0b300305428007412070026
:10b9c40011c1b30040542800711207008040eb00fd
:10b9d400006028006e12070031cfb30020602800f9
:10b9e4006b12070021c0b300306028006812070002
:10b9f400c1c0b300406028006512070051c0b30005
:10ba040060602800621207008040eb00706028002c
:10ba14005f12070021c0b300206528005c120700f4
:10ba2400a29b2400c320200010672800791207007d
:10ba340092082b00131e200050672800751207007f
:10ba44008040eb0000682800511207000080fa00d3
:10ba5400000006000200fa0000522800b611070098
:10ba6400004f780000522800b3110700004f7800ff
:10ba740000522800b0110700004f7800f1d32000d5
:10ba84006001200050120700110020002000200057
:10ba94004d1207009e40780061cf60001e80fb00bd
:10baa4000080fa00000006000a00fa008000eb00a3
:10bab4002000200044120700000a2000010020009a
:10bac400cb20070040012000a6110700000f7800da
:10bad400a0012000a3110700204798002e409000e9
:10bae4006140600030479800205028009211070000
:10baf400404798004e4090006140600040479800e5
:10bb0400b05028008c110700504798005e40900008
:10bb14000080fb00620060000080d1006047980054
:10bb2400005228008411070070479800fe409000de
:10bb340010c8b30000c0600070479800f1f3200003
:10bb4400600120002012070080c0eb002050280074
:10bb54000f12070080c0eb00b05028000c12070041
:10bb6400f1f3200040012000171207006e409000fe
:10bb74000080fb00c300dd003e4090000080fb001d
:10bb84004200dd00810070004e4090000080fb0008
:10bb940000004000810070007e4090000080fb00a7
:10bba40001007000400798004e0090000080fa00e9
:10bbb400000006000000fa00f1d32000600120001c
:10bbc4000112070011c0b300a0542800f0110700af
:10bbd4000080fa00000006000000fa0000402b007c
:10bbe400414c20008220070041c120004000200079
:10bbf400f51107000120210020002000f2110700a8
:10bc04008000eb0020002000ef11070021c4b300e6
:10bc140020a02800de1107001200200003002000ed
:10bc240080102000fb1107001200200003002000f8
:10bc3400c0102000f71107001200200003002000ac
:10bc4400002a2000f3110700220221000300200033
:10bc5400c02a2000ef11070000e8230001002000a3
:10bc6400632007003200200003002000002a200087
:10bc7400e811070042012000030020008011200089
:10bc8400e4110700d22b2100030020000012200041
:10bc9400e01107006011b80040122000dd11070018
:10bca400121020000300200080122000d911070088
:10bcb400020020001300200000132000d51107000b
:10bcc400020025000300200040132000d1110700ca
:10bcd400020020001300200080132000cd11070073
:10bce4000200200013002000c0132000c911070027
:10bcf400020020001300200000142000c5110700da
:10bd0400020020001300200040142000c11107008d
:10bd1400020021000300200080142000bd11070050
:10bd24000200200013002000c0142000b9110700f5
:10bd3400121420000300200000152000b511070094
:10bd4400120020000300200040152000b11107005c
:10bd5400820c20000300200080152000ad11070094
:10bd6400a20220000300200080162000a911070071
:10bd7400022a20000300200000172000a51107005c
:10bd84000208200003002000c0172000a1110700b2
:10bd94000202200003002000c01820009d110700ab
:10bda400e200200003002000001920009911070080
:10bdb4006011b800401a20009611070052012000bb
:10bdc40003002000001c2000921107006011b8003d
:10bdd400402120008f1107000208200003002000ea
:10bde400c02120008b1107006011b8004022200000
:10bdf4008811070052002000030020004025200085
:10be04008411070042002000f30120008025200057
:10be14008011070052002000b3002000c02520003c
:10be24007c11070052002000a300200000262000ff
:10be3400781107000265240003002000402620003a
:10be440074110700c2002000030020008026200097
:10be54007011070072002000b3002000c0262000eb
:10be64006c110700020220000300200000272000bc
:10be740068110700f2012000030020004027200081
:10be84006411070042002000530020008027200096
:10be9400601107002200200003002000c0272000ba
:10bea4005c1107001200200003002000c0112000d4
:10beb40058110700120020000300200080302000e9
:10bec400541107001200200003002000c03020009d
:10bed400501107001200200003002000004a200037
:10bee4004c1107002202210003002000c04a200058
:10bef4004811070000e8230001002000bc1f0700d0
:10bf04003200200003002000004a200041110700f5
:10bf14004201200003002000803120003d11070071
:10bf2400d22b210003002000003220003911070029
:10bf34006011b800403220003611070012102000b2
:10bf4400030020008032200032110700020020008c
:10bf540013002000003320002e11070002002500ea
:10bf640003002000403320002a11070002002000b3
:10bf74001300200080332000261107000200200057
:10bf840013002000c033200022110700020020000b
:10bf940013002000003420001e11070002002000be
:10bfa40013002000403420001a1107000200210071
:10bfb4000300200080342000161107000200200036
:10bfc40013002000c03420001211070012142000b6
:10bfd40003002000003520000e110700120020008d
:10bfe40003002000403520000a110700820c2000c5
:10bff400030020008035200006110700a202200063
:10c00400030020008036200002110700022a2000cd
:10c014000300200000372000fe1007000208200063
:10c0240003002000c0372000fa100700020220009d
:10c0340003002000c0382000f6100700e2002000b2
:10c044000300200000392000f21007006011b8003e
:10c05400403a2000ef1007005201200003002000a6
:10c06400003c2000eb1007006011b80040412000a4
:10c07400e81007000208200003002000c04120004f
:10c08400e41007006011b80040422000e1100700ee
:10c09400520020000300200040452000dd1007006e
:10c0a40042002000f301200080452000d910070041
:10c0b40052002000b3002000c0452000d510070026
:10c0c40052002000a300200000462000d1100700e9
:10c0d400026524000300200040462000cd10070024
:10c0e400c20020000300200080462000c910070081
:10c0f40072002000b3002000c0462000c5100700d5
:10c10400020220000300200000472000c1100700a5
:10c11400f20120000300200040472000bd1007006a
:10c12400420020005300200080472000b91007007f
:10c134002200200003002000c0472000b5100700a3
:10c144001200200003002000c0312000b1100700bd
:10c1540041002000005020009b10070062012000d5
:10c164000300200000112000aa1007006201200033
:10c174000300200000312000a610070000882300df
:10c18400110020001a1f0700851a0700001027005d
:10c1940021002000161f07009102280040502000b3
:10c1a400891007002100200040502000861007005d
:10c1b400010b20004050200083100700910228004a
:10c1c4004050200080100700210020004050200033
:10c1d4007d100700611d2000405020007a100700e8
:10c1e4009102280040502000771007002100200011
:10c1f4004050200074100700318b21004050200073
:10c204007110070091032800405020006e100700b1
:10c2140021002000405020006b1007001105200071
:10c22400405020006810070091032800405020006f
:10c234006510070021002000405020006210070014
:10c2440031c52100405020005f10070091032800f1
:10c25400405020005c1007002100200040502000c6
:10c2640059100700510320004050200056100700c9
:10c2740091022800405020005310070021002000a4
:10c284004050200050100700013b20004050200087
:10c294004d10070091032800405020004a10070069
:10c2a4001100200040502000471007009102200098
:10c2b4004050200044100700910328004050200003
:10c2c4004110070011002000405020003e100700dc
:10c2d40011012000405020003b100700008823007b
:10c2e40011002000c21e07008000eb0000002500a2
:10c2f400351007008000eb00c00025003210070055
:10c30400f12c2000e00025002f1007008000eb0036
:10c31400000825002c100700012d2000c00825006e
:10c3240029100700f1592000e00825002610070015
:10c3340001082000000827002310070001872000bf
:10c3440080002500201007000187200080082500b8
:10c354001d10070080c0eb00205028000c100700bf
:10c3640080c0eb00305028000910070080c0eb00ab
:10c37400405028000610070080c0eb0050502800f1
:10c384000310070080c0eb00605028000010070075
:10c3940080c0eb00b0502800fd0f0700f1f320002f
:10c3a4004001200008100700f1d3200060012000a4
:10c3b4000510070071c32000400020000210070090
:10c3c4008000eb0060002000ff0f070062002000e7
:10c3d40003002000001120000e100700620020005e
:10c3e40003002000003120000a1007000080fa003a
:10c3f400000006000000fa0041c1200040002000b7
:10c40400f10f07008100200060002000ee0f0700fc
:10c414000120210020002000eb0f07008000eb002a
:10c4240020002000e80f07008000eb0060002000df
:10c43400e50f07009100200000002700e20f07002d
:10c44400120020000300200080302000f10f0700bc
:10c454001200200003002000c0302000ed0f070070
:10c464001200200003002000004a2000e90f07000a
:10c474002202210003002000c04a2000e50f07002b
:10c4840000e8230001002000591e070032002000ac
:10c4940003002000004a2000de0f070042012000b4
:10c4a4000300200080312000da0f0700d22b210086
:10c4b4000300200000322000d60f07006011b800ee
:10c4c40040322000d30f0700121020000300200088
:10c4d40080322000cf0f070002002000130020004c
:10c4e40000332000cb0f07000200250003002000ca
:10c4f40040332000c70f0700020020001300200073
:10c5040080332000c30f0700020020001300200026
:10c51400c0332000bf0f07000200200013002000da
:10c5240000342000bb0f070002002000130020008d
:10c5340040342000b70f0700020021000300200050
:10c5440080342000b30f07000200200013002000f5
:10c55400c0342000af0f0700121420000300200095
:10c5640000352000ab0f070012002000030020005c
:10c5740040352000a70f0700820c20000300200094
:10c5840080352000a30f0700a20220000300200032
:10c59400803620009f0f07009264200003002000d3
:10c5a400003720009b0f0700020820000300200032
:10c5b400c0372000970f070002012000030020006d
:10c5c400c0382000930f0700e20120000300200080
:10c5d400003920008f0f07006011b800403a200096
:10c5e4008c0f07005201200003002000003c2000b3
:10c5f400880f07006011b80040412000850f070034
:10c604000208200003002000c0412000810f070021
:10c614006011b800404220007e0f07005200200045
:10c6240003002000404520007a0f0700420020004c
:10c63400f301200080452000760f070052002000ff
:10c64400b3002000c0452000720f070052002000f4
:10c65400a3002000004620006e0f0700026524009e
:10c6640003002000404620006a0f0700c20020009b
:10c674000300200080462000660f0700720020009f
:10c68400b3002000c0462000620f07000202200011
:10c6940003002000004720005e0f0700f201200085
:10c6a40003002000404720005a0f070042002000ea
:10c6b4005300200080472000560f0700220020006e
:10c6c40003002000c0472000520f07001200200082
:10c6d40003002000c03120004e0f0700120020008c
:10c6e40003002000801020004a0f070012002000e1
:10c6f40003002000c0102000460f07001200200095
:10c7040003002000002a2000420f0700220221001b
:10c7140003002000c02a20003e0f070000e8230089
:10c7240001002000b21d0700320020000300200099
:10c73400002a2000370f07004201200003002000d8
:10c7440080112000330f0700d22b210003002000aa
:10c75400001220002f0f07006011b80040122000c3
:10c764002c0f07001210200003002000801220006c
:10c77400280f0700020020001300200000132000ef
:10c78400240f0700020025000300200040132000ae
:10c79400200f070002002000130020008013200057
:10c7a4001c0f07000200200013002000c01320000b
:10c7b400180f0700020020001300200000142000be
:10c7c400140f070002002000130020004014200072
:10c7d400100f070002002100030020008014200035
:10c7e4000c0f07000200200013002000c0142000da
:10c7f400080f070012142000030020000015200079
:10c80400040f070012002000030020004015200040
:10c81400000f0700820c2000030020008015200078
:10c82400fc0e0700a2022000030020008016200056
:10c83400f80e070092642000030020000017200077
:10c84400f40e07000208200003002000c017200097
:10c85400f00e07000201200003002000c018200091
:10c86400ec0e0700e2012000030020000019200064
:10c87400e80e07006011b800401a2000e50e07001a
:10c884005201200003002000001c2000e10e0700dc
:10c894006011b80040212000de0e070002082000cd
:10c8a40003002000c0212000da0e07006011b80048
:10c8b40040222000d70e0700520020000300200071
:10c8c40040252000d30e070042002000f301200081
:10c8d40080252000cf0e070052002000b300200066
:10c8e400c0252000cb0e070052002000a30020002a
:10c8f40000262000c70e0700026524000300200064
:10c9040040262000c30e0700c200200003002000c0
:10c9140080262000bf0e070072002000b300200014
:10c92400c0262000bb0e07000202200003002000e6
:10c9340000272000b70e0700f201200003002000aa
:10c9440040272000b30e07004200200053002000bf
:10c9540080272000af0e07002200200003002000e3
:10c96400c0272000ab0e07001200200003002000a7
:10c97400c0112000a70e0700410020000050200035
:10c98400910e07008000eb00000025008e0e0700ca
:10c9940001002800c00025008b0e07008000eb007a
:10c9a40000082500880e07000102200080002700ef
:10c9b400850e070021002000a0002700820e07003a
:10c9c40021632000c00027007f0e070081a0200003
:10c9d400e00027007c0e0700015a20000001270018
:10c9e400790e070001a0200020012700760e070021
:10c9f4008104200040012700730e0700410020003d
:10ca040060012700700e070071002000000027005d
:10ca14006d0e070071c32000400020006a0e07005d
:10ca2400620020000300200000112000790e07009e
:10ca3400620020000300200000312000750e070072
:10ca440041c12000400020005f0e07008000eb0081
:10ca5400000027005c0e07000080fa0000000600ba
:10ca64000000fa0041c1200040002000560e0700db
:10ca7400f1d3200060012000530e07000080fa006b
:10ca8400000006000000fa00910328004050200036
:10ca94004d0e070021002000405020004a0e0700e0
:10caa4008000eb0040502000470e07000080fa0091
:10cab400000006000400fa00100798001e00900011
:10cac400cf80de00e1dd0700b29d2f00e3e7230005
:10cad40006de0700bcdd0700000f78001e007800aa
:10cae4004800dd00000f780000f02f001e0f6000ea
:10caf400100520001e0f70009103280040502000f4
:10cb0400310e070021002000405020002e0e0700a7
:10cb14001e00780080007800405020002a0e070094
:10cb24000080fa00000006000200fa009ec0a9007e
:10cb34000080eb00702488000080eb005024880003
:10cb4400aa24ef00220020008000eb00c04a20004d
:10cb540054df07002000200030258800a824ef00bf
:10cb64008644a900f009200080248800f0092000f0
:10cb74006024880082c4a8008804a80000a02000c3
:10cb84004800de00c02488000040eb00004f78001d
:10cb9400070037001e80fb00c200dd0000a020005b
:10cba400008140006000b8000089be001e4fe8000c
:10cbb4001e407800e74f5000f6ff36009424a8008a
:10cbc4009624ef0094a4a9009424a90080002000d6
:10cbd40050248800e09520008040eb000148780054
:10cbe400409620008040eb000148780050962000d9
:10cbf40090407800e0c06000014878006096200012
:10cc040090407800e0c06000014878005024800023
:10cc1400680060000000e000ecff3a0010c0b300c0
:10cc240041e8b70010c0b30042e8b7004368ef0022
:10cc34004468ef003b68ef000040eb00004f7800d1
:10cc4400150037001e80fb00800040002083200078
:10cc5400008040008000eb00010878001e80fb008b
:10cc640080004000e0822000008040008000eb0053
:10cc7400010878001e80fb00919620000041eb0023
:10cc8400827078001e80fb00b19620000041eb000a
:10cc9400827078001e4fe8001e407800e14f50007b
:10cca400e8ff360080a0200090418800d0002000da
:10ccb40050258800d09620001050880000a0200045
:10ccc40081c0b3000148780010a0200041c0b30027
:10ccd4000148780010a020001040780080407800bf
:10cce4000174a00010a02000014878002868ef001b
:10ccf4004628ef004828ef004a68ef002628ef0096
:10cd04000080fa00000006000200fa0030418000b2
:10cd1400e10f50000b003a00a12480000004200021
:10cd2400008060000000e00006003a000080eb0094
:10cd3400502488008c04a8008c84a80020002000c3
:10cd44003041880000248000700060000000e00092
:10cd54000700320010248000700060000000e00032
:10cd6400030032000001200000248800bf040700f3
:10cd740040248000620060000000e00002003200f5
:10cd84008ec0a900a100370050248000610060001b
:10cd94000000e0000a0032006024800061006000ae
:10cda4000000e000060032005fff07009ec0a800fc
:10cdb40040002000304188001000200050248800ea
:10cdc40050248000700060000000e0000500320084
:10cdd40060248000700060000000e0000100320068
:10cde40095040700012480000004200000806000f6
:10cdf4000000e0000300320000042000002488004a
:10ce0400f206070050248000640060000000e00087
:10ce14001400320060248000640060000000e00020
:10ce240004003200120020008000eb0030072000d4
:10ce34006a1b070040002000502488003fc8bf0040
:10ce44000004e000030032003fc8bf000040e900d6
:10ce54003fe8b7003fc8bf000004e00001003a000b
:10ce64009f0107005124800000082000008060001a
:10ce74000000e00006003200612480000008200069
:10ce8400008060000000e000010032004e04070052
:10ce940050248000620060000000e0000c003200ba
:10cea40060248000620060000000e000080032009e
:10ceb400120020008000eb00f0ff2700471b070052
:10cec4000080eb007024880020002000502488009b
:10ced40030418000e30f500002003e008ec0a900e4
:10cee4004a00370060248000680060000000e00011
:10cef400450032000040eb00004f78003d00370051
:10cf040050248000680060000000e0003d00320012
:10cf140090248000004078003ce8b7003cc8bf0083
:10cf24000080fb004400de00004078003de8b700cc
:10cf340080002000502488003cc8bf006840600086
:10cf44000004e00011003a003dc8bf000081fb006e
:10cf54008080fb00b0962000008040009040780064
:10cf640061c060000004a200e1406000b0962000af
:10cf740000004100e1c06000104178000204a100fb
:10cf84008140710001487800100037003dc8bf009f
:10cf94000081fb008080fb00909620000080400010
:10cfa4009040780061c060000004a200e14060008d
:10cfb4009096200000004100e1c06000104178001c
:10cfc4000204a10081407100014878003dc8bf00ff
:10cfd4000004e00002003a003004070004003700b7
:10cfe4000001eb00c183200020072000fb1a07008a
:10cff4001e4fe8001e407800e34f5000c0ff36008b
:10d0040001003700000000008ec0a9000080fa0073
:10d01400000006000400fa002047980031479800f9
:10d024003e4090000080fb00680060000000e000cb
:10d03400030032008040eb002e409000970107006f
:10d044003e4090000080fb00640060000000e000af
:10d054000300320011c0b3002e4090008f0107007e
:10d06400a14a20002e4090000080fb0000004000f8
:10d07400008f40001e007800be40900001487800f8
:10d084000080fa00000006000800fa00204798001b
:10d094003147980022079800634798003e4090006b
:10d0a4000004e000070032002e4090000080fb00e6
:10d0b400800040002083200000804000100f780092
:10d0c400060037002e4090000080fb0080004000e6
:10d0d400e082200000804000100f78001e007800dd
:10d0e4000000e00002003a000000eb0037003700c7
:10d0f400ae0090001e007800110098001e00780019
:10d10400ee409000014878001e0078001040900026
:10d1140002c4b300824060001e00780011409800f1
:10d124001e00780010409000804078000134a00078
:10d134001e007800114098001e00780010409000f6
:10d14400804078000174a0001e007800114098000f
:10d154003e4090000004e0000e0032002e4090009b
:10d164000080fb00ae4090008180fb000181400004
:10d174002183200081004100910078000120a20059
:10d1840000014000208320000000410001087800d5
:10d194000d0037002e4090000080fb00ae40900050
:10d1a4008180fb0001814000e18220008100410078
:10d1b400910078000120a20000014000e0822000dc
:10d1c40000004100010878001e0078000080fa0089
:10d1d400000006000400fa00204798003147980038
:10d1e4002e4090000004e00017003a0060418000e7
:10d1f40081c0b3000148780060418000d1962000ce
:10d204001100980060418000c1c0b3001140980033
:10d214006041800061418000914090000174a00051
:10d22400114098009041800041c0b3001140980023
:10d234009041800091418000914090000174a000d1
:10d24400114098002e0037002e4090000080fb0013
:10d2540000004000800078003e4090000080fb0009
:10d26400008040004300dd008000780000a0200022
:10d27400008f40001e00780010409000804078002d
:10d284000124a0001e007800114098001e007800c0
:10d2940010409000804078000174a0001e007800c7
:10d2a400114098002e4090000080fb0000004000d8
:10d2b400800078003e4090000080fb000080400029
:10d2c4004300dd00e400400000a02000008f400087
:10d2d4001e00780010409000804078000124a000d7
:10d2e4001e007800114098001e0078001040900045
:10d2f400804078000174a0001e007800114098005e
:10d304000080fa00000006000200fa00004f7800d6
:10d31400a124800000022000008060000000e000e2
:10d324004d0032001e80fb0080004000208320005e
:10d3340000804000100378001e80fb008000400045
:10d344002083200000804000100078001002be00fe
:10d354000004200001002000840378000502780006
:10d3640080027800810078000580630081006200fb
:10d3740081017800000178000200be00008bbe002d
:10d384001e80fb00800040002083200000804000bd
:10d39400100278001e80fb008000400020832000e3
:10d3a40000804000100078001001be00000420003e
:10d3b400010020000000690081806900008abe002d
:10d3c4001e80fb009e80fb00018140002183200021
:10d3d40081004100910078000120a200000140007a
:10d3e4002083200000004100010878001e80fb001b
:10d3f40080004000208320000080400090007800de
:10d404001e80fb000001400020832000000041003a
:10d4140010007800104090000044b2009040980042
:10d424001e80fb008000400020832000008040001c
:10d43400900078001e80fb00000140002083200043
:10d4440000004100100078001041900000c4b300b7
:10d4540000406900904098000080fa000000060037
:10d464000000fa009424ef008c24ef002628ef003b
:10d474000080fa00000006000000fa00304180003d
:10d484000000e00014003a009424ef008c24ef0024
:10d494002000200030258800a824ef008644a9003d
:10d4a400f009200080248800f0092000602488000e
:10d4b40082c4a8009ec0a800010037009404a800fc
:10d4c400a0248000610060000000e000fbff320047
:10d4d40010002000304188000080fa00000006009f
:10d4e4000000fa0041c8bf000004a2000004e000ec
:10d4f4003400320010c0b30041e8b70042c8bf0096
:10d504000004a2000004e0002e00320010c0b300aa
:10d5140042e8b70037c8bf00e24f50000c003a00a1
:10d52400904180008040eb000148780090418000e9
:10d5340081c4b30011409800904180009141800063
:10d54400914090000174a000114098001d00370024
:10d5540037c8bf00e14f50001a003a003e68ef00a0
:10d564005041800081c0b3000148780050418000e0
:10d57400d1962000110098005041800041c0b300b2
:10d58400114098005041800051418000914090002a
:10d594000174a0001140980010c0b3003ee8b70029
:10d5a4006041800081c0b300014878006041800080
:10d5b400d1962000110098006041800001c8b3009a
:10d5c400114098000080fa00000006000000fa00f4
:10d5d4004368ef004468ef0037c8bf00e24f5000d3
:10d5e4000f003a006041800081c0b3000148780018
:10d5f4006041800051972000110098006041800034
:10d6040081c4b300114098006041800061418000f2
:10d61400914090000174a000114098001d00370053
:10d62400309720001080fb00419720009180fb0080
:10d63400c808dd000100700080007800004b800005
:10d64400808f500007003100309720001080fb00cd
:10d65400419720009180fb00c808dd0001007000a4
:10d66400004b8800960007009041800051972000ed
:10d67400110098009041800081c4b30011409800cb
:10d684009041800091418000914090000174a0007d
:10d69400114098000080fa00000006000400fa001f
:10d6a400204798003147980000a02000000f780020
:10d6b4002e4090000080fb000000400080007800b5
:10d6c4003e4090000080fb00008040004300dd00ed
:10d6d4001e0f40001e0078009000780001f0a100a9
:10d6e400010878003e4090000004e00007003a0082
:10d6f4002e4090000080fb0080004000e08220006b
:10d70400008040001e087800060037002e4090007c
:10d714000080fb0080004000208320000080400047
:10d724001e0878001e0078009000780001e0a10037
:10d73400010878009e007800648040009000780022
:10d7440001e0a000010878000080fa000000060053
:10d754000000fa0094a4a900f14a80000008200007
:10d76400008060000000e00027003a00409620009e
:10d774009040780000c8b30000c060000004e000de
:10d784000a00320020c0b30037e8b70044c8bf0025
:10d794000004a2000004e000010032008bff070037
:10d7a4004268ef004168ef004300370060418000a9
:10d7b40081c0b3000148780060418000d196200008
:10d7c4001100980060418000c1c0b300114098006e
:10d7d4006041800061418000914090000174a0008c
:10d7e400114098009041800041c0b300114098005e
:10d7f4009041800091418000914090000174a0000c
:10d80400114098002c003700d096200090407800fa
:10d8140000c8b30000c060000004e0000f00320044
:10d8240010c0b30037e8b70043c8bf000004a2002b
:10d834000004e0000100320064ff07004268ef00ca
:10d844004168ef0040c8bf000004a2000004e000eb
:10d854001900320022ff07001700370020c0b30070
:10d8640037e8b7006041800081c0b3000148780008
:10d8740060418000d1962000110098006041800032
:10d8840041c0b300114098006041800061418000b4
:10d89400914090000174a000114098004268ef008c
:10d8a4004168ef0040c8bf000004a2000004e0008b
:10d8b400010032000aff07000080fa0000000600a1
:10d8c4000200fa0080c0b300004f7800004b8000d3
:10d8d400e70f50000d003e00004b8000004f780021
:10d8e40036c8bf000004e00003003a0010c0b300d3
:10d8f40036e8b7000500370036c8bf00e14f5000d6
:10d9040002003a0020c0b30036e8b700014b8000a3
:10d914001e80fb0000805000004b88009041800076
:10d924001e48780050972000c0418800f04a8000cb
:10d93400610060000000e00017003a0009003700b1
:10d94400c1418000e04a800010417800824878009c
:10d954008100e800c14188000000e800e04a880036
:10d964001e4fe9001e4078000004e000f4ff3a0076
:10d974000c003700c1418000e04a8000104178006b
:10d98400824878008100e800c14188000000e80076
:10d99400e04a88001e4fe9001e4078000004e000c1
:10d9a400f4ff3a000080fa00000006000200fa00ca
:10d9b40050418000104f78009e80fb00509620005c
:10d9c4001080fb00629620001281fb004811dd00ec
:10d9d40002007000808f500007003600509620002f
:10d9e4001080fb00619620009180fb00c808dd00d8
:10d9f40001007000004f7800509620001080fb005a
:10da0400619620009180fb00c808dd0001007000d1
:10da1400800078001e80fb0000805000f10f200081
:10da2400010160005196200091417800e0c161003d
:10da340002c1710082487800c800de0060962000b0
:10da44001041780060416100814071000148780014
:10da54000040eb00104798001c003700209620007f
:10da64001080fb00319620009180fb00c808dd0087
:10da7400010070009e4090008180fb0052972000be
:10da8400e2c07800014878000000e800f10f2000af
:10da9400010160002196200091417800e0c16100fd
:10daa40002c1710082487800c800de003096200070
:10dab40010417800604161008140710001487800a4
:10dac4001e4090000040e800104798001e4090005f
:10dad4009e4f5000e1ff3900509620001080fb005b
:10dae400619620009180fb00c808dd0001007000f1
:10daf4000000e0001e0032006041800081c0b300dd
:10db0400014878006041800051972000110098007e
:10db140050418000900078000000240000806000e4
:10db24000000e00009003a006041800081c4b300b5
:10db34001140980060418000614180009140900054
:10db44000174a000114098002f003700604180004c
:10db540081c0b300114098006041800061418000a1
:10db6400914090000174a0001140980026003700f5
:10db74006041800081c0b3000148780060418000aa
:10db8400d1962000110098006041800041c0b3008c
:10db940011409800604180006141800091409000f4
:10dba4000174a00011409800709620001080fb00c2
:10dbb400819620009180fb00c808dd000100700000
:10dbc4000000e00007003200709620001080fb0087
:10dbd400819620009180fb00c808dd0001007000e0
:10dbe4000000010040962000904078000174a100dc
:10dbf4000148780040c8bf000004a2000004e0000f
:10dc04000100320036fe07000080fa000000060022
:10dc14000200fa00f04a80000070a000f04a880078
:10dc2400220020008000eb00c04a20001ddb07001a
:10dc3400020220008000eb0000a0200019db070096
:10dc44009424a8000040eb00004f7800090037003e
:10dc54001e80fb00919620000041eb00827078004a
:10dc64001e80fb00b19620000041eb00827078001a
:10dc74001e4fe8001e407800e14f5000f4ff3600cc
:10dc8400120020008000eb009082200005db0700da
:10dc94009424a90080a020009041880000a02000c6
:10dca400504188005041800060418800f096200077
:10dcb4001040780028e8b70028c8bf000004e0003e
:10dcc40003003a00000120003041880006003700bc
:10dcd400120020008182200010002000bf170700de
:10dce40000022000304188000080fa000000060095
:10dcf4000000fa00d09620009040780000c8b300dd
:10dd040080cf500047003a00e095200001ccb300da
:10dd14000148780000972000104078000080fb0044
:10dd2400e20f500009003200e30f500023003200dc
:10dd3400e10f500037003a0080522a00e04a880080
:10dd440020012000004b880036003700f0962000a8
:10dd5400104078000004e00014003a00f09620001f
:10dd6400104078000080fb00000040008000780034
:10dd7400805e2a000080400010007800e04a88009d
:10dd8400e04a80000080e80090407800009620007f
:10dd940001487800e04a8000630040009040780029
:10dda40010962000014878001e003700e0952000fe
:10ddb4008040eb00014878001a003700f0962000fc
:10ddc40010407800e24f50000e003e00f096200014
:10ddd400104078000080fb000000400080007800c4
:10dde400a05e2a000080400010007800e04a88000d
:10ddf400e04a8000104078000080fb00004b88005f
:10de040008003700e09520008040eb0001487800ce
:10de140004003700e09520008040eb0001487800c2
:10de2400000000000080fa00000006000200fa0072
:10de3400509720008040eb00014878006097200054
:10de44008040eb0001487800d09620009040780094
:10de54007fc060000080fb00e10f50001100320021
:10de6400e20f5000130032000000e00047003a00c7
:10de7400f04a80000070a000f04a88003ac8bf0051
:10de84000004e0003a00320050972000104078006f
:10de9400804078000114a0005097200001487800c9
:10dea4003a003700f04a80000070a000f04a880071
:10deb40036003700f04a80000070a000f04a880065
:10dec40010972000104078006f4060000004e000cc
:10ded40029003200109720009040780000c8b30059
:10dee40000c060000004e00009003a001097200020
:10def400904078006fc060000080fb00800040000c
:10df0400e082200000804000100f780008003700f5
:10df140010972000904078006fc060000080fb00e4
:10df2400800040002083200000804000100f780013
:10df34001e00780090007800000028000080600037
:10df44000000e0000e0032001e007800900078000f
:10df540000402000008060000000e0000a00320061
:10df64005097200011c0b300014878000700370023
:10df74000000000005003700000000000300370027
:10df8400000000000100370000000000f14a80009a
:10df940000082000008060000000e000080032005b
:10dfa40050972000e04a8800f04a80000000a0005a
:10dfb400f04a88000096200021c0b3000148780090
:10dfc4000080fa00000006000000fa0050258000de
:10dfd400620060000000e000130032005041800045
:10dfe4009040900000c8b30080cf50000d003a006c
:10dff400904180009040900040c8b30080cf500012
:10e0040008003a0050418000c1c0b300114098009c
:10e014005041800051418000914090000174a00063
:10e0240011409800aa24a900000820005024880068
:10e034000080fa00000006000000fa008284a800b4
:10e04400000120005024880010c0b3003be8b70052
:10e054004a68ef000001eb008000eb00500720004d
:10e06400de1607000080fa00000006000000fa0037
:10e074003b68ef000001eb008000eb00400720004c
:10e08400d61607008284a90000012000002488001d
:10e094004a68ef000080fa00000006000000fa0061
:10e0a400d0c2b3003fe8b7003cc8bf000080fb000b
:10e0b4000020a1000000e0001f003a003cc8bf009f
:10e0c4000080fb004200de00004078000080fb007e
:10e0d400c200dd0000a02000008040005041880004
:10e0e4005041800060418800604180000020a2000f
:10e0f40060418800504180009000780000c02300f7
:10e104008080600000402300808f500008003a00a7
:10e1140050418000100090008200200080007800b0
:10e12400d0962000d8d907000b000700080037005c
:10e134003d000700060037003cc8bf000080fb001c
:10e144000020a100e80f500001003a00530007002e
:10e154000080fa00000006000000fa003668ef00b4
:10e164004068ef004368ef004468ef003e68ef004a
:10e174003768ef0090418000914180009140900009
:10e184000174a10011409800904180000020a20079
:10e19400904188009041800091418000914090001e
:10e1a4000174a10011409800904180000020a20059
:10e1b400904188006041800061418000914090005e
:10e1c4000174a10011409800e09520008040eb000c
:10e1d400014878000000eb00004b880040962000c6
:10e1e4008040eb0001487800509620009040780071
:10e1f400e0c06000014878006096200090407800fc
:10e20400e0c0600001487800820007000001eb00d4
:10e214008000eb0030002000701607004cfd070062
:10e224000080fa00000006000000fa0037c8bf00b2
:10e23400e24f500002003a00dcfd070015003700f1
:10e244003768ef003ec8bf000004a2000004e000ed
:10e254000f0032006041800081c0b30001487800a3
:10e2640060418000d1962000110098006041800038
:10e27400c1c0b3001140980060418000614180003a
:10e28400914090000174a0001140980001003700f3
:10e294003e68ef000080fa00000006000200fa0069
:10e2a40090418000100078004e00de006140600064
:10e2b400004f7800904180000020a2009041880027
:10e2c40030418000e80f50000e003a00f096200024
:10e2d400104078008080fb00f00720000080600080
:10e2e400b0248800b02480000000e0000300320065
:10e2f4000001200030418800020037004000200067
:10e304003041880037c8bf00e14f500025003a0073
:10e3140090418000519720001100980068fd07008b
:10e3240036c8bf00e24f500009003a009041800017
:10e3340041c0b30011409800904180009141800099
:10e34400914090000174a000114098002f00370004
:10e354001e4078000004e00009003a00904180006b
:10e3640081c4b30011409800904180009141800025
:10e37400914090000174a0001140980023003700e0
:10e384009041800081c0b30011409800904180000a
:10e3940091418000914090000174a00011409800c8
:10e3a4001a003700409620009040780000c8b3005f
:10e3b40000c060000004e0001300320070962000ea
:10e3c4001080fb00819620009180fb00c808dd00ce
:10e3d400010070000000e000070032007096200089
:10e3e4001080fb00819620009180fb00c808dd00ae
:10e3f4000100700000000100409620009040780069
:10e404000174a100014878003768ef000080fa0029
:10e41400000006000000fa00d096200010407800aa
:10e424000046b2000004e00051003a00e0962000eb
:10e43400104078000080fb00cf80de00b200200096
:10e4440003002000820f5000838f58004a003e00d2
:10e454000060010021003700220037004800370027
:10e464002000370046003700060037000b00370055
:10e474003a0037000d0037000a0037001b00370050
:10e484002a003700f04a80000070a000f04a88009b
:10e4940080002000304188003a00370014fe070055
:10e4a40038003700dafd070036003700808220008c
:10e4b400e04a8800f04a80000000a000f04a88008a
:10e4c4000096200011c0b30001487800f04a800093
:10e4d4000070a000f04a88002a00370053fe0700ad
:10e4e4002800370029000700260037001097200075
:10e4f400104078008080fb00908220000080400063
:10e50400e04a8800f04a80000000a000f04a880039
:10e514000096200011c0b30001487800f04a800042
:10e524000070a000f04a880016003700f04a80000e
:10e534000070a000f04a8800109720001040780076
:10e544000081fb00f096200090407800908220002b
:10e5540000004100014878000a0037000001eb0088
:10e564008000eb00200020009c1507000500370008
:10e574000000000003003700000000000100370025
:10e58400000000000080fa00000006000600fa0007
:10e59400f096200010407800e14f500010003a003f
:10e5a400d0962000104078007f4060000004e00016
:10e5b4000b003a00f04a80000070a000f04a880086
:10e5c400e096200010407800e34f500003003a002a
:10e5d40010c0b3003ae8b700010037003a68ef0012
:10e5e400f0962000104078000004e000f5003a00a6
:10e5f400d0962000104078007f406000e24f500029
:10e60400f0003a0010972000104078006f4060003e
:10e614000004e000eb0032001097200090407800e6
:10e624006fc060000080fb00e10f5000e5003c007b
:10e634003141800000022000808f5000e1003a0048
:10e64400f04a80000070a000f04a88001097200073
:10e654009040780000c8b30000c060000004e000ef
:10e6640010003a0010972000104178006f406100bc
:10e674000080fb0080004000e08220000080400019
:10e68400100f780010972000904078006fc0600051
:10e694000080fb00b196200061407800404798005c
:10e6a4000f00370010972000104178006f40610080
:10e6b4000080fb0080004000208320000080400098
:10e6c400100f780010972000904078006fc0600011
:10e6d4000080fb009196200061407800404798003c
:10e6e4004e409000614060000004e00004003a00e5
:10e6f4001e0078000020a100000f780003003700fe
:10e704001e0078000020a000000f78001097200061
:10e714009040780000c8b30000c060000004e0002e
:10e724000a003a0010972000104178006f40610001
:10e734000080fb009e00780000014000e082200081
:10e7440000004100010878000900370010972000fc
:10e75400904078006fc060000080fb009e0078004d
:10e7640000014000208320000000410001087800df
:10e77400e096200010407800e34f50002c003a004f
:10e784001e007800900078000000280000806000df
:10e794000000e0001900320010972000904078003b
:10e7a40000c8b30000c060000004e0000a003a00a2
:10e7b40010972000104178006f4061008080fb00ba
:10e7c400b096200000804000904078000114a00022
:10e7d4000148780009003700109720009040780025
:10e7e4006fc060008080fb00909620000080400095
:10e7f400904078000114a000014878001e007800c1
:10e8040010409000804078000124a0001e00780091
:10e81400114098001e00780010409000804078005d
:10e824000174a0001e0078001140980065003700b4
:10e834001e0078000020a200000f78001e0078005f
:10e844009000780000002800008060000000e000d4
:10e85400110032001e0078001040900080407800c3
:10e864000174a1001e007800114098001e00780079
:10e8740010409000804078000164a0001e007800e1
:10e8840011409800220020009e00780050002000d3
:10e89400d2140700060037001e00780010409000d4
:10e8a400804078000164a0001e00780011409800a8
:10e8b4001e0078000020a200000f78004e40900057
:10e8c400624060000004e00006003a001e00780088
:10e8d4009000780000002800008060000000e00044
:10e8e40024003200109720009040780000c8b30044
:10e8f40000c060000004e0000a003a001097200005
:10e90400104178006f4061008080fb00b0962000c9
:10e9140000804000904078000114a1000148780074
:10e924000900370010972000904078006fc0600005
:10e934008080fb009096200000804000904078008a
:10e944000114a100014878001e00780010409000d6
:10e95400b2c3b300824060001e00780011409800ea
:10e96400220020009e007800500020009b14070025
:10e97400060037001e00780010409000b2c3b300b8
:10e98400824060001e00780011409800a14a2000d7
:10e9940010972000104178006f4061000080fb0058
:10e9a4000000400000804000100798001e00900006
:10e9b40010407800804078000114a1001e009000ef
:10e9c400014878000080fa00000006000000fa0008
:10e9d400304280004142800061004000e0804800f5
:10e9e40030428800414288003bc8bf000004a200b6
:10e9f4000004e000080032004ac8bf000040e800fc
:10ea04004ae8b7004ac8bf000004e00002003a0028
:10ea140000c0eb004ae8b7000080fa0000000600de
:10ea24000400fa003242800043428000028fbe009c
:10ea340030428000414280001e01be00800f510020
:10ea4400818f5900f7ff3a001e00be000080fa00d3
:10ea5400000006000000fa004e28ef00d1c1b30008
:10ea640010c0b3006bf9070003c4b300428920004f
:10ea74008040eb0010c0b30083f9070060428800b7
:10ea84000080fa00000006000000fa003041800017
:10ea9400ff0f5000dd033600402480006200600058
:10eaa4000000e000db033a00604280000000e00068
:10eab40006003200604280009000780000002800c8
:10eac400008060000000e000d3033a004089200089
:10ead40010407800e54f500086033a0020c8bf007c
:10eae4000004e00001003200c502a90050892000a2
:10eaf400104078000080fb006101b9000080eb0049
:10eb04008080eb0002004000838048004201200026
:10eb140003002000820f5000838f58005f033e00e3
:10eb2400006001001400370067003700a3003700bd
:10eb3400e20037001101370040013700550137006a
:10eb44007e013700a7013700eb0137007f03370050
:10eb54002702370039023700500337004a023700d2
:10eb64006802370087023700a6023700bd0237006b
:10eb7400db023700180337002068ef00c042800032
:10eb84000000e00004003200f0408000e30f500079
:10eb940001003a00c502a800704280000000e000b5
:10eba40006003200704280009000780000002800c7
:10ebb400008060000000e00066033a00408d200001
:10ebc400a1c0b30001487800508d200011c0b300eb
:10ebd40001487800204080004880de0080407800b2
:10ebe400608d20000148780020408000804078003b
:10ebf400708d200001487800104080004800de003d
:10ec040080407800808d200001487800104080000a
:10ec140080407800908d20000148780000408000fa
:10ec24004800de0080407800a08d20000148780074
:10ec34000040800080407800b08d200001487800ba
:10ec4400304080004880de0080407800c08d200085
:10ec5400014878003040800080407800d08d20004a
:10ec640001487800404080004880de008040780001
:10ec7400e08d20000148780040408000804078000a
:10ec8400f08d200001487800504080004880de006c
:10ec940080407800008e20000148780050408000b9
:10eca40080407800108e20000148780003c4b3002f
:10ecb400428d200011c0b30010c0b300f2f8070069
:10ecc400704288004a0337007089200010407800a1
:10ecd4000004e00020003200808920001040780009
:10ece4000080fb0080428800804280004800dd00f4
:10ecf4008042880090892000104078008080fb00ca
:10ed040080428000010070008042880081428000bf
:10ed1400f0ff230000806000804288008042800071
:10ed2400e040880080428000fe0e070020c8bf003b
:10ed34000004a2000004e00004003200f04080005f
:10ed4400e30f500001003a00c502a80010002000a3
:10ed5400c042880003003700c502a9005828ef000c
:10ed64001c28ef00704280000000e0000600320022
:10ed7400704280009000780000002800008060004d
:10ed84000000e000f5023a00408d2000a1c0b3006d
:10ed940001487800508d200021c0b300014878005c
:10eda40003c4b300428d200011c0b30010c0b300ef
:10edb400b5f80700704288000d0337006089200011
:10edc400104078000080fb00804288008042800070
:10edd4004800dd00804288007089200010407800df
:10ede4008080fb0080428000010070008042880027
:10edf40081428000f03f2000008060008042880053
:10ee0400804280008000780020002000bb0c0700b6
:10ee140080892000104078000080fb008042880038
:10ee2400804280004800dd008042880090892000f4
:10ee3400104078008080fb00804280000100700058
:10ee44008042880081428000f03f20000080600002
:10ee540080428800804280008000780030002000da
:10ee6400a60c0700704280000000e000060032009b
:10ee7400704280009000780000002800008060004c
:10ee84000000e000b7023a00408d2000a1c0b300aa
:10ee940001487800508d200031c0b300014878004b
:10eea40003c4b300428d200011c0b30010c0b300ee
:10eeb40075f8070070428800cd0237007089200081
:10eec400104078000004e000140032008089200023
:10eed400104078000080fb00e0428800e04280009f
:10eee4004800dd00e042880090892000104078004e
:10eef4008080fb00e042800001007000e042880056
:10ef0400e142800000e8230000806000e0428800c5
:10ef1400e04280000e0d0700020037000000eb0005
:10ef24000b0d0700704280000000e0000600320074
:10ef3400704280009000780000002800008060008b
:10ef44000000e00089023a00408d2000a1c0b30017
:10ef540001487800508d200041c0b300014878007a
:10ef640003c4b300428d200011c0b30010c0b3002d
:10ef740045f80700704288009d0237007089200020
:10ef8400104078000004e000140032008089200062
:10ef9400104078000080fb00f0428800f0428000be
:10efa4004800dd00f042880090892000104078007d
:10efb4008080fb00f042800001007000f042880075
:10efc400f142800000e8230000806000f0428800e5
:10efd400f0428000990d0700020037000000eb00aa
:10efe400960d0700704280000000e0000600320029
:10eff40070428000900078000000280000806000cb
:10f004000000e0005b023a00408d2000a1c0b30084
:10f0140001487800508d200051c0b30001487800a9
:10f0240003c4b300428d200011c0b30010c0b3006c
:10f0340015f80700704288006d02370070428000a6
:10f044000000e0000600320070428000900078006a
:10f0540000002800008060000000e00047023a0041
:10f06400408d2000a1c0b30001487800508d2000dd
:10f0740061c0b3000148780003c4b300428d20008e
:10f0840011c0b30010c0b300fff70700704288003e
:10f09400570237005228ef000a00370090428000e0
:10f0a400914280008180e8004289200062c178009a
:10f0b4004191200082707800904280000000e800b6
:10f0c4009042880090428000e90f5000f3ff340022
:10f0d400a2c0b3004191200060002000f8060700a0
:10f0e40090428800704280000000e0000600320078
:10f0f40070428000900078000000280000806000ca
:10f104000000e0001f023a00408d2000a1c0b300bf
:10f1140001487800508d200071c0b3000148780088
:10f1240003c4b300428d200011c0b30010c0b3006b
:10f13400d5f70700704288002d0237007042800026
:10f144000000e00006003200704280009000780069
:10f1540000002800008060000000e0000b023a007c
:10f16400a2c0b30041912000600020006e06070099
:10f17400904288005228ef000a0037009042800035
:10f184000080e800914280004291200062c1780032
:10f19400418d200082707800904280000000e800d9
:10f1a4009042880090428000e90f5000f3ff340041
:10f1b400408d2000a1c0b30001487800508d20008c
:10f1c40081c0b3000148780003c4b300428d20001d
:10f1d40011c0b30010c0b300abf707007042880041
:10f1e4000302370060892000104078000080fb0093
:10f1f400a0428800a04280004800dd00a0428800b0
:10f2040070892000104078008080fb00a0428000bc
:10f2140001007000a042880090892000104078000e
:10f2240056e8b700704280000000e000060032009b
:10f234007042800090007800000028000080600088
:10f244000000e000d3013a0061852000914078007d
:10f25400a04280000141780041912000320607005d
:10f26400904288005228ef000a0037009042800044
:10f2740064004000914280004291200062c1780005
:10f28400418d200082707800904280000000e800e8
:10f294009042880056c8bf008080fb0090428000e6
:10f2a400808f5000f1ff3c00408d2000a1c0b300ce
:10f2b40001487800508d200091c0b30001487800c7
:10f2c400608d20008040eb000148780061852000bb
:10f2d40091407800708d20000148780003c4b30089
:10f2e400428d200011c0b30010c0b30066f70700c0
:10f2f40070428800be013700608920001040780009
:10f304000080fb00a0428800a04280004800dd008d
:10f31400a042880070892000104078008080fb00a3
:10f32400a042800001007000a04288009089200063
:10f334001040780056e8b7005228ef000a00370062
:10f344009042800091428000e48040004289200085
:10f3540062c1780041912000827078009042800060
:10f364000000e8009042880056c8bf008080fb007f
:10f3740090428000808f5000f1ff3c0061852000a6
:10f3840091407800a0428000014178004191200022
:10f394004b06070090428800704280000000e000a5
:10f3a40006003200704280009000780000002800bf
:10f3b400008060000000e00078013a00408d2000e9
:10f3c400a1c0b30001487800508d2000a1c0b30053
:10f3d4000148780003c4b300428d200011c0b3007b
:10f3e40010c0b30028f7070070428800800137007e
:10f3f400704280000000e00006003200704280008d
:10f404009000780000002800008060000000e00008
:10f4140064013a00408d200011c8b300014878000f
:10f4240003c4b300428d200011c0b30010c0b30068
:10f4340015f70700704288006d01370070428000a4
:10f444000000e00006003200704280009000780066
:10f4540000002800008060000000e00053013a0032
:10f46400408d200071c3b3000148780003c4b30089
:10f47400428d200011c0b30010c0b30002f7070092
:10f48400704288005a013700704280000000e0009a
:10f4940006003200704280009000780000002800ce
:10f4a400008060000000e00042013a00408d20002e
:10f4b400a1c0b30001487800508d2000f1c0b30012
:10f4c40001487800802f85004800de0080407800e5
:10f4d400608d200001487800802f850080407800ee
:10f4e400708d20000148780003c4b300428d2000d1
:10f4f40011c0b30010c0b300e3f6070070428800e7
:10f504003b013700409120008040eb000148780027
:10f514005091200080c0eb000148780022c0b30065
:10f5240041912000e0002000e505070070428000c2
:10f534000000e00006003200704280009000780075
:10f5440000002800008060000000e0001b013a0079
:10f55400408d2000a1c0b30001487800508d2000e8
:10f5640001c1b3000148780003c4b300428d2000f8
:10f5740011c0b30010c0b300c3f607007042880086
:10f584001b01370001102000200020008e0307001b
:10f594000010270021002000151207008000eb0056
:10f5a40020002000880307001e28ef00704280001e
:10f5b4000000e000060032007042800090007800f5
:10f5c40000002800008060000000e000fd003a0018
:10f5d400408d2000a1c0b30001487800508d200068
:10f5e40011c1b3000148780003c4b300428d200068
:10f5f40011c0b30010c0b300a3f607007042880026
:10f60400fb0037009d07070073f10700704280007c
:10f614000000e00006003200704280009000780094
:10f6240000002800008060000000e000e7003a00cd
:10f63400408d2000a1c0b30001487800508d200007
:10f6440021c1b3000148780003c4b300428d2000f7
:10f6540011c0b30010c0b3008bf6070070428800dd
:10f66400e30037007089200010407800e14f50001b
:10f6740004003a0010c0b30064e8b7006568ef0006
:10f68400010037006468ef00704280000000e00071
:10f6940006003200704280009000780000002800cc
:10f6a400008060000000e000ca003a00408d2000a5
:10f6b400a1c0b30001487800508d200031c1b300cf
:10f6c4000148780003c4b300428d200011c0b30088
:10f6d40010c0b3006cf6070070428800c400370005
:10f6e400005228009402070060e8b7001052280076
:10f6f4009102070061e8b700205228008e0207003b
:10f7040062e8b700305228008b02070063e8b700b4
:10f71400704280000000e000060032007042800069
:10f724009000780000002800008060000000e000e5
:10f73400aa003a00408d2000a1c0b300014878001f
:10f74400508d200041c1b30001487800608d200035
:10f754008040eb0001487800018620009140780049
:10f76400708d200001487800808d20008040eb00df
:10f77400014878001186200091407800908d200087
:10f7840001487800a08d20008040eb0001487800fb
:10f794002186200091407800b08d20000148780037
:10f7a400c08d20008040eb000148780031862000a5
:10f7b40091407800d08d20000148780003c4b30044
:10f7c400428d200011c0b30010c0b3002ef6070014
:10f7d400704288008600370070892000104078004d
:10f7e4000080fb00e10f50000d003200e10f5000db
:10f7f40003003c000000e000060032001100370066
:10f80400e20f500009003200e30f50000a003200fa
:10f814000c0037000000eb00220d07000900370040
:10f82400100020001f0d07000600370020002000f4
:10f834001c0d07000300370030002000190d0700dd
:10f8440000000000704280000000e000060032006a
:10f854007042800090007800000028000080600062
:10f864000000e0005f003a00408d2000a1c0b3001a
:10f8740001487800508d200051c1b3000148780040
:10f8840003c4b300428d200011c0b30010c0b30004
:10f89400fdf5070070428800550037007042800073
:10f8a4000000e00006003200704280009000780002
:10f8b40000002800008060000000e0004b003a00d7
:10f8c400408d2000a1c0b30001487800508d200075
:10f8d40080c0eb000148780003c4b300428d2000cf
:10f8e40011c0b30010c0b300e7f5070070428800f0
:10f8f4003f003700704280000000e0000600320044
:10f9040070428000900078000000280000806000b1
:10f914000000e00036003a00408d2000a1c0b30092
:10f9240001487800508d200080c0eb000148780029
:10f9340003c4b300428d200011c0b30010c0b30053
:10f94400d1f507007042880029003700000000004c
:10f9540027003700000000002500370000000000e9
:10f9640023003700000000002100370000000000e1
:10f974001f003700000000001d00370000000000d9
:10f984001b003700000000001900370000000000d1
:10f9940017003700000000001500370000000000c9
:10f9a40013003700000000001100370000000000c1
:10f9b4000f003700000000000d00370000000000b9
:10f9c4000b003700000000000900370000000000b1
:10f9d40007003700000000000500370000000000a9
:10f9e40003003700000000000100370000000000a1
:10f9f40003c4b300428920008040eb0010c0b30070
:10fa0400a1f50700604288000300370000000000f1
:10fa140001003700000000000080fa00000006002a
:10fa24000200fa00000f780000000000b01080000f
:10fa3400ff006000c01080001e0060000100700024
:10fa44000000e000f9ff3a000080fa000000060020
:10fa54000000fa00d0092000a0108800000028004f
:10fa6400b01088001822ef008a40a9009a40a8002c
:10fa74000080fa00000006000400fa00000f78007d
:10fa8400110798007e28ef0030002400e4ff0700ef
:10fa94001602a80030002400e1ff0700f0438000b4
:10faa400e10f500002003a000080eb00180037001c
:10fab40010002000e04388001e0078000040780019
:10fac40000404000804078001e0090000040780014
:10fad40000c040000080fb0090108800000000007f
:10fae400e04380000000e000fdff3a00f0438000a6
:10faf400e10f500002003a000080eb0004003700e0
:10fb0400c01080004f00de00004078000080fb0041
:10fb14000080fa00000006000400fa00000f7800dc
:10fb2400110798007e28ef0030002400bcff070076
:10fb34001622a80030002400b9ff0700f04380001b
:10fb4400e10f500002003a000080eb00180037007b
:10fb540010002000e04388001e0078000040780078
:10fb640000404000804078001e0090000040780073
:10fb740000c040000080fb009010880000000000de
:10fb8400e04380000000e000fdff3a00f043800005
:10fb9400e10f500002003a000080eb00040037003f
:10fba400c01080004f00de00004078000080fb00a1
:10fbb4000080fa00000006000000fa007e28ef0032
:10fbc4003000240096ff07001642a800f04380008e
:10fbd400e10f500002003a000080eb000100370002
:10fbe4000000eb000080fa00000006000200fa00aa
:10fbf400004f78007e28ef001000240088ff0700e3
:10fc0400f0438000e10f500002003a000080eb0056
:10fc14001100370010002000e04388001e80fb0024
:10fc24009010880000000000e04380000000e00025
:10fc3400fdff3a00f0438000e10f500002003a005b
:10fc44000080eb0004003700c01080004f00de008d
:10fc5400004078000080fb000080fa0000000600ed
:10fc64000400fa00100798007e28ef00200024000a
:10fc74006bff07001662a80000000000c01080009f
:10fc84006200600000f0a7000000ea000000e90044
:10fc94004f00de0080407800b010800068006000f3
:10fca40000f0a7000000ea000000ea004f00de00b8
:10fcb4000040780000c070000004e000efff3a004c
:10fcc400f0438000e10f500002003a000080eb0096
:10fcd4001500370081108000010f780020002000fb
:10fce4004fff0700f0438000e10f500002003a008c
:10fcf4000080eb000c0037001e00900000407800ec
:10fd0400614060000080fb00610060004500dd0090
:10fd1400b11080000150a10001007000b0108800f3
:10fd24001682a8001e0078000080fa000000060079
:10fd34001000fa0040079800214f980062079800cd
:10fd4400634f98000000eb0030079800370037003d
:10fd54008000eb004e00900047ff0700000f780082
:10fd64001e0078000000e00026003a002e489000b3
:10fd74009eff0700110020004e00900066ff070060
:10fd8400000f78001e0078000000e0001d003a001b
:10fd94001000200010079800150037006e489000ee
:10fda4008080fb001e009000808f500003003a000a
:10fdb4001000200020079800020037000000eb002c
:10fdc400200798002e009000a5ff070080407800cf
:10fdd4006e009000014878006e0090000000e8007a
:10fde400600798001e0090000000e80010079800cb
:10fdf4006e4890008080fb001e009000808f5000b1
:10fe0400e6ff3d006cff07001e007800e10f400094
:10fe14000a003a0000a0260081012000f40f070028
:10fe24003e0090000000e800300798003e0090007b
:10fe3400ee0f5000c6ff3400010037000000000040
:10fe44001e0078000080fa00000006000e00fa0090
:10fe540030079800014f980052079800434f9800cc
:10fe64000000eb0020079800240037008000eb001e
:10fe74003e00900000ff0700000f78001e0078008d
:10fe84000000e00013003a000e48900057ff0700fe
:10fe94000000eb0010079800090037005e00900096
:10fea4001040780051ff07005e0090000000e80059
:10feb400500798001e0090000000e800100798000a
:10fec4004e4890008080fb001e009000808f500000
:10fed400f2ff3c0038ff07001e007800e10f4000ed
:10fee4000a003a0000a0260081012000c00f07008c
:10fef4002e0090000000e800200798002e009000db
:10ff0400ee0f5000d9ff340001003700000000005c
:10ff14001e0078000080fa00000006001000fa00bd
:10ff24005007980061079800624f98005e009000a7
:10ff3400004f98005e0090004800de00104f9800cb
:10ff44000000eb0030079800390037008000eb0018
:10ff5400f0002000c8fe0700000f78001e007800a3
:10ff64000000e00028003a001e4890001fff070030
:10ff74000e4890001dff070011002000f000200033
:10ff8400e5fe0700000f78001e0078000000e00086
:10ff94001d003a00100020001007980015003700db
:10ffa4006e4890008080fb001e009000808f5000ff
:10ffb40003003a00100020002007980002003700d8
:10ffc4000000eb00200798002e00900024ff07009b
:10ffd400804078006e009000014878006e00900028
:10ffe4000000e800600798001e0090000000e80090
:10fff400100798006e4890008080fb001e0090005f
:020000040001f9
:10000400808f5000e6ff3d00ebfe07001e007800e5
:10001400e10f40000a003a0000a026008101200000
:10002400730f07003e0090000000e80030079800be
:100034003e009000ee0f5000c4ff34000100370072
:10004400000000001e0078000080fa000000060096
:100054000e00fa004007980051079800424f98009c
:100064004e009000604798004e0090004800de006b
:10007400704798000000eb00200798002600370026
:100084008000eb00f00020007bfe0700000f7800ea
:100094001e0078000000e00015003a007e40900049
:1000a400d2fe07006e409000d0fe07000000eb0077
:1000b40010079800090037005e0090001040780097
:1000c400cafe07005e0090000000e8005007980098
:1000d4001e0090000000e800100798004e489000b1
:1000e4008080fb001e009000808f5000f2ff3c00d7
:1000f400b1fe07001e007800e10f40000a003a003c
:1001040000a0260081012000390f07002e00900076
:100114000000e800200798002e009000ee0f500029
:10012400d7ff340001003700000000001e007800f3
:100134000080fa00000006000600fa00200798007c
:100144000e80e80012c0b300800078002e009000fa
:1001540072ff0700000f78002e4090000080fa0024
:10016400000006000a00fa004007980066004700f5
:1001740022c0b300800078004e00900067ff0700a3
:10018400000f78007e4090000080fb00100798006c
:100194001e0090004800dd00100798006e4090009b
:1001a4000080fb0020079800ae009000f00f2000b4
:1001b40000806000200798009e0090002e009000b0
:1001c40001007000100798001e0090000080fa00e3
:1001d400000006001c00fa00889fbe008a9fbe0033
:1001e4008c9fbe00500f98007600470042c0b300b9
:1001f400800078005e08900048ff0700000f780038
:100204001e5890000080fb008000eb00100798004f
:10021400210798001e009000ae009000c800dd0089
:100224000000200010079800210798000e58900045
:100234000080fb008000eb00300798004107980025
:100244003e009000ce009000c001dd0002002000be
:1002540000002000f10f2000020278000301780062
:100264008001780081007800030062008100610051
:1002740081067800000678000c00be003007980064
:10028400410798007e5090000080fb008000eb0046
:1002940050079800610798005e009000ee009000ff
:1002a4004809dd00c801de00830171004801dd005a
:1002b400f0ff2f0001002000020278000301780003
:1002c40080017800810078000300620081006100f1
:1002d40081057800000578000a00be0050079800e8
:1002e400610798006e5090000080fb008000eb00d6
:1002f40070079800010f98007e0190008e0990000d
:10030400f00f2000010020000202780003017800b1
:1003140080017800810078000300620081006100a0
:1003240081047800000478000800be00700798007b
:10033400010f98001e019000ae0190003e00900055
:10034400ce00900000017100818171005e00900078
:10035400ee00900000017100818171007e00900028
:100364008e0890000000710081807100100f9800c9
:10037400210f98001e089000ae0890004f06be00a2
:100384004f05be004f04be000080fa0000000600c6
:100394000800fa002007980061479800ee4090009a
:1003a400214798000e80e80012c0b3008000780056
:1003b4002e00900026ff0700000f78001e00780032
:1003c4000080fa00000006000800fa0020079800e8
:1003d400310798003e0090000040780020479800c4
:1003e4003e0090004800de0000407800304798004e
:1003f4000e80e80022c0b300800078002e00900038
:1004040013ff0700000f78001e0078000080fa0038
:10041400000006000c00fa0030079800420798001c
:10042400530798004e009000004078002047980041
:100434004e009000de0090004809dd004800de0018
:1004440000007100c808de000040780030479800c2
:100454004e009000de0090004008de00004078006e
:10046400404798004e009000de0090004808de00ef
:1004740000407800504798000e80e80042c0b30066
:10048400800078003e009000f1fe0700000f780025
:100494001e0078000080fa00000006000400fa0044
:1004a400100798000000eb00000f780007003700e9
:1004b400007122009e007800808f500002003400fa
:1004c400100020000a0037001e0fe80030108000e2
:1004d400ff006000421080001e00900000006100d8
:1004e400010070000000e000f1ff3a000000eb00a2
:1004f4000080fa00000006000000fa00d009200085
:100504002010880000002800301088000822ef0026
:100514008620a9009620a8000080fa0000000600aa
:100524000400fa00000f7800110798007a28ef0001
:1005340030002400d9ff0700e10f500002003a0008
:10054400e0ff2f00240037000602a800300024003a
:10055400d2ff0700e10f500002003a00e0ff2f0035
:100564001d003700d0438000e10f500002003a0024
:100574000080eb001800370010002000c043880002
:100584001e00780000407800004040008040780061
:100594001e0090000040780000c040000080fb0076
:1005a4001010880000000000c04380000000e0003c
:1005b400fdff3a00d0438000e10f500002003a00f2
:1005c4000080eb0004003700401080004f00de0084
:1005d400004078000080fb000080fa000000060064
:1005e4000400fa00000f7800110798007a28ef0041
:1005f40030002400a9ff0700e10f500002003a0078
:10060400e0ff2f00240037000622a8003000240059
:10061400a2ff0700e10f500002003a00e0ff2f00a4
:100624001d003700d0438000e10f500002003a0063
:100634000080eb001800370010002000c043880041
:100644001e007800004078000040400080407800a0
:100654001e0090000040780000c040000080fb00b5
:100664001010880000000000c04380000000e0007b
:10067400fdff3a00d0438000e10f500002003a0031
:100684000080eb0004003700401080004f00de00c3
:10069400004078000080fb000080fa0000000600a3
:1006a4000000fa007a28ef00300024007bff0700e6
:1006b400e10f500002003a00e0ff2f00070037006e
:1006c4000642a800d0438000e10f500002003a0027
:1006d4000080eb00010037000000eb000080fa000e
:1006e400000006000200fa00004f78007a28ef00ac
:1006f4001000240069ff0700e10f500002003a00d7
:10070400e0ff2f0016003700d0438000e10f5000b7
:1007140002003a000080eb001100370010002000b6
:10072400c04388001e80fb001010880000000000f9
:10073400c04380000000e000fdff3a00d043800089
:10074400e10f500002003a000080eb000400370083
:10075400401080004f00de00004078000080fb0065
:100764000080fa00000006000800fa002007980044
:10077400310798003e0090008000eb0001087800eb
:100784007a28ef002000240044ff0700e20f400015
:1007940005003a003e009000e1ff2f0001087800b8
:1007a4000080eb00460037000662a8000000eb0062
:1007b400000f78000a003700007122009e007800c4
:1007c400808f5000050034003e009000e1ff2f00b0
:1007d400010878000080eb00390037001e0fe800a4
:1007e400401080006200600000f0a7000000ea00f2
:1007f4000000e9004f00de008040780030108000e7
:100804006800600000f0a7000000ea000000ea00b1
:100814004f00de000040780000c070000004e000db
:10082400e5ff3a00d0438000e10f500005003a0094
:100834003e0090008080eb00010878000080eb000f
:100844001f003700011080001107980020002000cd
:1008540012ff0700e20f400005003a003e0090003e
:10086400e1ff2f00010878000080eb00140037003e
:10087400d0438000e10f500005003a003e00900094
:100884008080eb00010878000080eb000c0037004a
:100894002e00900000407800614060000080fb0062
:1008a400610060004500dd00311080000150a100ae
:1008b40001007000301088000682a8001e0090001d
:1008c4000080fa00000006001200fa0050079800a9
:1008d400414f980072079800035798000000eb00fe
:1008e40030079800540037008000eb005e00900051
:1008f4000bff0700000f78001e0078000000e000e6
:100904003b003a004e48900076ff0700000f780045
:100914001e0078000000e00035003a0011002000bd
:100924005e0090002eff0700000f78001e00780084
:100934000000e0002e003a0010002000100798008c
:10094400260037000e5090008080fb001e009000af
:10095400808f500003003a00100020002007980008
:10096400020037000000eb00200798002e009000e2
:10097400e80047007cff0700804078007e0090007c
:10098400014878004e0090000000e00004003a00a6
:100994007e0090000000e800700798000c0037000b
:1009a4004e009000e10f400003003a000080eb008d
:1009b400000f78000e0037004e009000e20f400058
:1009c40003003a00e0ff2f00000f78000800370012
:1009d4001e0090000000e800100798000e509000e0
:1009e4008080fb001e009000808f5000d5ff3d00ea
:1009f4002bff07001e007800e10f400007003a00bb
:100a040000a0260081012000f90c07003e009000a0
:100a14000000e80030079800070037001e00780047
:100a2400e20f400008003a007e0090008040eb0096
:100a340001487800050037003e009000ee0f50009a
:100a4400a9ff340001003700000000001e007800f8
:100a54000080fa00000006000e00fa00300798003b
:100a6400014f980052079800434f98000000eb0094
:100a740020079800240037008000eb003e0090001f
:100a8400a7fe0700000f78001e0078000000e000b9
:100a940013003a000e48900012ff07000000eb001c
:100aa40010079800090037005e009000104078009d
:100ab4000cff07005e0090000000e800500798005b
:100ac4001e0090000000e800100798004e489000b7
:100ad4008080fb001e009000808f5000f2ff3c00dd
:100ae400effe07001e007800e10f40000a003a0004
:100af40000a0260081012000bd0c07002e009000fc
:100b04000000e800200798002e009000ee0f50002f
:100b1400d9ff340001003700000000001e007800f7
:100b24000080fa00000006001200fa006007980036
:100b340071079800025798006e009000004f9800cb
:100b44006e0090004800de00104f98000000eb009b
:100b540030079800520037008000eb007005200039
:100b64006ffe0700000f78001e0078000000e00010
:100b740039003a001e489000dafe07000e48900043
:100b8400d8fe0700110020007005200094fe070025
:100b9400000f78001e0078000000e0002e003a00ec
:100ba4001000200010079800260037000e50900017
:100bb4008080fb001e009000808f500003003a00ec
:100bc4001000200020079800020037000000eb000e
:100bd400200798002e009000ea004700e2fe07007c
:100be400804078007e009000014878005e0090000c
:100bf4000000e00004003a007e0090000000e800dd
:100c0400700798000c0037005e009000e10f400070
:100c140003003a000080eb00000f78000e0037005c
:100c24005e009000e20f400003003a00e0ff2f0056
:100c3400000f7800080037001e0090000000e80054
:100c4400100798000e5090008080fb001e0090005a
:100c5400808f5000d5ff3d0091fe07001e007800f4
:100c6400e10f400007003a0000a0260081012000a7
:100c74005f0c07003e0090000000e8003007980079
:100c8400070037001e007800e20f400008003a0019
:100c94007e0090008040eb0001487800050037009a
:100ca4003e009000ee0f5000abff3400010037000f
:100cb400000000001e0078000080fa00000006001a
:100cc4000e00fa004007980051079800424f980020
:100cd4004e009000604798004e0090004800de00ef
:100ce400704798000000eb002007980026003700aa
:100cf4008000eb007005200009fe0700000f78005b
:100d04001e0078000000e00015003a007e409000cc
:100d140074fe07006e40900072fe07000000eb00b6
:100d240010079800090037005e009000104078001a
:100d34006cfe07005e0090000000e8005007980079
:100d44001e0090000000e800100798004e48900034
:100d54008080fb001e009000808f5000f2ff3c005a
:100d64004ffe07001e007800e10f40000a003a0021
:100d740000a02600810120001d0c07002e00900019
:100d84000000e800200798002e009000ee0f5000ad
:100d9400d7ff340001003700000000001e00780077
:100da4000080fa00000006000000fa000600fc00c3
:100db40011028000f141b200110288000080fa00a3
:100dc400000006000000fa007a090700290907005c
:100dd400d04088001a28ef000628ef000828ef000a
:100de4000a28ef007068ef007168ef007268ef0086
:100df4007368ef002228ef002428ef000080fa0037
:100e0400000006000e00fa00881f780070c8bf00ba
:100e1400f44f5000640036000040eb00004f7800af
:100e2400090037001e04fb00e6080700e13f20002c
:100e3400810060000801440040932000000041004c
:100e4400010878001e4fe8001e407800e94f50006a
:100e5400f4ff34000040eb00004f7800300037000e
:100e64001e4078000040e800104798002800370032
:100e74001e00fb00800040004093200000804000e2
:100e8400900078001e4090000000fb00000140002c
:100e9400409320000000410010007800808f500033
:100ea400180036001e00fb00800040004093200024
:100eb4000080400010007800200798001e00fb000e
:100ec4009e4090008100fb0001814000419320007e
:100ed400810041009100780000014000409320000f
:100ee40000004100010878001e4090000000fb0053
:100ef400ae0090000001400040932000000041003b
:100f0400010878001e4090000040e8001047980057
:100f14001e409000e94f5000d5ff34001e4fe800fa
:100f24001e407800e94f5000cdff34000c28ef003c
:100f340020c0b300004f7800090037001e00fb00fa
:100f44008000400040932000008040009000780022
:100f54006040800000804000604088001e4fe80030
:100f64001e407800e74f5000f4ff340061408000d9
:100f7400b0aa2a000008b8004208de001007980052
:100f84009e009000803e2000808f500002003600ba
:100f9400803e2000100798009e00900001408800c9
:100fa4007068ef000c28ef0071c8bf00f44f5000c8
:100fb4005c0036000040eb00004f78000900370069
:100fc4001e04fb0095080700e13f2000810060003b
:100fd400080144004093200000004100010878000b
:100fe4001e4fe8001e407800e94f5000f4ff340023
:100ff4000040eb00004f7800300037001e407800be
:101004000040e80010479800280037001e00fb004d
:101014008000400040932000008040009000780051
:101024001e4090000000fb0000014000409320009f
:101034000000410010007800808f50001800360036
:101044001e00fb0080004000409320000080400010
:1010540010007800200798001e00fb009e409000be
:101064008100fb0001814000419320008100410088
:1010740091007800000140004093200000004100ee
:10108400010878001e4090000000fb00ae009000b4
:101094000001400040932000000041000108780056
:1010a4001e4090000040e800104798001e40900049
:1010b400e94f5000d5ff34001e4fe8001e40780071
:1010c400e94f5000cdff34000c28ef0020c0b300de
:1010d400004f7800090037001e00fb00800040002c
:1010e4004093200000804000900078006040800021
:1010f40000804000604088001e4fe8001e407800d9
:10110400e74f5000f4ff340061408000b0aa2a0089
:101114000008b8004208de00104088007168ef0043
:101124000c28ef0072c8bf00f44f50001c003600ba
:101134001028ef001228ef000040eb00004f780069
:101144000c003700e0802000a0080700300798005a
:10115400704080006101b9008040800091408000af
:10116400020040008380480080408800914088004d
:101174001e4fe8001e407800e24f5000f1ff34009b
:101184008040800091408000320020000300200055
:10119400fecb070000007800204088007268ef0052
:1011a40073c8bf00e24f500043003600d0408000b7
:1011b4000000e00040003a000040eb0010479800b7
:1011c4001428ef001628ef001828ef000040eb0069
:1011d400004f7800160037006c014700ea00470012
:1011e400680047005c0807000000e0000f003a00b8
:1011f400a14080004e00900000804000a040880084
:10120400b14080005e00900000804000b040880043
:10121400c14080006e00900000804000c040880003
:101224001e4090000040e800104798001e4fe80060
:101234001e407800e34f5000e7ff34001e4090004a
:101244000004e00006003a000628ef000828ef003a
:101254000a28ef000080eb00d0408800150037001a
:10126400a14080001e4090000000fb0000017800b7
:10127400110009008200d80030408800b14080008d
:101284001e4090000000fb000001780011000900de
:101294008200d80040408800c14080001e40900079
:1012a4000000fb0000017800110009008200d80052
:1012b400504088007368ef004f0478000080fa0003
:1012c400000006000800fa00fb090700f805070003
:1012d40005060700730a0700980a07000000eb00e0
:1012e400d10a070010ee070063f00700a506070007
:1012f40081fc07005707070033050700bc030700fc
:10130400760407003c090700d0080700d0f907005d
:10131400ad0a0700a4fe0700aafe07006300070049
:101324001009070000e823000904070000e823006f
:10133400c20407006500470022c0b30080007800a3
:10134400e0002000f8fd0700000f78000040eb00eb
:101354003047980000c0eb0040479800de40900002
:101364003e40900080cf500006003a00ee409000ce
:101374004e40900080cf500002003a001000200040
:10138400010037000000eb00204798002e40900039
:101394000004e000120032000040eb0050479800c7
:1013a4000040eb00604798006500470022c0b3008e
:1013b40080007800e000200041fe0700000f780064
:1013c4006500470022c0b30080007800e0002000e0
:1013d400d5fd0700000f7800010037000000000071
:1013e40088fe0700a8f5070074c8bf000004e000e9
:1013f4001d003200204180000000e80020418800e8
:1014040020418000f40f500010003600114180008c
:1014140040062000808f50000300360010c0b30047
:101424002700070007003700114180004006200014
:10143400808f500003003e00104180000000e8004f
:10144400104188002428ef00060037001141800075
:1014540040062000808f5000020036000040eb0060
:10146400170007007468ef0020c8bf000004e00004
:10147400daff3200c502a900d9ff37000000fa00e4
:101484000120200020002000cffb070000102700cf
:1014940021002000560a07008000eb0020002000f5
:1014a400c9fb07000080fa00000006000000fa00f3
:1014b400d90507001e28ef000080fa00000006008e
:1014c4000400fa0020479800f0408000e10f50002b
:1014d4000e003200e10f500005003900e20f500009
:1014e40015003200e30f5000240032008c00370056
:1014f400e7e5070011c0b30000602800a4fb070063
:1015040010002000f04088008500370066e90700dd
:10151400000f78001e0078000000e0007b0032001d
:1015240061e90700000f7800a2e90700200020000d
:10153400f04088007a0037005be90700000f78006c
:101544008828ef00100820009e006000100820008a
:10155400808f500007003a009fe907008040eb00ad
:10156400006028008afb070030002000f04088005b
:101574006b003700c502a900690037002e409000b7
:101584000004e00038003200c04280000000e000a7
:101594000700320020c8bf000004a2000004e000dd
:1015a40002003200c502a80001003700c502a900ec
:1015b40064c8bf000004e0000800320065c8bf0032
:1015c4000004a2000004e00004003200bbe30700b2
:1015d40010c0b30065e8b7002100370064c8bf003d
:1015e4000004a2000004e0001d00320065c8bf0032
:1015f4000004e0001a0032006568ef001e28ef00c6
:1016040020ed070016ed0700c502a900cc82a90051
:10161400d462a800c4e2a900d4c2a80000e8230050
:1016240001002000f2090700d4c2a90000642000d0
:1016340001002000ee090700c4e2a80000e823002e
:1016440001002000ea090700d462a90000d02700a5
:1016540001002000e6090700cc82a8003000370012
:10166400e040800013ed070065c8bf000004e000ff
:1016740028003a000ce90700000f78008828ef00e2
:101684009e007800628060000000e00004003a00e0
:101694009e007800618060000000e0000a003a00cb
:1016a40011c0b3000060280039fb070010002000bf
:1016b400f0408800f3ec0700e9ec0700c502a9003c
:1016c40000000000160037009e007800688060006b
:1016d4000000e00004003a00000820001e00600042
:1016e4000000e0000d003a0011c0b30000602800c3
:1016f40027fb070010002000f0408800e1ec070001
:10170400d7ec0700c502a90005003700000000005f
:101714000300370000000000010037000000000053
:101724000080fa00000006000a00fa0040012000d0
:101734008cfa0700000f7800a001200089fa070046
:10174400204798002e409000614060003047980088
:101754002050280078fa07004047980010c0b300d2
:1017640040479800b050280073fa0700504798008b
:101774000052280070fa0700604798006e409000fd
:101784000080fb00400798004e0090000080fa00a3
:10179400000006000200fa0000448000e30f50003d
:1017a40065003200e30f500007003c00e10f5000d9
:1017b40041003200e10f50004a003c000000e0000c
:1017c4000800320093003700e50f50008a00320011
:1017d400e50f500066003500e60f50006800320047
:1017e4008c003700ded70700f1d320006001200011
:1017f400f5fa070011c0b300a0542800e4fa07006a
:101804008000eb0020002000effa0700000a20000f
:1018140001002000760907004001200051fa07006a
:10182400a00120004ffa07002050280042fa0700c8
:10183400b050280040fa0700005228003efa070082
:10184400f1f3200060012000dffa070080c0eb0004
:1018540020502800cefa070080c0eb00b0502800ca
:10186400cbfa0700f1f3200040012000d6fa07006c
:10187400adff0700000f78001e00780061006000d3
:10188400004078000004e000030032002000200043
:101894000044880005003700f15320006001200057
:1018a400c9fa07001000200000448800300020001e
:1018b40000448800570037009bff0700000f7800a2
:1018c4001e00780061006000004078000004e00021
:1018d4000200320010002000004488008228ef003b
:1018e4004c003700f153200060012000b6fa0700d5
:1018f40011c0b300a0542800a5fa07008000eb0033
:1019040020002000b0fa0700000a20000100200097
:101914003709070010448000e10f500003003a002b
:1019240040002000004488003a00370030002000c6
:1019340000448800370037007bff0700000f780061
:101944001e00780061006000004078000004e000a0
:101954002b003200000820001e0060000000e000a0
:10196400290032004000200000448800290037008c
:1019740013db0700600020000044880025003700c6
:1019840001ccb3000054280081fa070021c1b30040
:10199400105428007efa070001ccb300c0a0280030
:1019a4007bfa070021c1b300d0a0280078fa070011
:1019b40031c3b3003059280075fa07005aff0700f5
:1019c400000f7800000820001e0060000000e00006
:1019d40002003a0030002000004488009e00780095
:1019e400618060000000e00009003a0056de070054
:1019f4008028ef00070037000000000005003700d2
:101a04000000000003003700000000000100370060
:101a1400000000000080fa00000006000000fa0048
:101a2400a60007003ac8bf000004e000010032002d
:101a34003bc8bf000040fe0051248000000220008b
:101a4400008060000000e00002003a0010c0b30013
:101a540041000700d200070010c0b3000080fa0064
:101a6400000006000000fa003ac8bf000004e000cd
:101a7400360032003bc8bf000004e00033003200ef
:101a840040248000620060000000e0000100320099
:101a94008824a900750007000004200000248800a1
:101aa4000000000001248000000420000080600089
:101ab4000000e000fbff3200000420000024880046
:101ac4000000000001248000000420000080600069
:101ad4000000e000fbff3200000420000024880026
:101ae4000000000001248000000420000080600049
:101af4000000e000fbff32009444a8000004200032
:101b0400002488000000000001248000000420005c
:101b1400008060000000e000fbff320000042000b1
:101b2400002488000000000001248000000420003c
:101b3400008060000000e000fbff32009444a90034
:101b44005700070010c0b300010037000040eb004d
:101b54000080fa00000006000400fa002047980004
:101b640040248000610060000000e0000b003200af
:101b740040248000620060000000e00007003a009a
:101b84004ac8bf00e34f5000040036002024800000
:101b94004300de0061406000320037002e409000b8
:101ba4000004e0001d0032008824a9008804a80075
:101bb4002e0007000040eb00004f780009003700ba
:101bc400000420000024880000000000012480009c
:101bd40000042000008060000000e000fbff3200f1
:101be4001e4fe8001e407800e44f5000f4ff36001a
:101bf4000040eb001047980020248000680060003b
:101c04000000e0000200320010c0b300104798004a
:101c1400230007001e40900012003700402480007b
:101c2400610060000000e00002003a0000c0eb0028
:101c34000c00370040248000620060000000e000d7
:101c440002003a00e0cfb300060037004ac8bf00e4
:101c5400e34f500002003e00d0cfb3000100370034
:101c6400c0cfb3000080fa00000006000000fa00b4
:101c74006e68ef001000fc00f104800000042000f6
:101c8400008060000000e0000200320010c0b300d9
:101c94006ee8b7009ec0a9000080fa0000000600ac
:101ca4000000fa006ec8bf000004e000010032002a
:101cb4009ec0a8000080fa00000006000400fa009c
:101cc4001e00fc0011028000000e20000080600055
:101cd4003043880011028000000e200001007000d3
:101ce4001002880040092000100798000000eb0053
:101cf400000f78000e0037001e009000900078005e
:101d04001e00780000014000009b200000004100fc
:101d1400010878001e0090008000eb0001087800a4
:101d24001e0090000080e800100798001e0fe800d5
:101d34001e007800e50f5000efff3600602480009d
:101d4400404388008c24ef00102480005043880016
:101d54008224ef00700680004800de0067406000c7
:101d64000080fb00604388000001200000248800fc
:101d740000022000502488008ec0a9008284a8009c
:101d840071068000f08f2f000080600000a0a0008a
:101d9400700688009ec0a8000080fa0000000600bb
:101da4000400fa0040092000100798000000eb002e
:101db400000f78000b0037001e0078008000400000
:101dc400009b200000804000900078001e009000de
:101dd400010878001e0090000080e80010079800b9
:101de4001e0fe8001e007800e50f5000f2ff3600d9
:101df4004043800060248800504380001024880001
:101e04006043800000407800674060000080fb0071
:101e1400670060004800dd0072068000f18f2f002b
:101e240081006100010070007006880011028000ca
:101e3400f0f12f00808060003043800001007000ca
:101e44003043880030438000100288000080fa008c
:101e5400000006000800fa00889fbe008a9fbe00aa
:101e64008c1f780020079800310798002e019000fd
:101e7400be019000028fbe002e059000be059000aa
:101e840050552500515525000a0678000b057800a9
:101e940080057800810078000b00660081006500f1
:101ea40081047800000478000800be002007980030
:101eb400310798001e04be002e009000be00900062
:101ec400001f6c0001976c002e049000be0490006b
:101ed4004248dd00ce40de00810070004240dd005b
:101ee40020079800310798002e009000be00900053
:101ef4003e017000ae8170000200be002007980011
:101f0400310798002e019000be019000028fbe00a0
:101f14002e049000be0490006066260061662600d0
:101f240008057800090478008004780081007800ae
:101f340009006500810064008103780000037800d3
:101f44000600be0020079800310798001e03be005b
:101f54002e009000be009000001f6b0001976b00e4
:101f64002e039000be0390004438dd00cc30de0028
:101f7400810070004430dd0020079800310798008c
:101f84002e009000be0090003e017000ae817000f3
:101f94000200be0020079800310798002e0190002f
:101fa400be019000028fbe002e039000be0390007d
:101fb40080872700818727000604780007037800bc
:101fc40080037800810078000700640081006300ca
:101fd40081027800000278000400be002007980007
:101fe400310798001e02be002e009000be00900033
:101ff400001f6a0001976a002e029000be02900042
:102004004828dd00c820de00810070004820dd0083
:1020140020079800310798002e009000be00900021
:102024003e017000ae8170000200be0020079800df
:10203400310798002e019000be019000028fbe006f
:102044002e029000be02900000f8270001f827003d
:10205400040378000502780080027800810078008b
:1020640005006300810062008101780000017800ae
:102074000200be0020079800310798001e01be0030
:102084002e009000be009000001f690001976900b7
:102094002e009000be009000c000dd000000200073
:1020a40020079800310798002e009000be00900091
:1020b4003e017000ae8170000200be00200798004f
:1020c400310798002e009000be009000c109dd0089
:1020d4004f00de0000807100cf08de00200798006a
:1020e400310798002e0090004f0678004f05be007f
:1020f4004f04be000080fa00000006000600fa004b
:1021040010079800210798000000eb00000f7800ea
:102114001e009000e20f500003003200e30f500055
:10212400170032002c003700c522a900000a200045
:10213400010020002e0707002e0090004200dd0061
:1021440020079800ae009000c0ff200000806000cf
:1021540020079800ae0090000000290001007000e4
:10216400200798002e0090000d030700000a2000ad
:10217400010020001e070700c522a800190037002f
:10218400c522a900000a200001002000180707004a
:102194002e0090004200dd0020079800ae00900061
:1021a400c0ff20000080600020079800ae0090006f
:1021b40000002a0001007000200798002e00900003
:1021c400f7020700000a20000100200008070700aa
:1021d400c522a800030037000080eb00000f780040
:1021e400000000001e0078000080fa0000000600d5
:1021f4000000fa0060c02100d00c8800f00120002b
:10220400e00c880000e82300f00c8800a021ef0017
:10221400a221ef00d00c80000040780067406000ed
:102224000080fb00704488000080fa000000060073
:102234000000fa000080fa00000006000000fa0026
:102244002104800000042000008060000000e00001
:1022540002003200f6ff070084c0a9000080fa00e3
:10226400000006000000fa0070448000004078007e
:10227400674060000080fb0067006000d20c8000b3
:1022840081ff2f008100610001007000d00c8800e4
:102294000080fa00000006000000fa00d10c800063
:1022a40080ff2f0000806000d00c88000080fa00be
:1022b400000006000200fa00000f78009e0078007b
:1022c400010d88000080fa00000006000400fa00f6
:1022d400000f7800110798009e007800010d880017
:1022e4009e009000f10c88000080fa0000000600b7
:1022f4000400fa00000f7800110798009e0078008f
:10230400010d88009e009000f10c88000080fa0006
:10231400000006000400fa00000f7800110798007e
:102324009e007800010d88009e009000f10c88004a
:102334000080fa00000006000200fa00000f780096
:102344009e007800f10c88000080fa00000006006e
:102354000200fa00000f78009e007800010d88004a
:102364000080fa00000006000000fa00200480004b
:102374004600de00614060000080fb0000f0a70022
:102384000000ea000000ea004f00de000040780090
:102394000080fa00000006000400fa00100798000c
:1023a4001e009000e10f50000f003200e10f5000ba
:1023b40003003900e20f5000150032001e00370000
:1023c400d00c80004400de00614060000080fb000f
:1023d40000f0a7000000ea000000ea004f00de0061
:1023e400004f780014003700d00c80004500de0058
:1023f400614060000080fb0000f0a7000000ea00dc
:102404000000ea004f00de00004f78000a003700a9
:10241400d00c80004600de00614060000080fb00bc
:1024240000f0a7000000ea000000ea004f00de0010
:10243400004f7800000000001e4078000080fa0081
:10244400000006000200fa00000f78001e00780069
:10245400e10f500007003200e10f50000300390083
:10246400e20f500005003200060037009a81a900ef
:10247400040037009aa1a900020037009ac1a900fc
:10248400000000000080fa00000006000000fa00ce
:102494009cc1a8000080fa00000006000000fa00b9
:1024a400e00c80004600de00614060000080fb001c
:1024b40000f0a7000000ea000000ea004f00de0080
:1024c400004078000080fa00000006000000fa00d6
:1024d4009cc1a9000080fa00000006000000fa0078
:1024e40060c02100200d8800f0012000300d88001c
:1024f40000e82300400d8800aa21ef00ac21ef0082
:10250400200d800000407800674060000080fb00e0
:10251400804488000080fa00000006000000fa00f1
:102524000080fa00000006000000fa003104800078
:1025340000202000008060000000e0000200320063
:10254400f6ff07008720a9000080fa0000000600bb
:102554000000fa008044800000407800674060007a
:102564000080fb0067006000220d800081ff2f00c7
:102574008100610001007000200d88000080fa00d5
:10258400000006000000fa00210d800080ff2f00eb
:1025940000806000200d88000080fa000000060022
:1025a4000200fa00000f78009e007800510d8800a8
:1025b4000080fa00000006000400fa00000f780012
:1025c400110798009e007800510d88009e0090002d
:1025d400410d88000080fa00000006000400fa00a3
:1025e400000f7800110798009e007800510d8800b4
:1025f4009e009000410d88000080fa000000060053
:102604000400fa00000f7800110798009e0078007b
:10261400510d88009e009000410d88000080fa0052
:10262400000006000200fa00000f78009e00780007
:10263400410d88000080fa00000006000200fa0044
:10264400000f78009e007800510d88000080fa0089
:10265400000006000000fa00300480004900de009b
:10266400614060000080fb0000f0a7000000ea0069
:102674000000ea004f00de00004078000080fa000d
:10268400000006000400fa00100798001e009000e5
:10269400e10f50000f003200e10f50000300390039
:1026a400e20f5000150032001e003700200d80009c
:1026b4004400de00614060000080fb0000f0a700e1
:1026c4000000ea000000ea004f00de00004f78003e
:1026d40014003700200d80004500de0061406000da
:1026e4000080fb0000f0a7000000ea000000ea0000
:1026f4004f00de00004f78000a003700200d8000f4
:102704004600de00614060000080fb0000f0a7008e
:102714000000ea000000ea004f00de00004f7800ed
:10272400000000001e4078000080fa00000006004f
:102734000200fa00000f78001e007800e10f50003c
:1027440007003200e10f500003003900e20f50008f
:102754000500320006003700a481a90004003700f8
:10276400a4a1a90002003700a4c1a9000000000030
:102774000080fa00000006000000fa00a6c1a800cc
:102784000080fa00000006000000fa00300d80000e
:102794004600de00614060000080fb0000f0a700fe
:1027a4000000ea000000ea004f00de00004078006c
:1027b4000080fa00000006000000fa00a6c1a9008b
:1027c4000080fa00000006000000fa0060c021004a
:1027d400800c8800f0012000900c880000e82300a1
:1027e400a00c88009621ef009821ef00800c800057
:1027f40000407800674060000080fb00604488006f
:102804000080fa00000006000000fa000080fa00d0
:10281400000006000000fa0020048000640060004c
:102824000000e00002003200f7ff07008440a90026
:102834000080fa00000006000000fa0060448000f6
:1028440000407800674060000080fb006700600083
:10285400820c800081ff2f00810061000100700064
:10286400800c88000080fa00000006000000fa00d6
:10287400810c800080ff2f0000806000800c8800a5
:102884000080fa00000006000200fa00000f780041
:102894009e007800b10c88000080fa000000060059
:1028a4000400fa00000f7800110798009e007800d9
:1028b400b10c88009e009000a10c88000080fa00f2
:1028c400000006000400fa00000f780011079800c9
:1028d4009e007800b10c88009e009000a10c880036
:1028e4000080fa00000006000400fa00000f7800df
:1028f400110798009e007800b10c88009e0090009b
:10290400a10c88000080fa00000006000200fa0012
:10291400000f78009e007800a10c88000080fa0067
:10292400000006000200fa00000f78009e00780004
:10293400b10c88000080fa00000006000000fa00d4
:10294400200480004200de00614060000080fb0043
:1029540000f0a7000000ea000000ea004f00de00db
:10296400004078000080fa00000006000400fa002d
:10297400100798001e009000e10f50000f00320075
:10298400e10f500003003900e20f5000150032003f
:102994001e003700800c80004400de0061406000af
:1029a4000080fb0000f0a7000000ea000000ea003d
:1029b4004f00de00004f780014003700800c8000c8
:1029c4004500de00614060000080fb0000f0a700cd
:1029d4000000ea000000ea004f00de00004f78002b
:1029e4000a003700800c80004600de006140600071
:1029f4000080fb0000f0a7000000ea000000ea00ed
:102a04004f00de00004f7800000000001e407800f8
:102a14000080fa00000006000200fa00000f7800af
:102a24001e007800e10f500007003200e10f500053
:102a340003003900e20f50000500320006003700a1
:102a44009081a9000400370090a1a900020037007a
:102a540090c1a900000000000080fa0000000600f8
:102a64000000fa0092c1a8000080fa0000000600ed
:102a74000000fa00900c80004600de006140600017
:102a84000080fb0000f0a7000000ea000000ea005c
:102a94004f00de00004078000080fa0000000600cd
:102aa4000000fa0092c1a9000080fa0000000600ac
:102ab4000000fa00c482a900d502a900c542a900f9
:102ac400c4e2a900cc82a900d482a800d4a2a800a0
:102ad400d4c2a800d462a800c502a900c522a800d7
:102ae4000080fa00000006000000fa00d482a90069
:102af4000064200001002000bd040700d4a2a90046
:102b04000064200001002000b9040700d4c2a90019
:102b140000402d0001032000b5040700c4e2a80012
:102b240000e8230001002000b1040700d462a900da
:102b340000d0270001002000ad040700cc82a800cb
:102b4400c482a800d502a800c542a80000802900bc
:102b5400a1032000a60407000080fa00000006007c
:102b64000000fa00c502a900c482a900d502a90088
:102b7400c542a900cc82a900d462a800c4e2a9007d
:102b840000a026008101200099040700d4c2a800f7
:102b9400d4a2a800d482a8000080fa000000060095
:102ba4000000fa00cc82a800007027001100200069
:102bb4008f040700cc82a90000d027000100200068
:102bc4008b040700cc82a8000070270011002000ad
:102bd400870407000080fa00000006000000fa00e5
:102be400cc82a800001027002100200080040700e8
:102bf400cc82a90000302500710020007c0407006d
:102c0400cc82a80000f029004102200078040700cb
:102c14000080fa00000006000000fa00c4e2a800e8
:102c240000d027000100200071040700c4e2a900bd
:102c3400001e2000010020006d040700c4e2a8006b
:102c440000d0270001002000690407000080fa007a
:102c5400000006000000fa00c1ff070005e1a9001a
:102c640011e1a90013e1a9001fe1a90021e1a900d4
:102c74009404a9009420ef009620ef009820ef0020
:102c84008420ef008620ef008820ef000600fc007f
:102c940012028000020eb300120288000040fe00ff
:102ca400feff37000200fa00000f78001e007800d3
:102cb400e10f50000e003200e10f500003003c0011
:102cc4000000e000060032000f003700e20f500061
:102cd40009003200e30f5000090032000a003700f7
:102ce400c482a900d502a900c542a9000600370084
:102cf400c482a90004003700d502a90002003700ed
:102d0400c542a90000000000001027002100200097
:102d1400370407001e007800e10f50000e00320057
:102d2400e10f500003003c000000e0000600320008
:102d34000f003700e20f500009003200e30f50008b
:102d4400090032000a003700c482a800d502a80096
:102d5400c542a80006003700c482a800040037005a
:102d6400d502a80002003700c542a80000000000f8
:102d740000202e00410020001d0407000080fa00fe
:102d8400000006000000fa00d2e2a900d322a90044
:102d9400d0e2a900d122a9000080fa0000000600b8
:102da4000400fa00100798000040eb00004f780080
:102db40010003700d2e2a9001e0090004f00de0090
:102dc400004078000080fb00610060004900dd00e5
:102dd400911680000190a1000100700090168800f7
:102de400d2e2a8001e0090000000400010079800e6
:102df4001e4fe8001e407800ef4f5000edff3600f4
:102e04000080fa00000006000400fa00000f7800b9
:102e140011079800000000000012800062006000aa
:102e24000000e000fcff3a001e007800104078002b
:102e34000080fb00401288000000000001128000a6
:102e440000022000008060000000e000fbff3a0068
:102e540040128000804078001e00900001487800f5
:102e64000080fa00000006001800fa00100f980015
:102e7400210f9800320f98000000eb00000f78003b
:102e84000000eb00100798000000eb0070079800aa
:102e94000000eb00000f980010002000600798006d
:102ea4001e0890000000e00005003a000000eb005e
:102eb400500798007000470020079800040037006e
:102ec400ee009000510798009e089000210798009a
:102ed4003e0890000000e00005003a000000eb000e
:102ee400400798006e00470030079800050037003f
:102ef400ee00900041079800be089000310798004a
:102f04000000000000128000620060000000e00089
:102f1400fcff3a001d0037000012800062006000d0
:102f24000000e00009003a002e00900010407800f4
:102f34000080fb0040128800ae0090005e0090000c
:102f440000804000200798001e0fe8000112800056
:102f540000022000008060000000e0000b003a0046
:102f640040128000804078003e00900001487800c4
:102f7400be0090004e009000008040003007980092
:102f84001e0090000000e800100798002e08900032
:102f94009e007800808f5000dfff3900100037005a
:102fa4000112800000022000008060000000e000a8
:102fb4000b003a0040128000804078003e009000f0
:102fc40001487800be0090004e0090000080400050
:102fd400300798001e0090000000e80010079800d9
:102fe4009e0090002e089000808f5000ecff390066
:102ff4001e0078000080fa00000006000400fa00b9
:10300400204798000e80e8008e0078007eff0700bd
:103014001e4078000080fa00000006000600fa0056
:10302400000f780011079800220798002e019000e5
:103034009e0090001e0078008bff07000080fa00bd
:10304400000006000000fa00001280000080fa0070
:10305400000006000000fa00400e2000001988005d
:10306400c00320001019880090d020002019880087
:103074002823ef00c0ff2f00601988003023ef00e1
:103084000080fa00000006000000fa0021e3a80016
:103094000080fa00000006000000fa0021e3a90005
:1030a4000080fa00000006000600fa0020079800dd
:1030b40000302000100798000000eb00000f78009b
:1030c4000b0037001e00780000004000ae009000a6
:1030d400008040009e009000910078000108780074
:1030e4001e0090000080e800100798001e0fe80002
:1030f40086c8bf000080fb009e0f5000f1ff3d001a
:103104001e0078000080fa00000006000000fa00ab
:10311400001880000080fa00000006000000fa0099
:103124000019800000407800614060000080fb00ce
:1031340000f0a7000000ea000000ea004f00de00f3
:10314400004078000080fa00000006000200fa0047
:10315400000f78009e007800411988000080fa0072
:10316400000006000000fa000080fa0000000600db
:103174000000fa00210480000000220000806000aa
:103184000000e00002003200f6ff070085a0a9005d
:103194000080fa00000006000000fa0000000000b1
:1031a4002104800000002200008060000000e00094
:1031b400fbff320085a0a900001880000080fa00ff
:1031c400000006000400fa0010002000dfff0700e2
:1031d400adff07000000eb00000f7800010037008e
:1031e4001e0fe800703e20009e007800808f500083
:1031f400fbff3400e8ff070010079800a6ff070054
:103204009e009000f03f20000080600010079800ae
:103214001e0090000080fa00000006000400fa007e
:103224000000eb00c9ff070097ff07000000eb0058
:10323400000f7800010037001e0fe800703e2000e8
:103244009e007800808f5000fbff3400d2ff0700ff
:103254001007980090ff07009e009000f03f2000a8
:1032640000806000100798001e0090000080fa00a3
:10327400000006000400fa000e80e80013c0b3004a
:10328400000178008040eb00300520008ef5070037
:10329400000f78002e409000fb4f400029003a00b8
:1032a4000040eb00204798000e80e80013c0b300f4
:1032b4000001780011c3b30030052000e6f50700d3
:1032c400000f78001e0078000000e00002003200c9
:1032d4001e0078001e003700a0c0b30020479800ed
:1032e4000e80e80013c0b30000017800c1c2b3002f
:1032f40030052000d8f50700000f78001e00780084
:103304000000e000020032001e00780010003700c8
:1033140080c0b300204798000e80e80013c0b300bb
:1033240000017800d1c2b30030052000caf50700bf
:10333400000f780000d0270001002000ac02070035
:10334400020037000080eb00000f78001e007800b8
:103354000080fa00000006000e00fa004007980002
:1033640051079800620798000e80e80063c0b3001c
:103374000001780021c3b3003005200052f5070096
:10338400000f78009e0090004e0090000108780025
:10339400ae0090005e00900001087800be0090002e
:1033a4006e009000010878001e0078000080fa008a
:1033b400000006000000fa00003025007100200023
:1033c4008b0207000080fa00000006000800fa00e3
:1033d400300798006400470023c0b3000001780060
:1033e4008040eb009004200037f50700000f7800c0
:1033f4004e4090000004e00015003d004e40900057
:1034040000c0ea00404798005e40900000c0ea0017
:10341400504798004e4090000080fb00c800dd003b
:103424005e4090000080fb000100700010079800cf
:103434001e0090004400de00100798001e0090005b
:103444008080ea003e009000010878000c003700fc
:103454004e4090000080fb00c800dd005e409000fc
:103464000080fb0001007000100798001e0090000f
:103474004400de00800078003e00900001087800df
:103484001e0078000080fa00000006000000fa0028
:10349400d0962000104078007f406000e14f50003b
:1034a40061003a0010972000104078000004e0000a
:1034b4005f003a00e096200010407800e64f50008c
:1034c40022003a0000972000104078000080fb00a2
:1034d40021022000810f500011003200310220002f
:1034e400810f50001600320011022000810f50009d
:1034f40016003a0028c8bf00e14f500012003a00fd
:10350400c0542a00e04a880090002000004b880044
:10351400e095200001ccb300014878000b0037008f
:10352400a05c2a00e04a8800d0012000004b8800fb
:10353400e095200001ccb300014878000300370077
:10354400000000000100370000000000d0962000b9
:103554001040780002c6b3008240600000c2b3008d
:1035640080cf500034003a00e096200010407800ec
:103574000080fb00e30f50001b003200e30f5000fb
:1035840005003c00e10f50002d003200e20f500016
:10359400060032002b003700ea0f50000b00320007
:1035a400eb0f50001800320026003700408820003e
:1035b400e04a880010002000004b8800e0952000bd
:1035c40011ccb300014878001e003700e0952000bc
:1035d40001c8b3000148780000972000104078002b
:1035e40084e8b7001700370050882000e04a8800bc
:1035f40010002000004b8800e095200011c8b300a3
:10360400014878000f003700e095200001c8b3009e
:1036140001487800f09620001040780085e8b70053
:10362400000000000700370000000000050037001c
:103634000000000003003700000000000100370014
:10364400000000000080fa00000006000000fa00fc
:103654001821ef00f0e12400e008880000012800b0
:1036640000098800b04380000000e00002003a0036
:1036740000b82900330007008780a9009780a800bc
:10368400c09b20008040eb00014878000080fa00d5
:10369400000006000200fa00000f78009e00780087
:1036a400e1088800c09b20008040eb0001487800be
:1036b4000080fa00000006000000fa00e008800024
:1036c4000080fa00000006000200fa00000f7800f3
:1036d4009e007800c1088800c09b20008040eb0059
:1036e400014878000080fa00000006000000fa009b
:1036f400c00880000080fa00000006000000fa0004
:1037040070c8bf000040e80070e8b70071c8bf008f
:103714000040e80071e8b70072c8bf000040e8004c
:1037240072e8b70073c8bf000040e80073e8b70050
:1037340074c8bf000040e80074e8b7000080fa00d5
:10374400000006000200fa00000f78009780a9002c
:103754009e007800b14388009780a8000080fa009a
:10376400000006000000fa00c09b20008040eb002f
:10377400014878009780a80021e1a8000080fa00a1
:10378400000006000000fa0021e1a9009780a900ca
:103794000080fa00000006000200fa00c09b20002e
:1037a400104f78001e4078000004e000030032004f
:1037b400c09b20008040eb00014878001e40780048
:1037c4000080fa00000006000000fa00d09b2000f0
:1037d400104078000080fb000080fa000000060022
:1037e4000000fa00d09b20008040eb0001487800e4
:1037f4000080fa00000006000000fa000621ef0035
:10380400f0e72300600888001021ef009044800056
:103814000000e00002003a0040c529002c00070027
:1038240084e0a90094e0a800e09b20008040eb0025
:10383400014878000080fa00000006000200fa0047
:10384400000f78009e00780061088800e09b20004b
:103854008040eb00014878000080fa000000060078
:103864000000fa00600880000080fa0000000600f2
:103874000200fa00000f78009e00780031088800ea
:10388400e09b20008040eb00014878000080fa00b3
:10389400000006000000fa00300880000080fa00f2
:1038a400000006000000fa001900070090168000ce
:1038b400640060000000e00002003a00e5fc07003c
:1038c400010037009680a8000080fa00000006007e
:1038d4000200fa00000f780094e0a9009e0078002e
:1038e4009144880094e0a8000080fa0000000600db
:1038f4000000fa00e09b20008040eb0001487800c3
:1039040094e0a80011e1a8000080fa00000006007d
:103914000000fa0011e1a90094e0a9000080fa0077
:10392400000006000200fa00e09b2000104f78001f
:103934001e4078000004e00003003200e09b2000f9
:103944008040eb00014878001e4078000080fa00b7
:10395400000006000000fa00f09b200010407800f0
:103964000080fb000080fa00000006000000fa005e
:10397400f09b20008040eb00014878000080fa00b2
:043984000000060039
:020000040000fa
:020000040001f9
:103988005c0900002200000000000000260800007a
:103998002600000000000000000a000020000000cf
:1039a8000000000084080000020000000000000081
:1039b800b00900000c0000000000000066080000cc
:1039c8000a00000000000000860800000200000055
:1039d800000000008808000002000000000000004d
:1039e8007e09000020000000000000008a08000096
:1039f8000200000002000000ffff0000bc090000f8
:103a0800020000000000000070080000080000002c
:103a1800000000007808000004000000000000001a
:103a28007c08000004000000000000009e0900005f
:103a380012000000000000008008000004000000e0
:103a4800000000008c0800000200000000000000d8
:103a58008e0800000200000000000000900800002e
:103a68000200000000000000be0900000200000083
:103a780000000000920800000200000000000000a2
:103a880094080000a0000000000000004c0800009e
:103a98001a0000000000000034090000280000009f
:103aa80000000000000800002600000000000000e0
:043ab800000000000a
:020000040000fa
:020000040001f9
:103abc000000fa00c422ef00cc22ef0080072000a7
:103acc00a01688007000200000168800f0fa2c0068
:103adc004016880040002000801688006820ef0007
:103aec006a20ef00c622ef00ce22ef00100020006b
:103afc00b0168800c0ff210060198800113a8000c0
:103b0c00f00b200000816000600420007105200093
:103b1c00237420008049780081497800824978001c
:103b2c0001348000f00f2e00808060000020210006
:103b3c000100700000348800b1368000f00f2e00b8
:103b4c000080600000b0a000b036880061368000b4
:103b5c00f00f2e00808060000040210001007000fa
:103b6c006036880081368000f00f2e008080600067
:103b7c000030210001007000803688008136800002
:103b8c0000fe2f00008060002001b300803688000a
:103b9c00c1368000f00f2e00808060000070200085
:103bac0001007000c0368800103a800000017800d7
:103bbc000260a00060042000710520002374200026
:103bcc008049780081497800824978000080fa00a9
:103bdc00000006000600fa00000f7800110798009c
:103bec00220798001e00780021072000810f50004a
:103bfc002000320021072000810f50000a003c00f9
:103c0c00e20f50001d003200e20f500003003c0098
:103c1c00e10f5000130032001d003700e30f50007d
:103c2c00120032001a00370041072000810f5000ab
:103c3c000900320041072000810f500011003500af
:103c4c0051072000810f500010003a001000200096
:103c5c00730007000e0037002000200070000700e2
:103c6c000b00370079eb07000900370005fe070051
:103c7c0007003700000000000500370000000000be
:103c8c0003003700000000000100370000000000b6
:103c9c0010c0b3000080fa00000006000000fa001b
:103cac0071068000f08f2f00008060000080a00063
:103cbc00700688002105800080ff2f0000806000c6
:103ccc000000a000200588007105800080ff2f00f7
:103cdc00008060000000a000700588006105800075
:103cec00f0f82f00008060000040a0006005880004
:103cfc00e1058000f08f2f00008060000080a000a4
:103d0c00e00588009105800080ff2f000080600096
:103d1c000000a0009005880031058000f0ff28000d
:103d2c000080600000c0a000300588000080fa0010
:103d3c00000006000000fa0000122300203a880060
:103d4c004827ef004e27ef007027ef007227ef0097
:103d5c007427ef007627ef00320020008007200048
:103d6c00a109200033742000804978008149780033
:103d7c00824978000001eb006004200071052000ee
:103d8c0023742000804978008149780082497800aa
:103d9c000080fa00000006000000fa00100020006d
:103dac00404488000080fa00000006000000fa0081
:103dbc009680a900ccfe07000080fa0000000600e7
:103dcc000000fa008828ef008400a9008200a900f6
:103ddc009400a8008680a9008220a8009680a800e4
:083dec000080fa00000006004f
:020000040000fa
:020000040001f9
:103df400f03fb1000180b10006003500ee03090078
:103e040000000000403fb1000180b100fbff3d0015
:103e14001000b000203fb00002003500008009000f
:083e2400000000000000060090
:020000040000fa
:020000040001f9
:103e2c000200fa00000f78001e007800e10f50002d
:103e3c0004003a0010c0b30020e8b700c502a90086
:103e4c0001003700000000000080fa0000000600ae
:103e5c00000f78009e00780051448800ffff370067
:103e6c000000fa00e097200080077800609920009d
:103e7c00000188000080fa00000006000000fa0033
:0c3e8c00acff07000080fa0000000600f8
:020000040000fa
:020000040001f9
:0457f000ffff0000b7
:020000040000fa
:020000040001f9
:0457f400fffc0000b6
:020000040000fa
:020000040001f9
:0457f800bd9b000055
:020000040000fa
:020000040001f9
:0457fc007f3f0000eb
:00000001FF
